IQ-TREE multicore version 2.4.0 for Linux x86 64-bit built Feb 12 2025
Developed by Bui Quang Minh, Nguyen Lam Tung, Olga Chernomor, Heiko Schmidt,
Dominik Schrempf, Michael Woodhams, Ly Trong Nhan, Thomas Wong

Host:    isca142.mskcc.org (AVX512, FMA3, 1007 GB RAM)
Command: iqtree2 -s ../trimmed_orf1_cdhit_rep_anelloviridae_061725_orfs.msafaa -st AA -m BLOSUM62+F+G4 -bb 1000 -alrt 1000 -nt AUTO
Seed:    937108 (Using SPRNG - Scalable Parallel Random Number Generator)
Time:    Sun Sep 21 21:21:20 2025
Kernel:  AVX+FMA - auto-detect threads (26 CPU cores detected)

Reading alignment file ../trimmed_orf1_cdhit_rep_anelloviridae_061725_orfs.msafaa ... Fasta format detected
Reading fasta file: done in 0.054529 secs using 98.55% CPU
Alignment most likely contains protein sequences
Alignment has 2018 sequences with 2299 columns, 2039 distinct patterns
1448 parsimony-informative, 249 singleton sites, 602 constant sites
               Gap/Ambiguity  Composition  p-value
Analyzing sequences: done in 0.00952345 secs using 1849% CPU
   1  MZ286050.1_1    70.99%    passed     19.10%
   2  MZ286052.1_1    71.38%    passed     93.44%
   3  MZ286053.1_1    72.03%    passed     71.16%
   4  MZ286055.1_1    70.99%    passed     29.45%
   5  MZ286056.1_1    66.38%    passed      6.91%
   6  MZ286057.1_1    66.86%    failed      1.02%
   7  MZ286058.1_1    72.34%    passed     88.27%
   8  MZ286060.1_1    67.12%    passed     18.55%
   9  MZ286061.1_1    68.03%    failed      0.61%
  10  MZ286062.1_1    68.42%    failed      0.16%
  11  MZ286063.1_1    65.99%    failed      0.45%
  12  MZ286064.1_1    67.46%    failed      0.10%
  13  MZ286065.1_1    71.60%    passed     96.98%
  14  MZ286067.1_1    70.86%    passed     97.02%
  15  MZ286068.1_1    71.12%    passed     52.02%
  16  MZ286069.1_1    71.38%    passed     95.13%
  17  MZ286070.1_1    66.68%    failed      1.97%
  18  MZ286071.1_1    71.86%    passed     52.78%
  19  MZ286072.1_1    70.94%    passed     77.65%
  20  MZ286074.1_1    66.59%    passed     27.58%
  21  MZ286076.1_1    66.99%    failed      0.10%
  22  MZ286081.1_1    70.81%    passed     61.39%
  23  MZ286082.1_1    71.34%    passed     51.86%
  24  MZ286083.1_1    70.86%    passed     99.82%
  25  MZ286084.1_1    70.94%    passed     31.29%
  26  MZ286085.1_1    79.08%    failed      4.73%
  27  MZ286086.1_1    66.42%    failed      3.12%
  28  MZ286087.1_1    71.29%    passed     65.35%
  29  MZ286088.1_1    71.34%    passed     68.55%
  30  MZ286089.1_1    70.86%    passed     80.93%
  31  MZ286090.1_1    71.03%    passed     34.36%
  32  MZ286091.1_1    71.20%    passed     67.60%
  33  MZ286092.1_1    72.99%    failed      0.35%
  34  MZ286093.1_1    71.29%    passed     17.16%
  35  MZ286094.1_1    68.16%    failed      0.05%
  36  MZ286095.1_1    71.16%    passed     35.10%
  37  MZ286096.1_1    71.25%    passed     35.62%
  38  MZ286097.1_1    66.07%    failed      0.00%
  39  MZ286098.1_1    71.99%    passed     14.07%
  40  MZ286099.1_1    66.64%    failed      0.05%
  41  MZ286100.1_1    67.25%    failed      0.35%
  42  MZ286101.1_1    67.64%    passed     26.09%
  43  MZ286102.1_1    65.68%    failed      0.02%
  44  MZ286105.1_1    66.59%    failed      0.04%
  45  MZ286106.1_1    68.03%    failed      2.22%
  46  MZ286107.1_1    68.20%    failed      0.01%
  47  MZ286109.1_1    71.99%    passed     17.90%
  48  MZ286110.1_1    68.68%    failed      0.50%
  49  MZ286111.1_1    70.99%    passed     93.51%
  50  MZ286112.1_1    71.07%    passed     51.81%
  51  MZ286113.1_1    67.51%    failed      0.09%
  52  MZ286114.1_1    65.99%    failed      0.01%
  53  MZ286115.1_1    67.12%    failed      0.38%
  54  MZ286116.1_1    71.55%    passed     65.47%
  55  MZ286117.1_1    70.99%    passed     76.45%
  56  MZ286118.1_1    66.07%    failed      0.05%
  57  MZ286122.1_1    71.99%    passed     25.35%
  58  MZ286124.1_1    67.33%    passed     47.17%
  59  MZ286127.1_1    71.51%    passed     89.56%
  60  MZ286128.1_1    65.81%    failed      0.14%
  61  MZ286130.1_1    67.38%    failed      0.65%
  62  MZ286133.1_1    70.47%    passed     58.93%
  63  MZ286134.1_1    70.77%    passed     99.74%
  64  MZ286136.1_1    70.81%    passed     41.73%
  65  MZ286137.1_1    70.99%    passed     28.50%
  66  MZ286138.1_1    71.12%    passed     70.45%
  67  MZ286140.1_1    67.86%    failed      0.39%
  68  MZ286141.1_1    68.12%    failed      0.01%
  69  MZ286142.1_1    67.64%    passed      9.65%
  70  MZ286143.1_1    74.34%    passed     23.30%
  71  MZ286144.1_1    66.86%    failed      0.55%
  72  MZ286147.1_1    71.20%    passed     93.90%
  73  MZ286148.1_1    72.07%    passed      8.78%
  74  MZ286149.1_1    71.34%    passed     68.38%
  75  MZ286150.1_1    71.25%    passed     86.83%
  76  MZ286151.1_1    67.86%    failed      0.09%
  77  MZ286152.1_1    67.12%    failed      0.09%
  78  MZ286153.1_1    71.38%    passed     54.50%
  79  MZ286154.1_1    71.20%    passed     77.82%
  80  MZ286156.1_1    67.86%    failed      0.09%
  81  MZ286157.1_1    66.94%    passed      8.43%
  82  MZ286158.1_1    68.12%    failed      0.00%
  83  MZ286159.1_1    70.99%    passed     32.97%
  84  MZ286160.1_1    66.64%    failed      1.57%
  85  MZ286161.1_1    66.38%    passed      5.21%
  86  MZ286163.1_1    71.16%    passed     48.50%
  87  MZ286164.1_1    71.16%    passed     84.79%
  88  MZ286165.1_1    70.77%    passed     85.64%
  89  MZ286168.1_1    67.12%    failed      0.42%
  90  MZ286170.1_1    67.73%    passed     10.40%
  91  MZ286171.1_1    70.51%    passed     85.84%
  92  MZ286172.1_1    71.20%    passed     96.96%
  93  MZ286173.1_1    70.81%    passed     78.65%
  94  MZ286175.1_1    70.86%    passed     92.77%
  95  MZ286176.1_1    71.51%    passed     60.53%
  96  MZ286177.1_1    71.25%    passed     76.04%
  97  MZ286180.1_1    72.21%    passed     65.05%
  98  MZ286181.1_1    67.77%    passed     32.87%
  99  MZ286182.1_1    66.07%    failed      0.00%
 100  MZ286183.1_1    71.25%    passed      7.33%
 101  MZ286184.1_1    67.29%    failed      0.23%
 102  MZ286185.1_1    71.81%    passed     40.04%
 103  MZ286186.1_1    71.94%    passed     28.81%
 104  MZ286187.1_1    70.42%    passed     63.03%
 105  MZ286188.1_1    67.86%    failed      0.03%
 106  MZ286190.1_1    71.60%    passed     92.09%
 107  MZ286191.1_1    71.03%    passed     39.82%
 108  MZ286192.1_1    71.16%    passed     40.16%
 109  MZ286193.1_1    71.94%    passed     44.47%
 110  MZ286194.1_1    70.81%    passed     90.30%
 111  MZ286195.1_1    70.86%    passed     89.55%
 112  MZ286196.1_1    71.16%    passed     96.89%
 113  MZ286197.1_1    71.12%    passed     57.89%
 114  MZ286198.1_1    71.20%    passed     90.71%
 115  MZ286199.1_1    71.51%    passed     61.46%
 116  MZ286200.1_1    72.42%    passed     86.05%
 117  MZ286201.1_1    71.29%    passed     29.37%
 118  MZ286202.1_1    70.86%    passed     91.69%
 119  MZ286203.1_1    71.20%    passed     68.47%
 120  MZ286205.1_1    67.86%    failed      0.03%
 121  MZ286206.1_1    66.94%    passed      7.79%
 122  MZ286207.1_1    71.29%    passed     99.65%
 123  MZ286209.1_1    66.55%    failed      1.70%
 124  MZ286214.1_1    71.25%    passed     98.58%
 125  MZ286215.1_1    66.12%    failed      0.00%
 126  MZ286217.1_1    71.25%    passed     20.32%
 127  MZ286218.1_1    67.12%    failed      0.12%
 128  MZ286219.1_1    71.60%    passed     96.61%
 129  MZ286220.1_1    66.72%    failed      0.00%
 130  MZ286221.1_1    66.81%    passed     11.02%
 131  MZ286222.1_1    68.03%    failed      0.07%
 132  MZ286223.1_1    70.86%    passed     91.30%
 133  MZ286224.1_1    71.42%    passed     13.38%
 134  MZ286225.1_1    72.73%    passed     89.55%
 135  MZ286226.1_1    70.94%    passed     64.16%
 136  MZ286228.1_1    71.12%    passed     14.39%
 137  MZ286229.1_1    71.34%    passed     35.07%
 138  MZ286230.1_1    71.25%    passed     75.57%
 139  MZ286231.1_1    70.51%    passed     64.86%
 140  MZ286233.1_1    70.94%    passed     23.26%
 141  MZ286234.1_1    71.51%    passed     99.81%
 142  MZ286236.1_1    71.60%    passed     96.66%
 143  MZ286237.1_1    71.51%    passed     99.88%
 144  MZ286238.1_1    71.20%    passed     86.28%
 145  MZ286239.1_1    70.99%    passed     64.03%
 146  MZ286240.1_1    71.64%    passed     70.96%
 147  MZ286241.1_1    70.94%    passed     66.95%
 148  MZ286242.1_1    70.81%    failed      4.07%
 149  MZ286243.1_1    71.60%    passed     87.62%
 150  MZ286244.1_1    71.47%    passed     99.77%
 151  MZ286245.1_1    71.86%    passed     95.03%
 152  MZ286246.1_1    70.38%    passed     25.72%
 153  MZ286247.1_1    71.38%    passed     30.36%
 154  MZ286248.1_1    70.94%    passed     79.52%
 155  MZ286249.1_1    71.12%    passed     92.65%
 156  MZ286250.1_1    71.16%    passed     30.44%
 157  MZ286252.1_1    71.20%    passed     81.63%
 158  MZ286253.1_1    70.42%    passed     98.02%
 159  MZ286254.1_1    70.73%    passed     79.83%
 160  MZ286255.1_1    71.42%    passed     92.54%
 161  MZ286256.1_1    72.07%    passed     12.74%
 162  MZ286257.1_1    72.68%    passed     37.58%
 163  MZ286258.1_1    70.64%    passed     29.07%
 164  MZ286259.1_1    71.38%    passed     42.85%
 165  MZ286260.1_1    70.55%    passed     53.60%
 166  MZ286262.1_1    71.64%    passed     97.29%
 167  MZ286263.1_1    71.42%    passed     91.86%
 168  MZ286264.1_1    71.16%    passed     54.13%
 169  MZ286265.1_1    71.47%    passed     58.76%
 170  MZ286266.1_1    71.94%    passed     32.65%
 171  MZ286267.1_1    71.34%    passed     22.72%
 172  MZ286268.1_1    71.07%    passed     65.88%
 173  MZ286269.1_1    71.60%    passed     98.20%
 174  MZ286270.1_1    71.86%    passed     89.28%
 175  MZ286271.1_1    70.64%    passed     72.68%
 176  MZ286272.1_1    71.12%    passed     81.41%
 177  MZ286273.1_1    71.38%    passed     84.49%
 178  MZ286274.1_1    71.20%    passed     83.48%
 179  MZ286275.1_1    72.68%    passed     87.66%
 180  MZ286276.1_1    71.51%    passed     99.25%
 181  MZ286277.1_1    72.07%    passed     47.59%
 182  MZ286278.1_1    70.64%    passed     88.34%
 183  MZ286279.1_1    71.16%    passed     90.31%
 184  MZ286280.1_1    71.64%    passed     78.14%
 185  MZ286281.1_1    70.68%    passed     72.10%
 186  MZ286282.1_1    70.99%    passed     39.32%
 187  MZ286284.1_1    70.64%    passed     72.79%
 188  MZ286285.1_1    70.38%    passed     59.16%
 189  MZ286286.1_1    71.16%    passed     39.02%
 190  MZ286288.1_1    70.94%    passed     35.33%
 191  MZ286289.1_1    71.20%    passed     57.23%
 192  MZ286290.1_1    71.38%    passed     87.83%
 193  MZ286291.1_1    71.07%    passed     45.24%
 194  MZ286292.1_1    71.20%    passed     85.02%
 195  MZ825126.1_1    70.86%    passed      6.39%
 196  NC_038337.1_1   82.21%    failed      0.00%
 197  NC_038345.1_1   71.73%    passed     87.21%
 198  NC_038346.1_1   71.20%    passed      7.54%
 199  NC_038350.1_1   76.82%    passed     27.85%
 200  NC_038351.1_1   71.38%    passed      6.31%
 201  NC_038359.1_1   71.12%    passed     92.13%
 202  OK574345.1_1    71.25%    passed     79.28%
 203  OK574350.1_1    71.03%    passed     35.12%
 204  OK574352.1_1    70.94%    passed     93.48%
 205  OK574362.1_1    71.20%    passed     36.49%
 206  OK574363.1_1    70.90%    passed     49.02%
 207  OK574365.1_1    71.12%    passed     47.64%
 208  OK574370.1_1    70.64%    passed     85.14%
 209  OK574371.1_1    71.42%    failed      4.93%
 210  OK574374.1_1    70.77%    passed     44.85%
 211  OK574382.1_1    71.47%    passed     60.87%
 212  OK574383.1_1    71.51%    passed     32.44%
 213  OK574387.1_1    70.51%    passed     57.13%
 214  OK574388.1_1    71.29%    passed     67.51%
 215  OK574394.1_1    70.81%    passed     68.93%
 216  OK574395.1_1    71.55%    passed     90.20%
 217  OK574402.1_1    70.73%    passed     91.55%
 218  OK574405.1_1    70.20%    passed     70.89%
 219  OK574410.1_1    71.77%    passed     86.56%
 220  OK574411.1_1    71.64%    passed     86.19%
 221  OK574412.1_1    70.42%    passed     53.29%
 222  OK574414.1_1    71.25%    passed     96.34%
 223  OK574415.1_1    71.55%    passed     92.61%
 224  OK574418.1_1    71.68%    passed     96.46%
 225  OK574421.1_1    71.77%    passed     99.45%
 226  OK574422.1_1    71.12%    passed     90.54%
 227  OK574426.1_1    70.68%    passed     88.18%
 228  OK574427.1_1    70.16%    passed     46.71%
 229  OK574428.1_1    72.21%    passed     95.80%
 230  OK574434.1_1    70.86%    passed     39.22%
 231  OK574436.1_1    71.03%    passed     73.11%
 232  OK574437.1_1    71.20%    passed     99.43%
 233  OK574439.1_1    70.99%    passed     92.55%
 234  OK574443.1_1    71.94%    passed     95.05%
 235  OP549858.1_1    71.94%    passed     37.10%
 236  OP549859.1_1    70.60%    passed     90.69%
 237  OP549860.1_1    71.12%    passed     79.48%
 238  OP985293.1_1    66.81%    failed      0.14%
 239  OP985294.1_1    66.77%    failed      0.04%
 240  OQ283124.1_1    66.81%    failed      0.31%
 241  OR148953.1_1    66.72%    failed      0.44%
 242  OR148954.1_1    70.86%    passed     73.25%
 243  OR148955.1_1    66.64%    failed      1.02%
 244  OR197588.1_1    71.25%    passed     27.84%
 245  OZ258610.1_1    70.99%    passed     87.12%
 246  OZ258612.1_1    67.38%    passed     44.71%
 247  OZ258617.1_1    65.99%    failed      0.83%
 248  OZ258620.1_1    71.81%    passed      6.66%
 249  OZ258626.1_1    71.07%    passed     34.28%
 250  OZ258632.1_1    72.12%    passed     28.56%
 251  OZ258650.1_1    71.38%    passed     60.19%
 252  OZ258652.1_1    66.72%    failed      0.06%
 253  OZ258660.1_1    68.20%    passed      7.07%
 254  OZ258664.1_1    68.03%    failed      0.61%
 255  OZ258670.1_1    73.73%    passed     17.44%
 256  OZ258672.1_1    66.12%    failed      0.00%
 257  OZ258675.1_1    66.90%    failed      0.02%
 258  OZ258684.1_1    66.94%    passed     10.89%
 259  OZ258692.1_1    66.72%    failed      0.17%
 260  OZ258693.1_1    71.81%    passed      6.38%
 261  OZ258697.1_1    70.73%    passed     61.98%
 262  OZ258698.1_1    71.12%    passed     20.03%
 263  OZ258700.1_1    67.16%    passed     11.13%
 264  OZ258705.1_1    71.03%    passed     82.55%
 265  OZ258712.1_1    72.51%    passed     99.23%
 266  OZ258713.1_1    71.64%    passed     70.00%
 267  OZ258714.1_1    71.07%    passed     89.81%
 268  OZ258715.1_1    70.81%    passed     67.45%
 269  OZ258716.1_1    70.77%    passed     98.67%
 270  OZ258719.1_1    67.07%    passed     38.94%
 271  OZ258721.1_1    70.86%    passed     99.30%
 272  OZ258723.1_1    71.16%    passed     76.23%
 273  OZ258724.1_1    71.07%    passed     87.94%
 274  OZ258725.1_1    70.94%    passed     82.79%
 275  OZ258728.1_1    75.82%    passed     56.03%
 276  OZ258729.1_1    74.42%    failed      2.00%
 277  OZ258731.1_1    75.51%    passed     97.11%
 278  OZ258737.1_1    71.86%    passed     92.29%
 279  OZ258739.1_1    70.73%    passed     88.30%
 280  OZ258741.1_1    71.51%    passed     37.55%
 281  OZ258742.1_1    67.68%    passed     18.68%
 282  OZ258747.1_1    70.86%    passed     89.45%
 283  OZ258748.1_1    81.43%    passed     63.18%
 284  OZ258750.1_1    68.03%    passed     21.70%
 285  OZ258751.1_1    70.94%    passed     34.70%
 286  OZ258753.1_1    71.81%    passed     80.59%
 287  OZ258761.1_1    77.16%    passed     14.50%
 288  OZ258764.1_1    71.20%    passed     70.87%
 289  OZ258769.1_1    70.99%    passed     17.76%
 290  OZ258770.1_1    71.12%    passed     78.67%
 291  OZ258771.1_1    74.95%    passed     33.13%
 292  OZ258775.1_1    71.03%    passed     88.37%
 293  OZ258776.1_1    71.03%    passed     35.41%
 294  OZ258777.1_1    70.94%    passed     52.81%
 295  OZ258778.1_1    70.42%    passed     79.20%
 296  OZ258785.1_1    66.55%    failed      1.25%
 297  OZ258790.1_1    81.69%    passed      5.17%
 298  OZ258793.1_1    71.07%    passed     99.61%
 299  OZ258797.1_1    70.60%    passed     73.32%
 300  OZ258798.1_1    70.77%    passed     56.47%
 301  OZ258799.1_1    67.73%    failed      0.03%
 302  OZ258803.1_1    71.64%    passed     38.91%
 303  OZ258804.1_1    73.21%    passed     98.35%
 304  OZ258807.1_1    71.03%    passed     79.33%
 305  OZ258809.1_1    70.86%    passed     80.89%
 306  OZ258816.1_1    71.20%    passed      8.34%
 307  PP374828.1_1    66.68%    failed      0.19%
 308  PP374829.1_1    67.59%    passed      6.42%
 309  PP374830.1_1    67.64%    failed      3.72%
 310  PP374831.1_1    67.38%    failed      0.23%
 311  PP374832.1_1    65.64%    failed      0.00%
 312  PP374834.1_1    67.99%    failed      0.56%
 313  PP374835.1_1    66.90%    failed      2.99%
 314  PP728776.1_1    71.16%    passed     73.22%
 315  PP728779.1_1    71.29%    passed     93.34%
 316  PP728781.1_1    71.16%    passed     92.21%
 317  PP728782.1_1    71.16%    passed     94.05%
 318  PQ438050.1_1    68.20%    failed      0.29%
 319  MN771279.1_1    70.99%    passed     93.05%
 320  MN771281.1_1    70.86%    passed     88.91%
 321  MN771282.1_1    70.90%    passed     67.91%
 322  MN771284.1_1    71.29%    passed     26.50%
 323  MN771289.1_1    71.20%    passed     49.55%
 324  MN771291.1_1    71.16%    passed     39.01%
 325  MN771293.1_1    70.94%    passed     16.74%
 326  MN771294.1_1    71.07%    passed     97.16%
 327  MN771297.1_1    70.68%    passed     94.99%
 328  MN771299.1_1    71.90%    passed     77.14%
 329  MN771300.1_1    70.20%    passed     48.49%
 330  MN771303.1_1    71.07%    passed     84.35%
 331  MN771304.1_1    71.20%    passed     83.56%
 332  MN771305.1_1    71.07%    passed     99.93%
 333  MN771310.1_1    70.94%    passed     66.95%
 334  MN771311.1_1    70.47%    passed     31.61%
 335  MN771312.1_1    70.55%    passed     24.58%
 336  MN771315.1_1    71.68%    passed     72.56%
 337  MN771316.1_1    70.81%    passed     66.11%
 338  MN771319.1_1    70.51%    passed     70.56%
 339  MN771322.1_1    70.47%    passed     68.57%
 340  MN771326.1_1    70.64%    passed     83.84%
 341  MN771329.1_1    70.81%    passed     93.53%
 342  MN771333.1_1    70.64%    passed     94.16%
 343  MN771334.1_1    71.16%    passed     57.90%
 344  MN771339.1_1    70.47%    passed     90.37%
 345  MN771345.1_1    70.81%    passed     30.80%
 346  MN771347.1_1    70.94%    passed     32.93%
 347  MN771348.1_1    69.99%    passed     96.32%
 348  MN771349.1_1    70.94%    passed     81.44%
 349  MN771350.1_1    70.38%    passed     83.11%
 350  MN771351.1_1    71.99%    passed     71.89%
 351  MN771352.1_1    71.29%    passed      6.46%
 352  MN771354.1_1    71.07%    passed     99.27%
 353  MN771355.1_1    70.38%    passed     95.34%
 354  MN771356.1_1    71.16%    passed     71.98%
 355  MN771357.1_1    71.64%    passed     94.97%
 356  MN771359.1_1    70.73%    passed     54.81%
 357  MN771360.1_1    70.60%    passed     68.95%
 358  MN771361.1_1    71.12%    passed     62.48%
 359  MN771362.1_1    71.29%    passed     88.43%
 360  MN771364.1_1    71.29%    passed     93.74%
 361  MN771365.1_1    71.60%    passed     71.04%
 362  MN771366.1_1    71.29%    passed     85.41%
 363  MN771367.1_1    71.20%    passed     90.36%
 364  MN771370.1_1    70.90%    passed     67.93%
 365  MN771371.1_1    70.86%    passed     98.85%
 366  MN771372.1_1    70.86%    passed     67.73%
 367  MN771373.1_1    71.07%    passed     95.89%
 368  MN771374.1_1    70.51%    passed     99.07%
 369  MN771375.1_1    72.25%    passed     82.29%
 370  MN771376.1_1    71.25%    passed     65.94%
 371  MN771378.1_1    71.29%    passed     56.64%
 372  MN771379.1_1    71.12%    passed     39.05%
 373  MN771383.1_1    70.77%    passed     43.62%
 374  MN771386.1_1    71.51%    passed     99.37%
 375  MN771387.1_1    70.90%    passed     75.95%
 376  MN771392.1_1    71.42%    passed     54.80%
 377  MN771395.1_1    71.25%    passed     46.94%
 378  MN771396.1_1    71.47%    passed     92.90%
 379  MN771398.1_1    71.47%    passed     48.39%
 380  MN771400.1_1    71.16%    passed     98.95%
 381  MN771401.1_1    71.38%    passed     73.73%
 382  MN771404.1_1    71.42%    passed     99.93%
 383  MN771405.1_1    70.73%    passed     55.55%
 384  MN771406.1_1    72.07%    passed     33.26%
 385  MN771408.1_1    71.16%    passed     99.86%
 386  MN771409.1_1    72.42%    passed     91.72%
 387  MN771410.1_1    70.51%    passed     28.92%
 388  MN771411.1_1    71.16%    passed     70.97%
 389  MN771415.1_1    71.60%    passed     82.76%
 390  MN771416.1_1    70.47%    passed     88.34%
 391  MN771418.1_1    71.99%    passed     79.87%
 392  MN771419.1_1    71.34%    passed     85.01%
 393  MN771421.1_1    70.60%    passed     99.95%
 394  MN771423.1_1    71.20%    passed     61.34%
 395  MN771425.1_1    71.34%    passed     89.70%
 396  MN771426.1_1    71.20%    passed     36.10%
 397  MN771428.1_1    71.03%    passed     31.53%
 398  MN771429.1_1    71.34%    passed     42.18%
 399  MN771431.1_1    70.51%    passed     95.11%
 400  MN771432.1_1    72.64%    passed     97.34%
 401  MN771438.1_1    72.12%    passed     91.35%
 402  MN771443.1_1    71.16%    passed      8.57%
 403  MN771444.1_1    71.29%    passed     42.92%
 404  MN771445.1_1    71.20%    passed     99.75%
 405  MN771447.1_1    71.07%    passed     74.18%
 406  MN771450.1_1    71.34%    passed     96.20%
 407  MN771452.1_1    71.20%    passed     89.50%
 408  MN771453.1_1    70.68%    passed     91.82%
 409  MN771455.1_1    70.99%    passed     68.83%
 410  MN771456.1_1    71.38%    passed     19.01%
 411  MN771457.1_1    70.55%    passed     58.55%
 412  MN771459.1_1    70.94%    passed     68.33%
 413  MN771460.1_1    70.60%    passed     43.09%
 414  MN771461.1_1    71.94%    passed     74.43%
 415  MN771464.1_1    71.29%    passed     89.67%
 416  MN771465.1_1    71.60%    passed     69.28%
 417  MN771466.1_1    71.12%    passed     25.71%
 418  MN771468.1_1    71.68%    passed     59.94%
 419  MN771470.1_1    71.94%    passed     60.74%
 420  MN771471.1_1    72.29%    passed     87.74%
 421  MN771472.1_1    70.77%    passed     59.29%
 422  MN771474.1_1    71.16%    passed     66.60%
 423  MN771479.1_1    70.64%    passed     82.45%
 424  MN771481.1_1    71.60%    passed     95.55%
 425  MN771486.1_1    71.25%    passed     83.01%
 426  MN771495.1_1    70.94%    passed     49.26%
 427  MN771496.1_1    70.55%    passed     86.23%
 428  MN771499.1_1    70.33%    passed     78.01%
 429  MN771500.1_1    71.03%    passed     12.89%
 430  MN771501.1_1    71.12%    passed     97.10%
 431  MN771504.1_1    72.51%    passed     99.95%
 432  MN771505.1_1    71.42%    passed     99.89%
 433  MN771510.1_1    71.34%    passed     42.29%
 434  MN771511.1_1    71.20%    passed     78.83%
 435  MN771514.1_1    70.77%    passed     78.92%
 436  MN774927.1_1    71.03%    passed     84.52%
 437  MN774928.1_1    70.99%    passed     80.31%
 438  MN774929.1_1    71.38%    passed     10.51%
 439  MN774930.1_1    71.16%    passed     98.96%
 440  MN774932.1_1    71.38%    passed     22.66%
 441  MN774933.1_1    71.29%    failed      4.25%
 442  MN774934.1_1    71.20%    passed     97.93%
 443  MN774935.1_1    70.86%    passed     81.28%
 444  MN774936.1_1    70.55%    passed     74.64%
 445  MN774937.1_1    71.07%    passed     89.72%
 446  MN774938.1_1    71.07%    passed     99.73%
 447  MN774939.1_1    70.77%    passed     99.55%
 448  MN774940.1_1    70.90%    passed     74.02%
 449  MN774941.1_1    70.86%    passed     54.92%
 450  MN774942.1_1    71.47%    passed     53.41%
 451  MN774943.1_1    71.29%    passed     92.82%
 452  MN774944.1_1    71.16%    passed     60.72%
 453  MN774945.1_1    71.51%    passed     69.68%
 454  MN774948.1_1    71.68%    passed     60.65%
 455  MN774949.1_1    71.51%    passed     36.55%
 456  MN774950.1_1    71.38%    passed     44.75%
 457  MN774951.1_1    71.07%    passed     96.34%
 458  MN774952.1_1    70.77%    passed     84.56%
 459  MN774953.1_1    71.55%    passed     94.23%
 460  MN774954.1_1    69.07%    passed     46.61%
 461  MN774955.1_1    71.20%    passed     67.32%
 462  MN774956.1_1    71.25%    passed     76.38%
 463  MN774958.1_1    71.60%    passed     44.11%
 464  MN774959.1_1    71.16%    passed     79.45%
 465  MN774961.1_1    71.25%    passed     84.87%
 466  MN774962.1_1    70.55%    passed     64.58%
 467  MN774963.1_1    71.07%    passed     94.85%
 468  MN774964.1_1    70.94%    passed     99.49%
 469  MN774965.1_1    71.16%    passed     29.34%
 470  MN774967.1_1    71.42%    passed     86.57%
 471  MN774968.1_1    71.38%    passed     31.18%
 472  MN774969.1_1    71.38%    passed     42.57%
 473  MN774970.1_1    71.16%    passed     89.54%
 474  MN774971.1_1    71.07%    passed     85.39%
 475  MN774972.1_1    71.42%    passed     95.47%
 476  MN774973.1_1    70.73%    passed     53.12%
 477  MN774974.1_1    71.29%    passed     92.38%
 478  MN774975.1_1    71.25%    passed     29.01%
 479  MN774976.1_1    71.29%    passed     27.22%
 480  MN774977.1_1    70.90%    passed     74.68%
 481  MN774978.1_1    70.94%    passed     99.70%
 482  MN774980.1_1    70.99%    passed     43.86%
 483  MN774981.1_1    71.73%    passed     59.90%
 484  MN774984.1_1    70.68%    passed     96.85%
 485  MN774985.1_1    71.20%    passed     57.27%
 486  MN774986.1_1    71.38%    passed     70.86%
 487  MN774987.1_1    70.94%    passed     79.51%
 488  MN774988.1_1    71.03%    passed     81.54%
 489  MN774989.1_1    71.16%    passed     46.82%
 490  MT157223.1_1    70.90%    passed     80.54%
 491  MT210805.1_1    70.86%    passed     87.78%
 492  MT501646.1_1    68.07%    failed      0.02%
 493  MT501648.1_1    67.99%    failed      0.12%
 494  MT506588.1_1    70.99%    passed     51.04%
 495  MT506589.1_1    70.64%    passed     47.81%
 496  MT783403.1_1    70.64%    passed     53.90%
 497  MT783404.1_1    66.72%    failed      4.53%
 498  MT783405.1_1    66.64%    passed     15.80%
 499  MT783406.1_1    67.64%    passed     14.28%
 500  MW455346.1_1    67.59%    failed      0.36%
 501  MW455347.1_1    67.07%    failed      2.25%
 502  MW455348.1_1    66.42%    failed      0.14%
 503  MW455349.1_1    71.86%    passed     15.14%
 504  MW455351.1_1    66.29%    failed      0.04%
 505  MW455352.1_1    66.59%    passed     15.79%
 506  MW455354.1_1    70.64%    passed     91.45%
 507  MW455358.1_1    71.55%    passed     17.38%
 508  MW455359.1_1    67.90%    failed      0.24%
 509  MW455361.1_1    70.33%    passed     87.63%
 510  MW455362.1_1    71.64%    passed     10.94%
 511  MW455363.1_1    71.29%    passed     95.29%
 512  MW455364.1_1    71.47%    passed     99.96%
 513  MW455365.1_1    71.25%    passed     56.93%
 514  MW455368.1_1    72.07%    passed     21.06%
 515  MW455369.1_1    67.81%    failed      0.14%
 516  MW455373.1_1    70.90%    passed     22.95%
 517  MW455375.1_1    68.20%    failed      2.55%
 518  MW455378.1_1    71.07%    passed     41.77%
 519  MW455380.1_1    67.12%    failed      0.14%
 520  MW455381.1_1    70.73%    passed     75.57%
 521  MW455382.1_1    71.60%    passed     99.92%
 522  MW455383.1_1    67.86%    failed      0.31%
 523  MW455384.1_1    67.77%    passed     67.06%
 524  MW455385.1_1    68.16%    failed      0.24%
 525  MW455386.1_1    72.42%    passed     87.01%
 526  MW455387.1_1    66.86%    failed      0.87%
 527  MW455388.1_1    70.60%    passed     75.12%
 528  MW455389.1_1    66.03%    failed      0.03%
 529  MW455390.1_1    65.81%    failed      0.38%
 530  MW455391.1_1    71.34%    passed     78.55%
 531  MW455392.1_1    67.16%    passed      8.23%
 532  MW455393.1_1    67.03%    passed      9.74%
 533  MW455394.1_1    70.60%    passed     55.96%
 534  MW455395.1_1    66.55%    failed      2.32%
 535  MW455397.1_1    67.16%    failed      1.34%
 536  MW455398.1_1    72.81%    passed     93.68%
 537  MW455399.1_1    66.90%    failed      1.73%
 538  MW455400.1_1    67.68%    passed     13.61%
 539  MW455401.1_1    67.59%    passed     37.96%
 540  MW455402.1_1    70.99%    passed     88.03%
 541  MW455403.1_1    70.42%    passed     83.60%
 542  MW455405.1_1    71.25%    passed     98.04%
 543  MW455406.1_1    71.25%    passed     76.33%
 544  MW455407.1_1    71.20%    passed     41.26%
 545  MW455408.1_1    71.60%    passed     82.15%
 546  MW455409.1_1    71.60%    passed     73.80%
 547  MW455410.1_1    71.07%    passed     63.68%
 548  MW455411.1_1    71.34%    passed     88.08%
 549  MW455413.1_1    71.03%    passed     39.09%
 550  MW455414.1_1    67.12%    failed      0.96%
 551  MW455416.1_1    66.64%    failed      2.41%
 552  MW455417.1_1    67.33%    failed      1.29%
 553  MW455419.1_1    70.94%    passed     73.56%
 554  MW455420.1_1    66.07%    failed      0.01%
 555  MW455421.1_1    67.68%    failed      4.22%
 556  MW455422.1_1    67.20%    passed     10.68%
 557  MW455423.1_1    67.86%    failed      0.12%
 558  MW455425.1_1    72.07%    passed     37.84%
 559  MW455426.1_1    70.99%    passed     27.39%
 560  MW455427.1_1    71.03%    passed     80.48%
 561  MW455428.1_1    76.16%    passed     34.49%
 562  MW455429.1_1    71.16%    passed     71.21%
 563  MW455430.1_1    71.34%    passed     90.72%
 564  MW455431.1_1    71.90%    passed     33.72%
 565  MW455432.1_1    66.68%    passed     34.09%
 566  MW455434.1_1    71.29%    passed     88.73%
 567  MW455435.1_1    67.12%    failed      0.74%
 568  MW455436.1_1    71.34%    passed     11.98%
 569  MW455438.1_1    67.86%    failed      0.86%
 570  MW455439.1_1    71.94%    passed      9.08%
 571  MW455440.1_1    67.29%    passed     16.31%
 572  MW455442.1_1    67.68%    passed     12.04%
 573  MW455444.1_1    72.07%    passed     31.87%
 574  MW455445.1_1    70.73%    passed     69.15%
 575  MW455446.1_1    72.07%    failed      0.15%
 576  MW455448.1_1    67.86%    passed     11.89%
 577  MW455450.1_1    71.03%    passed     95.60%
 578  MW679003.1_1    66.72%    failed      0.05%
 579  MW679005.1_1    71.38%    passed     61.43%
 580  MW679006.1_1    67.68%    failed      0.02%
 581  MW857571.1_1    66.72%    failed      0.11%
 582  MZ285962.1_1    71.34%    passed     67.94%
 583  MZ285963.1_1    71.03%    passed     45.98%
 584  MZ285964.1_1    67.86%    failed      0.16%
 585  MZ285969.1_1    72.12%    passed     63.69%
 586  MZ285971.1_1    66.59%    passed     24.97%
 587  MZ285973.1_1    68.73%    passed     16.34%
 588  MZ285976.1_1    66.68%    failed      0.09%
 589  MZ285978.1_1    67.38%    failed      0.56%
 590  MZ285979.1_1    67.59%    passed      6.75%
 591  MZ285982.1_1    66.46%    failed      0.58%
 592  MZ285983.1_1    72.07%    passed     25.11%
 593  MZ285984.1_1    66.86%    failed      0.42%
 594  MZ285985.1_1    66.94%    failed      0.23%
 595  MZ285986.1_1    71.16%    passed     83.21%
 596  MZ285987.1_1    66.99%    failed      0.10%
 597  MZ285989.1_1    71.94%    passed     31.32%
 598  MZ285991.1_1    70.90%    passed     71.50%
 599  MZ285992.1_1    66.64%    passed     28.62%
 600  MZ285994.1_1    71.99%    passed      9.00%
 601  MZ285996.1_1    77.95%    failed      1.61%
 602  MZ285999.1_1    71.20%    passed     32.69%
 603  MZ286000.1_1    71.29%    passed     74.57%
 604  MZ286001.1_1    70.99%    passed     88.91%
 605  MZ286002.1_1    72.12%    passed     61.48%
 606  MZ286003.1_1    71.99%    passed     16.55%
 607  MZ286004.1_1    71.25%    passed     64.48%
 608  MZ286005.1_1    71.25%    passed     72.44%
 609  MZ286006.1_1    68.03%    failed      0.28%
 610  MZ286007.1_1    72.03%    passed     81.53%
 611  MZ286008.1_1    71.81%    passed     20.03%
 612  MZ286009.1_1    75.99%    passed     46.30%
 613  MZ286011.1_1    67.03%    failed      2.38%
 614  MZ286014.1_1    66.72%    failed      0.02%
 615  MZ286017.1_1    67.42%    passed     11.37%
 616  MZ286018.1_1    66.99%    failed      0.08%
 617  MZ286019.1_1    67.68%    passed      9.67%
 618  MZ286020.1_1    72.21%    passed     18.21%
 619  MZ286021.1_1    72.03%    passed     99.17%
 620  MZ286022.1_1    67.77%    passed     19.92%
 621  MZ286023.1_1    67.90%    failed      0.04%
 622  MZ286024.1_1    71.38%    passed     61.64%
 623  MZ286025.1_1    67.68%    passed     58.75%
 624  MZ286026.1_1    71.25%    passed     62.13%
 625  MZ286027.1_1    67.59%    passed      6.58%
 626  MZ286031.1_1    66.64%    failed      0.03%
 627  MZ286032.1_1    70.94%    passed     91.15%
 628  MZ286033.1_1    71.12%    passed     96.70%
 629  MZ286034.1_1    71.51%    passed     97.89%
 630  MZ286037.1_1    66.46%    failed      1.44%
 631  MZ286038.1_1    67.42%    passed     22.94%
 632  MZ286041.1_1    71.38%    passed     57.52%
 633  MZ286042.1_1    66.64%    failed      0.07%
 634  MZ286043.1_1    66.77%    failed      0.48%
 635  MZ286044.1_1    71.12%    passed     99.62%
 636  MZ286046.1_1    67.73%    passed     21.88%
 637  MZ286047.1_1    66.99%    failed      3.62%
 638  MZ286048.1_1    71.81%    passed     99.29%
 639  MN770776.1_1    70.73%    passed     98.17%
 640  MN770778.1_1    71.55%    passed     68.73%
 641  MN770779.1_1    71.12%    passed     48.67%
 642  MN770781.1_1    70.90%    passed     91.91%
 643  MN770782.1_1    71.47%    passed     30.49%
 644  MN770783.1_1    70.81%    passed     81.01%
 645  MN770786.1_1    70.73%    passed     93.49%
 646  MN770788.1_1    71.25%    passed     57.84%
 647  MN770789.1_1    71.51%    passed     36.43%
 648  MN770790.1_1    70.94%    passed     16.10%
 649  MN770792.1_1    70.99%    passed     77.68%
 650  MN770794.1_1    71.12%    passed     99.68%
 651  MN770795.1_1    71.07%    passed     73.28%
 652  MN770800.1_1    70.77%    passed     89.68%
 653  MN770801.1_1    70.77%    passed     99.85%
 654  MN770805.1_1    71.07%    passed     34.73%
 655  MN770807.1_1    70.81%    passed     30.62%
 656  MN770808.1_1    70.81%    passed     65.87%
 657  MN770809.1_1    71.16%    passed     54.65%
 658  MN770811.1_1    71.64%    passed     31.69%
 659  MN770812.1_1    71.90%    passed     91.62%
 660  MN770813.1_1    70.86%    passed     34.53%
 661  MN770814.1_1    71.34%    passed     12.16%
 662  MN770815.1_1    70.68%    passed     23.35%
 663  MN770817.1_1    71.34%    passed     98.25%
 664  MN770819.1_1    71.25%    passed     77.24%
 665  MN770821.1_1    71.03%    passed     93.39%
 666  MN770822.1_1    71.16%    passed     93.26%
 667  MN770823.1_1    71.03%    passed     93.35%
 668  MN770827.1_1    71.94%    passed     89.98%
 669  MN770828.1_1    71.25%    passed     68.81%
 670  MN770834.1_1    71.07%    passed     91.11%
 671  MN770836.1_1    71.47%    passed      7.63%
 672  MN770844.1_1    70.94%    passed     35.33%
 673  MN770848.1_1    70.81%    passed     23.83%
 674  MN770849.1_1    70.60%    passed     52.11%
 675  MN770853.1_1    71.20%    failed      4.86%
 676  MN770856.1_1    71.38%    passed     73.13%
 677  MN770859.1_1    71.12%    passed     82.83%
 678  MN770860.1_1    70.38%    passed     60.21%
 679  MN770861.1_1    71.34%    passed     99.09%
 680  MN770862.1_1    70.60%    passed      6.78%
 681  MN770863.1_1    70.77%    passed     38.54%
 682  MN770864.1_1    71.03%    passed     58.55%
 683  MN770865.1_1    71.60%    passed     74.27%
 684  MN770866.1_1    71.16%    passed     96.14%
 685  MN770867.1_1    71.60%    passed     86.85%
 686  MN770868.1_1    71.03%    passed     94.72%
 687  MN770869.1_1    71.12%    passed     90.72%
 688  MN770875.1_1    71.07%    passed     31.47%
 689  MN770876.1_1    70.94%    passed     90.29%
 690  MN770877.1_1    71.51%    passed     91.27%
 691  MN770885.1_1    71.99%    failed      4.19%
 692  MN770888.1_1    70.55%    passed     80.20%
 693  MN770889.1_1    72.16%    passed     91.31%
 694  MN770890.1_1    70.73%    passed     87.17%
 695  MN770894.1_1    71.42%    passed     98.02%
 696  MN770895.1_1    71.47%    passed     88.47%
 697  MN770896.1_1    70.73%    passed     88.56%
 698  MN770897.1_1    70.99%    passed     23.87%
 699  MN770901.1_1    71.55%    passed     71.66%
 700  MN770904.1_1    71.20%    passed     95.43%
 701  MN770905.1_1    70.68%    passed     64.12%
 702  MN770906.1_1    70.64%    passed     97.05%
 703  MN770907.1_1    71.34%    passed     85.24%
 704  MN770908.1_1    70.68%    passed     91.00%
 705  MN770910.1_1    71.12%    passed     91.83%
 706  MN770912.1_1    71.99%    passed     94.59%
 707  MN770913.1_1    70.64%    passed     36.26%
 708  MN770914.1_1    71.07%    passed     39.45%
 709  MN770915.1_1    70.94%    passed     90.78%
 710  MN770918.1_1    71.86%    passed     97.00%
 711  MN770919.1_1    71.12%    passed     55.43%
 712  MN770920.1_1    70.29%    passed     17.04%
 713  MN770922.1_1    72.16%    passed     62.58%
 714  MN770926.1_1    71.34%    passed     58.10%
 715  MN770928.1_1    70.94%    passed     13.29%
 716  MN770933.1_1    71.12%    passed     25.50%
 717  MN770935.1_1    71.07%    passed     38.33%
 718  MN770936.1_1    71.29%    passed     99.78%
 719  MN770937.1_1    71.99%    passed     48.15%
 720  MN770940.1_1    71.07%    passed     43.68%
 721  MN770944.1_1    71.07%    passed     98.04%
 722  MN770946.1_1    71.07%    passed     57.68%
 723  MN770952.1_1    71.03%    passed     59.01%
 724  MN770956.1_1    71.34%    passed     73.51%
 725  MN770957.1_1    70.42%    passed     93.03%
 726  MN770958.1_1    71.51%    passed     96.29%
 727  MN770959.1_1    71.60%    passed     90.98%
 728  MN770962.1_1    71.51%    passed     95.10%
 729  MN770963.1_1    71.51%    passed     98.61%
 730  MN770965.1_1    71.51%    passed     97.54%
 731  MN770966.1_1    71.29%    passed     79.53%
 732  MN770967.1_1    71.12%    passed     27.08%
 733  MN770970.1_1    71.07%    passed     60.94%
 734  MN770971.1_1    71.03%    passed     58.20%
 735  MN770973.1_1    71.42%    passed     25.99%
 736  MN770983.1_1    70.51%    passed     75.00%
 737  MN770986.1_1    71.51%    passed     86.93%
 738  MN770989.1_1    71.60%    passed     96.66%
 739  MN770990.1_1    71.38%    passed     98.80%
 740  MN770991.1_1    71.12%    passed     21.12%
 741  MN770992.1_1    71.12%    passed     59.63%
 742  MN770993.1_1    71.42%    passed     96.23%
 743  MN770994.1_1    70.94%    passed     91.43%
 744  MN770995.1_1    71.42%    passed     67.44%
 745  MN770998.1_1    71.25%    passed     39.96%
 746  MN771004.1_1    70.81%    passed     65.95%
 747  MN771006.1_1    71.38%    passed     39.93%
 748  MN771009.1_1    71.38%    passed     96.51%
 749  MN771013.1_1    70.86%    passed     20.73%
 750  MN771016.1_1    71.68%    passed     99.36%
 751  MN771017.1_1    70.68%    passed     89.22%
 752  MN771023.1_1    70.42%    passed     84.21%
 753  MN771024.1_1    71.07%    passed     63.09%
 754  MN771027.1_1    71.03%    passed     78.12%
 755  MN771030.1_1    70.47%    passed     70.40%
 756  MN771038.1_1    71.60%    passed     93.10%
 757  MN771039.1_1    71.55%    passed     80.76%
 758  MN771041.1_1    71.68%    passed     97.27%
 759  MN771042.1_1    70.73%    passed     28.21%
 760  MN771043.1_1    71.03%    passed     58.05%
 761  MN771044.1_1    70.86%    passed     95.41%
 762  MN771045.1_1    70.29%    passed     78.30%
 763  MN771046.1_1    70.99%    passed     25.22%
 764  MN771048.1_1    70.51%    passed     64.93%
 765  MN771051.1_1    72.03%    passed     90.65%
 766  MN771055.1_1    71.99%    passed     80.34%
 767  MN771056.1_1    71.16%    passed     17.03%
 768  MN771057.1_1    72.64%    passed     89.01%
 769  MN771059.1_1    70.94%    passed     96.54%
 770  MN771061.1_1    72.07%    passed     55.45%
 771  MN771063.1_1    70.73%    passed     65.15%
 772  MN771065.1_1    71.07%    passed     94.53%
 773  MN771066.1_1    68.46%    passed     32.11%
 774  MN771067.1_1    70.68%    passed     78.21%
 775  MN771068.1_1    71.47%    passed     94.31%
 776  MN771070.1_1    70.33%    passed     77.35%
 777  MN771072.1_1    71.64%    passed     99.88%
 778  MN771074.1_1    71.42%    passed     93.64%
 779  MN771077.1_1    71.34%    passed     90.63%
 780  MN771080.1_1    71.64%    passed     99.61%
 781  MN771081.1_1    70.81%    passed      5.38%
 782  MN771083.1_1    71.34%    passed     77.82%
 783  MN771086.1_1    71.42%    passed     98.79%
 784  MN771087.1_1    71.07%    passed     98.60%
 785  MN771089.1_1    70.99%    passed     89.37%
 786  MN771091.1_1    70.99%    passed     66.61%
 787  MN771092.1_1    70.47%    passed     59.34%
 788  MN771093.1_1    70.86%    passed     70.60%
 789  MN771097.1_1    71.60%    passed     86.35%
 790  MN771098.1_1    71.38%    passed     70.90%
 791  MN771102.1_1    72.07%    passed     70.48%
 792  MN771104.1_1    71.38%    passed     76.98%
 793  MN771106.1_1    70.94%    passed     71.83%
 794  MN771108.1_1    70.73%    passed     69.91%
 795  MN771110.1_1    70.94%    passed     85.69%
 796  MN771111.1_1    70.99%    passed     99.69%
 797  MN771112.1_1    70.86%    passed     74.26%
 798  MN771115.1_1    70.77%    passed     36.70%
 799  MN771117.1_1    70.64%    passed     17.91%
 800  MN771119.1_1    71.42%    passed     93.19%
 801  MN771120.1_1    70.99%    passed     56.75%
 802  MN771123.1_1    71.68%    passed     97.00%
 803  MN771129.1_1    70.12%    passed     99.00%
 804  MN771133.1_1    71.25%    passed     57.09%
 805  MN771134.1_1    71.12%    passed     80.58%
 806  MN771135.1_1    71.20%    failed      1.66%
 807  MN771136.1_1    70.73%    passed     44.95%
 808  MN771137.1_1    71.55%    passed     89.95%
 809  MN771139.1_1    70.42%    passed     21.99%
 810  MN771140.1_1    72.21%    passed     78.76%
 811  MN771141.1_1    71.64%    passed     98.64%
 812  MN771144.1_1    71.60%    passed     92.32%
 813  MN771145.1_1    70.60%    passed     17.91%
 814  MN771147.1_1    70.99%    passed     54.17%
 815  MN771150.1_1    71.42%    passed     86.01%
 816  MN771151.1_1    70.38%    passed     14.45%
 817  MN771153.1_1    70.94%    passed     47.73%
 818  MN771154.1_1    71.03%    passed     80.30%
 819  MN771155.1_1    70.94%    passed     95.25%
 820  MN771156.1_1    71.03%    passed     72.30%
 821  MN771158.1_1    71.55%    passed     37.16%
 822  MN771159.1_1    71.29%    passed     16.58%
 823  MN771161.1_1    70.12%    passed     76.04%
 824  MN771162.1_1    70.73%    passed     99.71%
 825  MN771163.1_1    70.86%    passed     55.14%
 826  MN771166.1_1    71.25%    passed     58.86%
 827  MN771168.1_1    70.73%    passed     76.54%
 828  MN771169.1_1    71.47%    passed     43.85%
 829  MN771170.1_1    70.90%    passed     63.57%
 830  MN771171.1_1    72.34%    passed     73.93%
 831  MN771173.1_1    71.16%    passed     12.20%
 832  MN771176.1_1    70.94%    passed     84.26%
 833  MN771177.1_1    70.68%    passed     62.81%
 834  MN771180.1_1    70.51%    passed     32.51%
 835  MN771181.1_1    70.42%    passed     94.03%
 836  MN771183.1_1    71.07%    passed     64.17%
 837  MN771195.1_1    71.25%    passed     57.90%
 838  MN771199.1_1    70.99%    passed     28.31%
 839  MN771204.1_1    70.94%    passed     68.01%
 840  MN771205.1_1    70.20%    passed     92.61%
 841  MN771208.1_1    70.73%    passed     99.44%
 842  MN771212.1_1    71.25%    passed     99.82%
 843  MN771213.1_1    71.12%    passed     98.72%
 844  MN771215.1_1    71.16%    passed     95.56%
 845  MN771217.1_1    70.99%    passed     99.93%
 846  MN771219.1_1    70.47%    passed     99.90%
 847  MN771220.1_1    70.77%    passed     44.97%
 848  MN771221.1_1    70.25%    passed     56.04%
 849  MN771223.1_1    70.81%    passed     99.97%
 850  MN771226.1_1    71.12%    passed     77.29%
 851  MN771228.1_1    70.51%    passed     94.11%
 852  MN771231.1_1    70.90%    passed     85.06%
 853  MN771232.1_1    70.64%    passed     71.15%
 854  MN771236.1_1    70.99%    passed     69.70%
 855  MN771237.1_1    71.47%    passed     68.44%
 856  MN771238.1_1    70.25%    passed     69.27%
 857  MN771239.1_1    70.99%    passed     82.01%
 858  MN771243.1_1    70.60%    passed     92.47%
 859  MN771244.1_1    70.51%    passed     96.94%
 860  MN771246.1_1    71.34%    passed     90.29%
 861  MN771248.1_1    71.29%    passed     78.39%
 862  MN771249.1_1    70.81%    passed     15.08%
 863  MN771251.1_1    70.81%    passed     86.21%
 864  MN771253.1_1    70.51%    passed     26.04%
 865  MN771254.1_1    71.60%    passed     94.58%
 866  MN771255.1_1    71.29%    passed     99.73%
 867  MN771256.1_1    70.81%    passed     78.59%
 868  MN771257.1_1    70.25%    passed     81.78%
 869  MN771261.1_1    71.64%    passed     41.59%
 870  MN771262.1_1    71.55%    passed     99.70%
 871  MN771263.1_1    70.51%    passed     25.09%
 872  MN771265.1_1    70.38%    passed     38.90%
 873  MN771268.1_1    70.77%    passed     82.72%
 874  MN771269.1_1    70.81%    passed     21.86%
 875  MN771270.1_1    71.42%    passed     95.86%
 876  MN771271.1_1    70.90%    passed     89.21%
 877  MN771272.1_1    71.25%    passed     74.87%
 878  MN771273.1_1    70.81%    passed     62.44%
 879  MN771275.1_1    71.51%    passed     49.39%
 880  MN771276.1_1    70.86%    passed     81.95%
 881  MN771277.1_1    71.12%    passed     54.90%
 882  MN770277.1_1    71.99%    passed     86.32%
 883  MN770279.1_1    70.73%    passed     99.49%
 884  MN770282.1_1    70.51%    passed     53.71%
 885  MN770283.1_1    70.77%    passed     91.56%
 886  MN770285.1_1    71.20%    passed     74.95%
 887  MN770293.1_1    70.99%    passed     46.21%
 888  MN770297.1_1    70.60%    passed     98.57%
 889  MN770301.1_1    71.20%    passed     54.94%
 890  MN770302.1_1    70.51%    passed     53.85%
 891  MN770303.1_1    71.25%    passed     49.59%
 892  MN770305.1_1    70.42%    passed     75.41%
 893  MN770307.1_1    70.86%    passed     98.81%
 894  MN770308.1_1    71.60%    passed     65.62%
 895  MN770312.1_1    71.99%    passed     79.96%
 896  MN770317.1_1    71.38%    passed     19.91%
 897  MN770318.1_1    71.94%    passed     10.89%
 898  MN770320.1_1    70.99%    passed     15.82%
 899  MN770322.1_1    71.07%    passed     91.88%
 900  MN770323.1_1    70.68%    passed     50.04%
 901  MN770324.1_1    70.94%    passed     98.96%
 902  MN770328.1_1    70.86%    passed     72.00%
 903  MN770330.1_1    71.42%    passed     95.01%
 904  MN770331.1_1    71.07%    passed     98.88%
 905  MN770332.1_1    71.34%    passed     52.89%
 906  MN770333.1_1    70.73%    passed     59.74%
 907  MN770334.1_1    71.64%    passed     95.58%
 908  MN770335.1_1    71.60%    passed     95.59%
 909  MN770336.1_1    70.68%    passed     40.06%
 910  MN770337.1_1    70.99%    passed     60.76%
 911  MN770338.1_1    71.07%    passed     30.37%
 912  MN770341.1_1    70.73%    passed     86.21%
 913  MN770342.1_1    70.51%    passed     92.84%
 914  MN770344.1_1    70.94%    passed     30.64%
 915  MN770345.1_1    70.68%    passed      8.55%
 916  MN770346.1_1    70.55%    passed     99.65%
 917  MN770347.1_1    71.25%    passed     87.47%
 918  MN770349.1_1    70.77%    passed     34.86%
 919  MN770350.1_1    71.12%    passed     99.54%
 920  MN770351.1_1    71.16%    passed     29.21%
 921  MN770352.1_1    71.34%    passed     92.40%
 922  MN770353.1_1    71.03%    passed     79.70%
 923  MN770355.1_1    70.90%    passed     99.58%
 924  MN770357.1_1    70.77%    passed     99.84%
 925  MN770359.1_1    70.42%    passed     86.56%
 926  MN770360.1_1    70.86%    passed     14.71%
 927  MN770361.1_1    71.03%    passed     26.70%
 928  MN770362.1_1    70.86%    passed     78.33%
 929  MN770364.1_1    71.03%    passed     49.03%
 930  MN770366.1_1    71.42%    passed     79.78%
 931  MN770367.1_1    70.60%    passed     93.49%
 932  MN770371.1_1    71.12%    passed     97.36%
 933  MN770374.1_1    71.16%    passed     56.76%
 934  MN770375.1_1    71.42%    passed     81.33%
 935  MN770378.1_1    70.73%    passed     86.67%
 936  MN770379.1_1    70.33%    passed     87.29%
 937  MN770382.1_1    70.90%    passed     90.91%
 938  MN770383.1_1    71.07%    passed     31.24%
 939  MN770384.1_1    70.99%    passed     91.19%
 940  MN770386.1_1    71.12%    passed     99.67%
 941  MN770389.1_1    71.34%    passed     97.11%
 942  MN770390.1_1    71.07%    passed     82.40%
 943  MN770392.1_1    70.60%    passed     50.96%
 944  MN770393.1_1    70.86%    passed     89.67%
 945  MN770395.1_1    71.99%    passed     98.49%
 946  MN770396.1_1    70.68%    passed     58.26%
 947  MN770398.1_1    71.38%    passed     99.00%
 948  MN770401.1_1    70.81%    failed      2.82%
 949  MN770403.1_1    70.55%    passed     66.02%
 950  MN770405.1_1    71.51%    passed     55.87%
 951  MN770406.1_1    71.55%    passed     95.05%
 952  MN770407.1_1    70.42%    passed     96.60%
 953  MN770408.1_1    71.51%    passed     99.74%
 954  MN770410.1_1    70.94%    passed     48.12%
 955  MN770411.1_1    70.94%    passed     86.40%
 956  MN770413.1_1    70.60%    passed     39.48%
 957  MN770415.1_1    70.94%    passed     70.11%
 958  MN770416.1_1    70.81%    failed      2.14%
 959  MN770418.1_1    71.25%    passed     97.47%
 960  MN770419.1_1    71.29%    passed     87.30%
 961  MN770420.1_1    71.20%    passed     20.19%
 962  MN770421.1_1    71.03%    passed     45.36%
 963  MN770422.1_1    71.20%    passed     29.14%
 964  MN770425.1_1    71.12%    passed     69.58%
 965  MN770426.1_1    71.03%    passed     95.16%
 966  MN770428.1_1    71.12%    passed     73.34%
 967  MN770429.1_1    71.16%    passed     49.63%
 968  MN770430.1_1    71.12%    passed     86.91%
 969  MN770431.1_1    71.29%    passed     23.28%
 970  MN770432.1_1    70.99%    passed     95.32%
 971  MN770433.1_1    70.90%    passed     52.41%
 972  MN770435.1_1    70.94%    passed     72.63%
 973  MN770436.1_1    71.07%    passed     38.58%
 974  MN770437.1_1    70.94%    passed     86.94%
 975  MN770440.1_1    71.12%    passed     78.55%
 976  MN770446.1_1    71.16%    passed     63.69%
 977  MN770447.1_1    71.20%    passed     62.66%
 978  MN770451.1_1    70.81%    passed     20.80%
 979  MN770452.1_1    71.77%    passed     66.47%
 980  MN770455.1_1    71.20%    passed     87.25%
 981  MN770456.1_1    70.94%    passed     41.51%
 982  MN770457.1_1    70.68%    passed     92.51%
 983  MN770458.1_1    69.90%    passed     91.90%
 984  MN770459.1_1    70.77%    passed     38.77%
 985  MN770463.1_1    71.51%    passed     99.08%
 986  MN770464.1_1    70.94%    passed     96.53%
 987  MN770465.1_1    71.60%    passed     85.34%
 988  MN770466.1_1    71.60%    passed     90.46%
 989  MN770468.1_1    71.20%    passed     64.11%
 990  MN770469.1_1    71.55%    failed      1.15%
 991  MN770470.1_1    71.42%    passed     35.37%
 992  MN770472.1_1    71.16%    passed     34.03%
 993  MN770475.1_1    70.03%    passed     51.05%
 994  MN770476.1_1    70.64%    passed     62.45%
 995  MN770478.1_1    71.99%    passed     95.49%
 996  MN770479.1_1    71.64%    passed     99.82%
 997  MN770480.1_1    71.51%    passed     99.83%
 998  MN770482.1_1    71.47%    passed     62.67%
 999  MN770483.1_1    70.38%    passed     41.58%
1000  MN770484.1_1    70.81%    passed     79.04%
1001  MN770485.1_1    70.90%    passed     97.74%
1002  MN770486.1_1    71.99%    passed     89.49%
1003  MN770489.1_1    70.68%    passed     44.01%
1004  MN770490.1_1    70.86%    passed     67.23%
1005  MN770495.1_1    71.07%    passed     54.78%
1006  MN770497.1_1    71.25%    passed     61.37%
1007  MN770500.1_1    71.81%    passed     36.12%
1008  MN770501.1_1    71.60%    passed     95.73%
1009  MN770502.1_1    70.90%    passed     78.87%
1010  MN770503.1_1    71.29%    failed      3.71%
1011  MN770506.1_1    71.60%    passed     25.95%
1012  MN770507.1_1    71.07%    passed     99.29%
1013  MN770508.1_1    70.73%    passed     71.26%
1014  MN770511.1_1    70.73%    passed     86.96%
1015  MN770513.1_1    71.99%    passed     97.85%
1016  MN770514.1_1    71.16%    passed     43.42%
1017  MN770515.1_1    70.99%    passed      8.57%
1018  MN770516.1_1    72.73%    passed     62.27%
1019  MN770519.1_1    71.12%    passed     99.39%
1020  MN770520.1_1    71.94%    passed     68.98%
1021  MN770525.1_1    71.20%    passed     49.91%
1022  MN770526.1_1    71.99%    passed     85.20%
1023  MN770527.1_1    70.73%    passed     91.25%
1024  MN770529.1_1    70.47%    passed     99.63%
1025  MN770531.1_1    71.16%    passed     74.66%
1026  MN770532.1_1    70.90%    passed     76.93%
1027  MN770533.1_1    71.12%    passed     99.89%
1028  MN770535.1_1    71.68%    passed     83.41%
1029  MN770537.1_1    70.86%    passed     98.16%
1030  MN770538.1_1    70.90%    passed     83.22%
1031  MN770541.1_1    70.42%    passed     64.68%
1032  MN770543.1_1    70.81%    passed     51.72%
1033  MN770544.1_1    70.94%    passed     51.03%
1034  MN770546.1_1    71.64%    passed     84.96%
1035  MN770552.1_1    71.64%    passed     52.57%
1036  MN770554.1_1    70.99%    passed     89.70%
1037  MN770555.1_1    70.90%    passed     36.96%
1038  MN770556.1_1    70.77%    passed     72.65%
1039  MN770558.1_1    70.60%    passed      8.64%
1040  MN770559.1_1    71.12%    passed     45.91%
1041  MN770560.1_1    71.99%    passed     83.81%
1042  MN770563.1_1    71.03%    passed     34.05%
1043  MN770564.1_1    70.94%    passed     83.31%
1044  MN770565.1_1    71.47%    passed     96.02%
1045  MN770567.1_1    71.99%    passed     98.43%
1046  MN770569.1_1    70.94%    passed     92.60%
1047  MN770576.1_1    71.25%    passed     50.95%
1048  MN770577.1_1    71.86%    passed     64.55%
1049  MN770579.1_1    70.86%    passed     99.61%
1050  MN770581.1_1    70.60%    passed     99.47%
1051  MN770584.1_1    71.20%    passed     98.26%
1052  MN770585.1_1    70.68%    passed     75.16%
1053  MN770588.1_1    71.64%    passed     87.57%
1054  MN770589.1_1    71.07%    passed     89.66%
1055  MN770590.1_1    74.47%    passed      5.11%
1056  MN770593.1_1    71.42%    passed     87.35%
1057  MN770597.1_1    71.29%    passed     99.86%
1058  MN770598.1_1    71.60%    passed     92.32%
1059  MN770600.1_1    72.03%    passed     92.70%
1060  MN770601.1_1    70.77%    passed     90.14%
1061  MN770602.1_1    70.81%    passed     47.58%
1062  MN770603.1_1    70.81%    passed     30.31%
1063  MN770607.1_1    71.03%    passed     90.07%
1064  MN770608.1_1    76.51%    passed     56.92%
1065  MN770610.1_1    71.03%    passed     89.41%
1066  MN770614.1_1    71.07%    passed     96.27%
1067  MN770617.1_1    70.68%    passed     93.57%
1068  MN770622.1_1    70.33%    passed     76.94%
1069  MN770623.1_1    70.55%    passed     76.80%
1070  MN770624.1_1    71.16%    passed     81.03%
1071  MN770626.1_1    71.12%    passed     99.98%
1072  MN770627.1_1    71.55%    passed     98.74%
1073  MN770630.1_1    71.03%    passed     57.99%
1074  MN770631.1_1    70.77%    passed     86.62%
1075  MN770632.1_1    71.25%    passed     71.87%
1076  MN770644.1_1    70.60%    passed     90.04%
1077  MN770646.1_1    71.20%    passed     96.22%
1078  MN770647.1_1    70.81%    passed     82.46%
1079  MN770649.1_1    70.86%    passed     73.81%
1080  MN770650.1_1    70.47%    passed     91.44%
1081  MN770651.1_1    70.81%    passed     96.49%
1082  MN770652.1_1    71.81%    passed     62.51%
1083  MN770653.1_1    72.34%    passed     99.94%
1084  MN770655.1_1    71.12%    passed     98.34%
1085  MN770656.1_1    70.29%    passed     49.65%
1086  MN770658.1_1    71.03%    passed     85.37%
1087  MN770659.1_1    70.42%    passed     90.20%
1088  MN770660.1_1    71.12%    passed     41.80%
1089  MN770662.1_1    70.81%    passed     97.61%
1090  MN770663.1_1    71.07%    passed     92.22%
1091  MN770670.1_1    70.68%    passed     68.80%
1092  MN770671.1_1    71.86%    passed     79.71%
1093  MN770672.1_1    70.60%    passed     98.77%
1094  MN770673.1_1    71.20%    passed     98.49%
1095  MN770678.1_1    70.94%    passed     65.72%
1096  MN770682.1_1    71.20%    passed     23.83%
1097  MN770683.1_1    71.16%    passed     97.45%
1098  MN770684.1_1    71.73%    passed     99.18%
1099  MN770685.1_1    71.77%    passed     74.55%
1100  MN770687.1_1    70.99%    passed     60.01%
1101  MN770692.1_1    71.51%    passed     96.20%
1102  MN770695.1_1    71.38%    passed     98.72%
1103  MN770696.1_1    71.51%    passed     99.84%
1104  MN770697.1_1    70.47%    passed     89.83%
1105  MN770698.1_1    71.68%    passed     46.73%
1106  MN770700.1_1    70.29%    passed     84.30%
1107  MN770701.1_1    70.90%    passed     38.45%
1108  MN770702.1_1    70.64%    passed     69.38%
1109  MN770703.1_1    71.51%    passed     99.76%
1110  MN770706.1_1    70.73%    passed     94.89%
1111  MN770707.1_1    70.94%    passed     53.22%
1112  MN770708.1_1    71.51%    passed     88.43%
1113  MN770710.1_1    72.03%    passed     95.65%
1114  MN770711.1_1    70.99%    passed     96.41%
1115  MN770713.1_1    71.47%    passed     99.18%
1116  MN770714.1_1    72.12%    passed     92.47%
1117  MN770717.1_1    71.34%    passed     34.09%
1118  MN770719.1_1    70.64%    passed     88.69%
1119  MN770724.1_1    71.81%    passed     98.66%
1120  MN770725.1_1    70.60%    passed     98.70%
1121  MN770726.1_1    70.86%    passed     68.01%
1122  MN770728.1_1    71.77%    passed     91.13%
1123  MN770732.1_1    70.38%    passed     49.73%
1124  MN770733.1_1    71.25%    passed     85.58%
1125  MN770736.1_1    71.86%    passed     74.00%
1126  MN770737.1_1    70.94%    passed     84.59%
1127  MN770740.1_1    70.90%    passed     34.17%
1128  MN770748.1_1    77.95%    passed     11.09%
1129  MN770750.1_1    70.60%    passed     87.33%
1130  MN770753.1_1    70.81%    passed     36.25%
1131  MN770758.1_1    70.47%    passed     94.36%
1132  MN770760.1_1    71.29%    passed     90.36%
1133  MN770761.1_1    70.68%    passed     35.70%
1134  MN770770.1_1    70.86%    failed      4.23%
1135  MN769772.1_1    71.29%    passed     15.69%
1136  MN769773.1_1    71.90%    passed     94.40%
1137  MN769774.1_1    70.77%    passed     61.49%
1138  MN769776.1_1    70.94%    passed     13.35%
1139  MN769780.1_1    70.94%    passed     82.92%
1140  MN769782.1_1    71.38%    passed     79.17%
1141  MN769785.1_1    71.20%    passed     75.83%
1142  MN769788.1_1    70.86%    passed     45.09%
1143  MN769789.1_1    71.12%    passed     99.91%
1144  MN769790.1_1    71.60%    passed     64.00%
1145  MN769793.1_1    70.81%    failed      1.50%
1146  MN769794.1_1    71.20%    passed     83.16%
1147  MN769795.1_1    70.73%    passed     31.35%
1148  MN769796.1_1    71.90%    passed     21.58%
1149  MN769797.1_1    71.60%    passed     76.11%
1150  MN769801.1_1    71.73%    passed     97.36%
1151  MN769802.1_1    70.33%    passed     25.49%
1152  MN769804.1_1    71.12%    passed     98.97%
1153  MN769805.1_1    71.12%    passed     44.98%
1154  MN769806.1_1    70.81%    passed     95.36%
1155  MN769809.1_1    71.34%    passed     81.40%
1156  MN769810.1_1    70.90%    passed     87.94%
1157  MN769816.1_1    70.81%    passed     36.84%
1158  MN769818.1_1    70.51%    passed     54.25%
1159  MN769824.1_1    71.12%    passed     60.90%
1160  MN769828.1_1    70.55%    passed     82.12%
1161  MN769832.1_1    70.77%    passed     82.75%
1162  MN769836.1_1    70.77%    passed     92.60%
1163  MN769837.1_1    70.77%    passed     68.42%
1164  MN769838.1_1    71.07%    passed     25.44%
1165  MN769840.1_1    71.64%    passed     93.99%
1166  MN769842.1_1    70.86%    passed     98.48%
1167  MN769843.1_1    71.12%    passed     10.81%
1168  MN769849.1_1    70.81%    passed     30.82%
1169  MN769850.1_1    71.29%    passed     77.14%
1170  MN769852.1_1    71.68%    passed     98.19%
1171  MN769853.1_1    71.12%    passed     46.13%
1172  MN769854.1_1    71.12%    passed     66.54%
1173  MN769855.1_1    71.47%    passed     96.39%
1174  MN769857.1_1    70.81%    passed     99.21%
1175  MN769858.1_1    71.64%    passed     90.27%
1176  MN769859.1_1    70.03%    passed     84.55%
1177  MN769860.1_1    71.60%    passed     47.34%
1178  MN769862.1_1    70.64%    passed     72.08%
1179  MN769863.1_1    71.03%    passed     99.46%
1180  MN769864.1_1    71.03%    passed     50.79%
1181  MN769867.1_1    70.81%    passed     84.09%
1182  MN769870.1_1    70.94%    passed     86.52%
1183  MN769872.1_1    70.64%    passed     39.61%
1184  MN769874.1_1    70.99%    passed     94.02%
1185  MN769876.1_1    71.12%    passed     95.84%
1186  MN769881.1_1    70.81%    passed     99.49%
1187  MN769882.1_1    70.33%    passed     34.91%
1188  MN769886.1_1    72.16%    passed     61.29%
1189  MN769887.1_1    71.29%    passed     96.21%
1190  MN769888.1_1    70.64%    passed     59.15%
1191  MN769890.1_1    70.90%    passed     88.59%
1192  MN769891.1_1    70.90%    passed     37.11%
1193  MN769897.1_1    70.99%    passed     51.09%
1194  MN769900.1_1    70.81%    passed     98.34%
1195  MN769901.1_1    71.25%    passed     91.24%
1196  MN769903.1_1    70.68%    passed     98.00%
1197  MN769904.1_1    70.64%    passed     72.43%
1198  MN769905.1_1    70.86%    passed     98.83%
1199  MN769910.1_1    70.86%    passed     50.74%
1200  MN769911.1_1    71.25%    passed     93.20%
1201  MN769914.1_1    70.68%    passed     99.22%
1202  MN769917.1_1    70.33%    passed     73.66%
1203  MN769918.1_1    71.07%    passed     96.31%
1204  MN769921.1_1    77.77%    passed     29.06%
1205  MN769923.1_1    71.55%    passed     91.00%
1206  MN769924.1_1    72.60%    passed     58.48%
1207  MN769925.1_1    70.64%    passed     95.35%
1208  MN769926.1_1    70.68%    passed     93.20%
1209  MN769927.1_1    70.81%    passed     82.94%
1210  MN769928.1_1    70.94%    passed     80.93%
1211  MN769930.1_1    71.12%    passed     92.97%
1212  MN769931.1_1    71.29%    passed     69.04%
1213  MN769939.1_1    70.73%    passed     98.49%
1214  MN769940.1_1    70.81%    passed     81.19%
1215  MN769945.1_1    76.34%    passed     22.84%
1216  MN769949.1_1    70.33%    passed     71.29%
1217  MN769950.1_1    70.77%    passed     99.77%
1218  MN769951.1_1    70.33%    passed     76.02%
1219  MN769954.1_1    71.60%    passed     91.85%
1220  MN769958.1_1    70.99%    passed     98.84%
1221  MN769962.1_1    70.99%    passed     98.62%
1222  MN769966.1_1    70.51%    passed     79.66%
1223  MN769967.1_1    70.77%    passed     48.94%
1224  MN769968.1_1    70.60%    passed     46.70%
1225  MN769969.1_1    71.20%    passed     54.38%
1226  MN769971.1_1    71.99%    passed     82.90%
1227  MN769972.1_1    71.03%    passed     42.71%
1228  MN769973.1_1    70.86%    passed     50.15%
1229  MN769974.1_1    70.55%    passed     92.95%
1230  MN769976.1_1    72.38%    passed     60.74%
1231  MN769977.1_1    70.16%    passed     82.88%
1232  MN769978.1_1    71.12%    passed    100.00%
1233  MN769981.1_1    70.81%    passed     76.53%
1234  MN769983.1_1    70.60%    passed     97.27%
1235  MN769985.1_1    70.68%    passed     30.29%
1236  MN769991.1_1    70.77%    passed    100.00%
1237  MN769993.1_1    70.99%    passed     90.90%
1238  MN769994.1_1    70.60%    passed     83.98%
1239  MN769997.1_1    71.55%    passed     93.13%
1240  MN769998.1_1    70.73%    passed     93.81%
1241  MN770002.1_1    71.12%    passed     48.93%
1242  MN770005.1_1    71.73%    passed     81.49%
1243  MN770009.1_1    71.07%    passed     86.81%
1244  MN770011.1_1    71.03%    passed     65.69%
1245  MN770015.1_1    71.77%    passed     71.91%
1246  MN770017.1_1    71.34%    passed     37.10%
1247  MN770019.1_1    70.99%    passed     72.63%
1248  MN770024.1_1    70.94%    passed     20.63%
1249  MN770026.1_1    71.81%    passed     99.94%
1250  MN770028.1_1    71.68%    passed     54.48%
1251  MN770030.1_1    70.94%    passed     72.21%
1252  MN770031.1_1    71.81%    passed     61.22%
1253  MN770034.1_1    71.60%    passed     47.84%
1254  MN770036.1_1    70.55%    passed     77.53%
1255  MN770037.1_1    70.47%    passed     99.30%
1256  MN770040.1_1    70.20%    passed     38.13%
1257  MN770044.1_1    70.68%    passed     85.49%
1258  MN770045.1_1    70.38%    passed     33.18%
1259  MN770046.1_1    70.86%    passed     42.11%
1260  MN770049.1_1    70.64%    passed     67.11%
1261  MN770050.1_1    71.12%    passed     84.81%
1262  MN770051.1_1    70.86%    passed     92.66%
1263  MN770053.1_1    71.51%    passed     22.62%
1264  MN770056.1_1    70.68%    passed     41.51%
1265  MN770059.1_1    70.68%    passed     99.84%
1266  MN770060.1_1    70.86%    failed      1.11%
1267  MN770061.1_1    70.07%    passed     99.27%
1268  MN770062.1_1    71.12%    passed     85.85%
1269  MN770063.1_1    70.81%    passed     82.59%
1270  MN770064.1_1    70.99%    passed     53.75%
1271  MN770067.1_1    71.55%    passed     33.25%
1272  MN770069.1_1    71.81%    passed     99.60%
1273  MN770071.1_1    70.77%    passed     35.08%
1274  MN770072.1_1    71.47%    passed     27.61%
1275  MN770075.1_1    70.25%    passed     88.52%
1276  MN770077.1_1    71.12%    passed     16.08%
1277  MN770078.1_1    71.20%    passed     97.24%
1278  MN770080.1_1    70.99%    passed     56.49%
1279  MN770081.1_1    70.81%    passed     96.17%
1280  MN770082.1_1    70.68%    passed     90.61%
1281  MN770086.1_1    70.94%    passed     89.18%
1282  MN770087.1_1    70.99%    passed     16.92%
1283  MN770088.1_1    71.07%    passed     49.10%
1284  MN770091.1_1    70.25%    passed     40.54%
1285  MN770092.1_1    70.42%    passed     49.92%
1286  MN770093.1_1    71.07%    passed     49.48%
1287  MN770094.1_1    71.47%    passed     96.94%
1288  MN770097.1_1    71.03%    passed     84.27%
1289  MN770099.1_1    70.81%    passed     88.18%
1290  MN770101.1_1    71.07%    passed     80.24%
1291  MN770103.1_1    70.64%    passed     25.53%
1292  MN770104.1_1    72.07%    passed     77.86%
1293  MN770105.1_1    71.25%    passed     83.77%
1294  MN770106.1_1    71.07%    passed     84.89%
1295  MN770108.1_1    71.81%    passed     74.50%
1296  MN770109.1_1    71.68%    passed     95.13%
1297  MN770111.1_1    70.99%    passed     88.65%
1298  MN770112.1_1    70.07%    passed     87.39%
1299  MN770114.1_1    71.20%    passed     90.01%
1300  MN770118.1_1    71.60%    passed     88.73%
1301  MN770119.1_1    71.20%    passed     19.68%
1302  MN770121.1_1    71.16%    passed     99.58%
1303  MN770122.1_1    71.47%    passed     97.13%
1304  MN770123.1_1    71.07%    passed     94.71%
1305  MN770124.1_1    70.51%    failed      2.13%
1306  MN770125.1_1    71.55%    passed     64.87%
1307  MN770127.1_1    71.03%    passed     79.25%
1308  MN770128.1_1    70.86%    passed     35.01%
1309  MN770129.1_1    72.21%    passed     33.80%
1310  MN770131.1_1    70.64%    passed     35.98%
1311  MN770132.1_1    72.07%    passed     10.44%
1312  MN770133.1_1    71.94%    passed     93.99%
1313  MN770134.1_1    71.94%    passed     63.94%
1314  MN770136.1_1    71.12%    passed     97.55%
1315  MN770137.1_1    70.38%    passed     40.96%
1316  MN770138.1_1    71.34%    passed     95.54%
1317  MN770140.1_1    70.38%    passed     64.76%
1318  MN770143.1_1    71.25%    passed     63.91%
1319  MN770145.1_1    70.86%    passed     41.11%
1320  MN770146.1_1    71.77%    passed     81.57%
1321  MN770147.1_1    70.20%    passed     30.94%
1322  MN770148.1_1    72.07%    passed     48.59%
1323  MN770149.1_1    70.73%    passed     84.99%
1324  MN770153.1_1    71.20%    passed     33.63%
1325  MN770154.1_1    71.29%    passed     38.59%
1326  MN770160.1_1    70.90%    passed     71.34%
1327  MN770161.1_1    70.47%    passed     90.45%
1328  MN770164.1_1    70.90%    passed     78.07%
1329  MN770168.1_1    71.38%    passed     95.81%
1330  MN770170.1_1    71.03%    passed     74.01%
1331  MN770172.1_1    70.20%    passed     30.72%
1332  MN770174.1_1    70.81%    passed     41.73%
1333  MN770177.1_1    70.94%    passed     54.11%
1334  MN770179.1_1    70.68%    passed     97.90%
1335  MN770181.1_1    70.81%    passed     69.54%
1336  MN770184.1_1    70.60%    passed     91.78%
1337  MN770185.1_1    70.73%    passed     86.88%
1338  MN770187.1_1    71.34%    passed     76.73%
1339  MN770189.1_1    71.47%    passed     97.15%
1340  MN770190.1_1    70.86%    passed     88.72%
1341  MN770191.1_1    71.25%    passed     88.66%
1342  MN770193.1_1    70.47%    passed     83.76%
1343  MN770194.1_1    70.90%    passed     73.36%
1344  MN770196.1_1    70.55%    passed     68.22%
1345  MN770199.1_1    70.51%    passed     86.99%
1346  MN770201.1_1    70.38%    passed     45.13%
1347  MN770202.1_1    70.60%    passed     58.70%
1348  MN770204.1_1    70.47%    passed     84.38%
1349  MN770209.1_1    71.73%    passed     28.57%
1350  MN770213.1_1    75.29%    passed      6.30%
1351  MN770214.1_1    70.81%    passed     89.81%
1352  MN770216.1_1    70.42%    passed     90.15%
1353  MN770217.1_1    70.90%    passed     90.89%
1354  MN770218.1_1    70.42%    passed     84.34%
1355  MN770219.1_1    70.81%    passed     50.98%
1356  MN770220.1_1    71.42%    passed     97.77%
1357  MN770224.1_1    70.68%    passed     34.74%
1358  MN770227.1_1    70.77%    passed     73.77%
1359  MN770228.1_1    70.99%    passed     28.43%
1360  MN770229.1_1    70.99%    passed     17.23%
1361  MN770230.1_1    71.03%    passed     13.16%
1362  MN770231.1_1    70.42%    passed     86.27%
1363  MN770232.1_1    70.42%    passed     78.12%
1364  MN770233.1_1    71.47%    failed      3.15%
1365  MN770234.1_1    71.73%    passed     96.82%
1366  MN770235.1_1    70.25%    passed     58.85%
1367  MN770236.1_1    70.38%    passed     41.60%
1368  MN770238.1_1    70.20%    passed     33.32%
1369  MN770239.1_1    70.90%    passed     64.49%
1370  MN770243.1_1    72.64%    passed     86.00%
1371  MN770244.1_1    70.90%    passed     21.48%
1372  MN770246.1_1    71.42%    passed     99.85%
1373  MN770248.1_1    70.77%    passed     45.19%
1374  MN770249.1_1    72.47%    passed     69.61%
1375  MN770250.1_1    71.29%    passed     99.49%
1376  MN770252.1_1    70.64%    passed     93.17%
1377  MN770259.1_1    72.64%    passed     95.31%
1378  MN770260.1_1    71.73%    passed     97.04%
1379  MN770262.1_1    71.12%    passed     76.11%
1380  MN770264.1_1    71.73%    passed     92.67%
1381  MN770265.1_1    71.77%    passed     84.06%
1382  MN770266.1_1    72.42%    passed     53.86%
1383  MN770267.1_1    72.68%    passed     61.20%
1384  MN770273.1_1    72.16%    passed     98.80%
1385  MN769269.1_1    71.38%    passed     84.42%
1386  MN769270.1_1    71.20%    passed     80.63%
1387  MN769273.1_1    71.25%    passed     33.77%
1388  MN769274.1_1    71.16%    passed     42.02%
1389  MN769281.1_1    70.73%    passed     96.46%
1390  MN769282.1_1    70.42%    passed      6.35%
1391  MN769283.1_1    70.81%    passed      7.90%
1392  MN769286.1_1    71.03%    passed     95.94%
1393  MN769289.1_1    70.77%    passed     92.80%
1394  MN769292.1_1    71.20%    passed     96.58%
1395  MN769293.1_1    70.42%    passed     36.22%
1396  MN769294.1_1    71.34%    passed     91.00%
1397  MN769297.1_1    70.94%    passed     45.84%
1398  MN769298.1_1    70.90%    passed     91.43%
1399  MN769300.1_1    70.94%    passed     87.50%
1400  MN769301.1_1    71.12%    passed     94.38%
1401  MN769302.1_1    70.55%    passed     94.66%
1402  MN769303.1_1    70.73%    passed     75.73%
1403  MN769304.1_1    71.03%    passed     13.66%
1404  MN769305.1_1    70.60%    passed     39.61%
1405  MN769308.1_1    71.51%    passed     95.44%
1406  MN769309.1_1    71.42%    passed     89.12%
1407  MN769310.1_1    71.03%    passed     29.72%
1408  MN769311.1_1    70.51%    passed     65.22%
1409  MN769314.1_1    71.07%    passed     97.00%
1410  MN769316.1_1    70.55%    passed     89.76%
1411  MN769318.1_1    71.16%    passed     81.74%
1412  MN769319.1_1    71.34%    passed     60.34%
1413  MN769320.1_1    71.07%    passed     85.50%
1414  MN769321.1_1    70.55%    passed      7.39%
1415  MN769323.1_1    71.16%    passed     93.76%
1416  MN769324.1_1    71.25%    passed     98.31%
1417  MN769325.1_1    70.47%    passed     48.57%
1418  MN769329.1_1    71.47%    passed     95.74%
1419  MN769330.1_1    70.99%    passed     48.47%
1420  MN769332.1_1    71.29%    passed     96.66%
1421  MN769333.1_1    71.03%    passed     91.55%
1422  MN769335.1_1    71.25%    passed     85.84%
1423  MN769336.1_1    70.16%    passed     59.27%
1424  MN769337.1_1    70.99%    passed     96.98%
1425  MN769340.1_1    70.81%    passed     75.02%
1426  MN769342.1_1    71.34%    passed     99.08%
1427  MN769344.1_1    70.55%    passed     48.72%
1428  MN769346.1_1    71.12%    passed     31.31%
1429  MN769347.1_1    71.42%    passed     99.35%
1430  MN769348.1_1    70.64%    passed     87.66%
1431  MN769349.1_1    70.81%    passed     19.36%
1432  MN769350.1_1    71.16%    passed     36.97%
1433  MN769351.1_1    70.94%    passed     83.01%
1434  MN769353.1_1    71.60%    passed      7.14%
1435  MN769355.1_1    71.55%    passed     99.89%
1436  MN769356.1_1    71.34%    passed     79.58%
1437  MN769357.1_1    71.20%    passed     92.73%
1438  MN769358.1_1    71.20%    passed     75.51%
1439  MN769359.1_1    71.25%    passed     93.01%
1440  MN769363.1_1    70.81%    passed     77.21%
1441  MN769365.1_1    70.81%    passed     70.44%
1442  MN769367.1_1    70.90%    passed     13.93%
1443  MN769369.1_1    70.60%    passed     69.24%
1444  MN769372.1_1    71.07%    passed     83.14%
1445  MN769373.1_1    70.47%    passed     67.82%
1446  MN769375.1_1    71.12%    passed     74.82%
1447  MN769376.1_1    78.77%    failed      0.70%
1448  MN769380.1_1    70.42%    passed     84.67%
1449  MN769382.1_1    70.77%    passed     45.84%
1450  MN769383.1_1    71.64%    passed     67.24%
1451  MN769384.1_1    71.16%    passed     98.60%
1452  MN769386.1_1    71.60%    passed     93.63%
1453  MN769389.1_1    71.47%    passed     95.65%
1454  MN769390.1_1    70.68%    passed     51.76%
1455  MN769392.1_1    71.12%    passed     86.50%
1456  MN769395.1_1    70.51%    passed     93.60%
1457  MN769398.1_1    71.16%    passed     38.89%
1458  MN769401.1_1    71.42%    passed     78.04%
1459  MN769402.1_1    70.42%    passed     67.75%
1460  MN769403.1_1    70.64%    passed     99.85%
1461  MN769404.1_1    70.29%    passed      7.70%
1462  MN769405.1_1    71.25%    passed     58.20%
1463  MN769407.1_1    70.60%    passed     48.51%
1464  MN769409.1_1    70.81%    passed     59.46%
1465  MN769410.1_1    71.34%    passed     92.15%
1466  MN769412.1_1    71.86%    passed     91.43%
1467  MN769414.1_1    70.47%    passed     46.40%
1468  MN769415.1_1    71.20%    passed     84.26%
1469  MN769416.1_1    71.60%    passed     78.86%
1470  MN769417.1_1    70.77%    passed     55.72%
1471  MN769418.1_1    70.73%    passed     93.82%
1472  MN769425.1_1    70.81%    passed     13.45%
1473  MN769426.1_1    71.38%    passed     98.94%
1474  MN769427.1_1    71.42%    passed     51.62%
1475  MN769428.1_1    70.81%    passed      8.01%
1476  MN769432.1_1    71.77%    passed     86.70%
1477  MN769433.1_1    71.16%    passed     76.46%
1478  MN769434.1_1    71.07%    passed     71.10%
1479  MN769436.1_1    71.12%    passed     97.64%
1480  MN769437.1_1    71.47%    passed     66.14%
1481  MN769438.1_1    72.07%    passed     42.98%
1482  MN769440.1_1    71.29%    passed     26.33%
1483  MN769441.1_1    70.47%    passed     37.34%
1484  MN769442.1_1    71.07%    passed     60.05%
1485  MN769446.1_1    71.60%    passed     98.31%
1486  MN769447.1_1    70.68%    passed     83.90%
1487  MN769448.1_1    70.55%    passed     43.57%
1488  MN769449.1_1    71.03%    passed     93.58%
1489  MN769450.1_1    71.07%    passed     94.73%
1490  MN769451.1_1    71.07%    passed     28.18%
1491  MN769453.1_1    71.03%    passed     99.30%
1492  MN769454.1_1    70.47%    passed     63.55%
1493  MN769455.1_1    71.20%    passed     43.18%
1494  MN769457.1_1    70.64%    passed     99.89%
1495  MN769459.1_1    70.64%    passed     73.56%
1496  MN769460.1_1    70.90%    passed     73.13%
1497  MN769461.1_1    70.90%    passed      9.85%
1498  MN769463.1_1    71.94%    passed     74.03%
1499  MN769464.1_1    71.77%    passed     85.47%
1500  MN769465.1_1    71.12%    passed     66.49%
1501  MN769466.1_1    71.20%    passed     95.80%
1502  MN769470.1_1    70.68%    passed     19.64%
1503  MN769472.1_1    71.29%    passed     73.98%
1504  MN769473.1_1    70.55%    passed     91.71%
1505  MN769475.1_1    70.33%    passed     10.34%
1506  MN769476.1_1    71.25%    passed     97.05%
1507  MN769480.1_1    70.90%    passed     97.98%
1508  MN769482.1_1    74.47%    passed     37.27%
1509  MN769484.1_1    71.20%    passed     87.23%
1510  MN769492.1_1    70.99%    passed     44.62%
1511  MN769494.1_1    70.47%    passed     72.11%
1512  MN769497.1_1    71.38%    passed     98.78%
1513  MN769500.1_1    71.94%    passed     90.05%
1514  MN769501.1_1    71.47%    passed     37.08%
1515  MN769506.1_1    71.34%    passed     96.31%
1516  MN769507.1_1    70.68%    passed     22.15%
1517  MN769508.1_1    70.51%    passed     79.84%
1518  MN769510.1_1    70.20%    passed     88.28%
1519  MN769513.1_1    71.12%    passed     98.52%
1520  MN769515.1_1    71.03%    passed     25.12%
1521  MN769519.1_1    70.60%    passed     49.26%
1522  MN769522.1_1    70.77%    passed     96.20%
1523  MN769523.1_1    71.34%    passed     71.58%
1524  MN769524.1_1    70.77%    passed     93.35%
1525  MN769525.1_1    71.25%    passed     50.62%
1526  MN769527.1_1    71.29%    passed     99.18%
1527  MN769532.1_1    71.20%    passed     79.26%
1528  MN769533.1_1    70.77%    passed     93.64%
1529  MN769535.1_1    70.55%    passed     64.65%
1530  MN769537.1_1    70.86%    passed     69.88%
1531  MN769540.1_1    71.16%    passed     70.34%
1532  MN769541.1_1    70.81%    passed     96.66%
1533  MN769542.1_1    70.90%    passed     80.21%
1534  MN769543.1_1    71.34%    passed     57.13%
1535  MN769544.1_1    71.38%    passed     99.40%
1536  MN769545.1_1    71.12%    passed     87.30%
1537  MN769546.1_1    71.73%    passed     90.52%
1538  MN769549.1_1    70.94%    passed     59.32%
1539  MN769550.1_1    70.51%    passed     93.33%
1540  MN769552.1_1    70.99%    passed     42.40%
1541  MN769554.1_1    70.68%    passed     34.90%
1542  MN769556.1_1    71.99%    passed     88.89%
1543  MN769558.1_1    71.12%    passed     83.66%
1544  MN769559.1_1    70.68%    passed     21.79%
1545  MN769560.1_1    70.94%    passed     15.48%
1546  MN769561.1_1    70.73%    passed     53.94%
1547  MN769562.1_1    70.77%    passed     99.72%
1548  MN769563.1_1    71.12%    passed     76.71%
1549  MN769564.1_1    71.07%    passed     65.29%
1550  MN769565.1_1    71.34%    passed     61.88%
1551  MN769566.1_1    70.81%    failed      1.44%
1552  MN769567.1_1    71.29%    passed     44.69%
1553  MN769568.1_1    71.60%    passed     98.70%
1554  MN769569.1_1    71.77%    passed     98.07%
1555  MN769573.1_1    71.90%    passed     88.80%
1556  MN769574.1_1    70.03%    passed     41.18%
1557  MN769576.1_1    71.73%    passed     95.62%
1558  MN769577.1_1    71.20%    passed     92.93%
1559  MN769578.1_1    71.20%    passed     94.59%
1560  MN769579.1_1    71.25%    passed     97.86%
1561  MN769580.1_1    70.55%    passed     76.42%
1562  MN769581.1_1    71.94%    passed     86.41%
1563  MN769583.1_1    70.81%    passed     55.60%
1564  MN769584.1_1    71.16%    passed     23.76%
1565  MN769585.1_1    70.77%    passed     83.89%
1566  MN769586.1_1    70.81%    passed     94.93%
1567  MN769587.1_1    70.68%    passed     99.46%
1568  MN769589.1_1    70.77%    passed     64.82%
1569  MN769596.1_1    70.07%    passed     98.83%
1570  MN769597.1_1    70.99%    passed     96.04%
1571  MN769598.1_1    70.90%    passed     71.36%
1572  MN769599.1_1    70.94%    passed      5.42%
1573  MN769600.1_1    70.64%    passed     67.82%
1574  MN769602.1_1    72.07%    passed     28.44%
1575  MN769605.1_1    70.16%    passed     66.61%
1576  MN769606.1_1    71.20%    passed     99.79%
1577  MN769608.1_1    71.29%    passed     91.66%
1578  MN769611.1_1    71.12%    passed     70.59%
1579  MN769612.1_1    70.38%    passed     95.32%
1580  MN769614.1_1    70.99%    passed     58.69%
1581  MN769615.1_1    70.20%    passed     97.33%
1582  MN769616.1_1    70.94%    passed     78.92%
1583  MN769617.1_1    71.20%    passed     88.38%
1584  MN769618.1_1    71.47%    passed     98.14%
1585  MN769619.1_1    70.86%    passed     66.68%
1586  MN769620.1_1    71.34%    passed     35.22%
1587  MN769621.1_1    71.03%    passed     40.14%
1588  MN769625.1_1    70.90%    passed     54.96%
1589  MN769627.1_1    70.68%    passed     36.81%
1590  MN769629.1_1    71.55%    passed     98.59%
1591  MN769630.1_1    70.81%    passed     98.14%
1592  MN769632.1_1    71.60%    passed     97.48%
1593  MN769633.1_1    71.38%    passed     70.67%
1594  MN769639.1_1    70.90%    passed     58.00%
1595  MN769641.1_1    70.94%    passed     89.15%
1596  MN769642.1_1    70.86%    passed     78.66%
1597  MN769647.1_1    71.51%    passed     53.80%
1598  MN769648.1_1    71.07%    passed     39.15%
1599  MN769649.1_1    71.12%    passed     82.24%
1600  MN769650.1_1    71.42%    passed     96.48%
1601  MN769651.1_1    71.55%    passed     81.99%
1602  MN769658.1_1    70.94%    passed     39.60%
1603  MN769659.1_1    71.12%    passed     45.23%
1604  MN769661.1_1    71.16%    passed     40.50%
1605  MN769662.1_1    71.25%    passed     74.11%
1606  MN769663.1_1    71.03%    passed     15.97%
1607  MN769665.1_1    71.47%    passed     57.27%
1608  MN769666.1_1    70.20%    passed     76.16%
1609  MN769667.1_1    71.07%    passed     61.14%
1610  MN769670.1_1    70.51%    passed     63.41%
1611  MN769671.1_1    71.16%    passed     83.06%
1612  MN769676.1_1    70.86%    passed     42.50%
1613  MN769678.1_1    71.29%    passed     97.66%
1614  MN769680.1_1    70.64%    passed     78.66%
1615  MN769682.1_1    71.25%    passed     97.03%
1616  MN769684.1_1    71.03%    passed     86.57%
1617  MN769686.1_1    71.29%    passed     92.19%
1618  MN769690.1_1    71.03%    passed     52.05%
1619  MN769692.1_1    70.90%    passed     75.10%
1620  MN769694.1_1    70.81%    failed      0.79%
1621  MN769695.1_1    70.60%    passed     57.21%
1622  MN769701.1_1    70.94%    passed     54.87%
1623  MN769702.1_1    70.94%    passed     86.40%
1624  MN769705.1_1    70.47%    passed     53.95%
1625  MN769706.1_1    71.25%    passed     96.33%
1626  MN769711.1_1    70.55%    passed     92.69%
1627  MN769713.1_1    71.34%    passed     46.48%
1628  MN769716.1_1    71.51%    passed     98.92%
1629  MN769719.1_1    71.20%    passed     66.28%
1630  MN769721.1_1    70.94%    passed     87.19%
1631  MN769722.1_1    70.86%    passed     92.07%
1632  MN769730.1_1    70.81%    passed     82.04%
1633  MN769732.1_1    71.03%    passed     88.36%
1634  MN769733.1_1    75.51%    passed     46.87%
1635  MN769734.1_1    70.77%    passed     70.05%
1636  MN769737.1_1    71.34%    passed     30.92%
1637  MN769738.1_1    71.38%    passed     48.28%
1638  MN769739.1_1    71.12%    passed     99.38%
1639  MN769742.1_1    71.07%    passed     16.14%
1640  MN769746.1_1    70.73%    passed     58.99%
1641  MN769747.1_1    71.20%    passed     83.23%
1642  MN769748.1_1    70.29%    passed     10.34%
1643  MN769749.1_1    71.51%    passed     84.34%
1644  MN769756.1_1    70.73%    passed     61.28%
1645  MN769763.1_1    70.47%    passed     17.03%
1646  MN769768.1_1    70.55%    passed     98.15%
1647  KM593802.2_1    66.72%    failed      0.08%
1648  KP036971.1_1    72.07%    passed     14.67%
1649  KP343818.1_1    70.99%    passed     64.46%
1650  KP343819.1_1    70.55%    passed     72.34%
1651  KP343820.1_1    71.25%    passed     98.88%
1652  KP343821.1_1    71.34%    passed     58.78%
1653  KP343822.1_1    79.03%    failed      2.26%
1654  KP343824.1_1    79.16%    passed     13.21%
1655  KP343825.1_1    71.42%    passed     32.77%
1656  KP343826.1_1    71.55%    passed     55.35%
1657  KP343827.1_1    71.34%    passed     50.98%
1658  KP343829.1_1    71.03%    passed     53.89%
1659  KP343830.1_1    71.03%    passed     40.04%
1660  KP343832.1_1    71.29%    passed    100.00%
1661  KP343833.1_1    70.64%    passed     35.89%
1662  KP343834.1_1    69.25%    passed     64.90%
1663  KP343835.1_1    83.51%    failed      1.37%
1664  KP343836.1_1    82.99%    passed      5.62%
1665  KP343837.1_1    67.73%    failed      4.31%
1666  KP343838.1_1    67.12%    failed      0.88%
1667  KP343839.1_1    71.25%    passed     23.33%
1668  KP343840.1_1    65.81%    failed      2.91%
1669  KP343841.1_1    66.51%    failed      0.01%
1670  KP343842.1_1    64.16%    failed      1.87%
1671  KP343843.1_1    67.12%    passed      8.02%
1672  KP343844.1_1    67.64%    passed     15.14%
1673  KP343845.1_1    66.81%    failed      0.05%
1674  KP343846.1_1    67.12%    failed      1.13%
1675  KP343847.1_1    71.16%    passed     56.22%
1676  KP343848.1_1    71.16%    passed     63.97%
1677  KP343849.1_1    71.12%    passed     78.99%
1678  KP343850.1_1    71.34%    passed     31.83%
1679  KP343851.1_1    70.99%    passed     52.38%
1680  KP343852.1_1    70.68%    passed     81.71%
1681  KP343853.1_1    70.94%    passed     26.13%
1682  KP343854.1_1    69.94%    passed     13.03%
1683  KP343856.1_1    71.86%    passed     90.37%
1684  KP343857.1_1    78.77%    passed     34.17%
1685  KP343858.1_1    72.55%    passed     79.08%
1686  KP343860.1_1    80.25%    failed      0.36%
1687  KP343862.1_1    70.55%    passed     52.52%
1688  KP343864.1_1    71.12%    passed     98.61%
1689  KU041847.1_1    71.90%    passed     75.35%
1690  KU243129.1_1    71.90%    passed     35.60%
1691  KX810064.1_1    70.60%    passed     38.29%
1692  KY462757.1_1    75.69%    passed     71.80%
1693  KY462758.1_1    71.60%    passed     98.40%
1694  KY462770.1_1    71.16%    passed     41.77%
1695  KY856742.1_1    70.42%    passed     84.38%
1696  LC381845.1_1    71.16%    passed     87.52%
1697  LC385662.1_1    67.68%    failed      0.10%
1698  MH017548.1_1    71.16%    passed     45.97%
1699  MH017554.1_1    71.16%    passed      6.84%
1700  MH017556.1_1    70.94%    passed     57.49%
1701  MH017563.1_1    71.42%    passed     87.85%
1702  MH017566.1_1    71.42%    passed     96.40%
1703  MH017570.1_1    64.16%    failed      0.00%
1704  MH017577.1_1    64.16%    failed      0.00%
1705  MH017583.1_1    64.16%    failed      0.00%
1706  MH648892.1_1    71.07%    passed     79.32%
1707  MH648893.1_1    66.77%    failed      0.47%
1708  MH648897.1_1    71.51%    passed     99.98%
1709  MH648900.1_1    69.64%    passed     80.62%
1710  MH648901.1_1    67.99%    failed      0.25%
1711  MH648907.1_1    71.20%    passed     43.74%
1712  MH648910.1_1    78.34%    passed     17.70%
1713  MH648911.1_1    79.95%    failed      4.13%
1714  MH648912.1_1    71.07%    passed     25.95%
1715  MH648913.1_1    71.99%    passed     21.33%
1716  MH648916.1_1    66.90%    failed      1.57%
1717  MH648922.1_1    78.38%    passed     13.53%
1718  MH648925.1_1    66.29%    failed      0.02%
1719  MH648942.1_1    79.51%    failed      3.75%
1720  MH648946.1_1    76.08%    passed     40.68%
1721  MH648950.1_1    81.95%    failed      0.25%
1722  MH648957.1_1    80.69%    passed     47.29%
1723  MH648958.1_1    67.86%    failed      0.04%
1724  MH648959.1_1    75.03%    failed      2.81%
1725  MH648962.1_1    72.12%    passed     55.51%
1726  MH648966.1_1    76.73%    failed      0.86%
1727  MH648969.1_1    66.64%    failed      0.11%
1728  MH648976.1_1    69.81%    failed      0.02%
1729  MH648977.1_1    71.20%    passed     80.99%
1730  MH648982.1_1    71.25%    passed     55.57%
1731  MH648983.1_1    72.03%    passed     78.68%
1732  MH648985.1_1    71.12%    passed     29.17%
1733  MH648986.1_1    70.90%    passed     91.34%
1734  MH648989.1_1    71.42%    passed     94.60%
1735  MH648990.1_1    71.64%    passed     38.73%
1736  MH648995.1_1    77.82%    failed      0.00%
1737  MH648997.1_1    67.20%    passed      5.59%
1738  MH648999.1_1    73.47%    passed     97.35%
1739  MH649002.1_1    71.51%    passed     99.93%
1740  MH649006.1_1    71.38%    passed     98.79%
1741  MH649009.1_1    77.82%    passed     81.19%
1742  MH649011.1_1    70.90%    passed     30.89%
1743  MH649014.1_1    66.77%    failed      4.36%
1744  MH649017.1_1    72.07%    passed     10.89%
1745  MH649022.1_1    66.55%    failed      0.86%
1746  MH649023.1_1    72.12%    passed     61.45%
1747  MH649028.1_1    70.94%    passed     41.60%
1748  MH649029.1_1    78.34%    passed     65.18%
1749  MH649037.1_1    80.17%    failed      0.00%
1750  MH649039.1_1    70.03%    failed      3.59%
1751  MH649040.1_1    70.60%    passed     58.94%
1752  MH649042.1_1    66.99%    failed      0.03%
1753  MH649045.1_1    70.51%    passed     90.51%
1754  MH649051.1_1    72.42%    passed     88.02%
1755  MH649056.1_1    76.64%    passed     17.70%
1756  MH649061.1_1    70.81%    passed     46.34%
1757  MH649062.1_1    67.38%    passed     18.65%
1758  MH649063.1_1    67.86%    passed     15.23%
1759  MH649068.1_1    75.64%    failed      2.11%
1760  MH649070.1_1    72.12%    passed     45.08%
1761  MH649077.1_1    71.60%    passed     99.48%
1762  MH649083.1_1    71.42%    passed     66.31%
1763  MH649084.1_1    76.34%    passed     14.59%
1764  MH649085.1_1    81.17%    failed      2.71%
1765  MH649087.1_1    78.77%    passed     13.26%
1766  MH649092.1_1    68.03%    failed      0.08%
1767  MH649101.1_1    76.77%    passed     66.40%
1768  MH649104.1_1    71.25%    passed     20.69%
1769  MH649106.1_1    71.25%    passed     99.95%
1770  MH649109.1_1    81.91%    passed     16.52%
1771  MH649113.1_1    73.73%    passed      7.44%
1772  MH649114.1_1    72.03%    passed     99.74%
1773  MH649122.1_1    65.81%    failed      0.43%
1774  MH649125.1_1    70.60%    passed     94.98%
1775  MH649127.1_1    65.55%    passed     80.43%
1776  MH649129.1_1    79.43%    failed      0.38%
1777  MH649137.1_1    66.07%    failed      0.01%
1778  MH649141.1_1    71.20%    passed     95.43%
1779  MH649142.1_1    70.64%    passed      9.64%
1780  MH649144.1_1    72.12%    passed     59.48%
1781  MH649152.1_1    71.64%    passed     88.93%
1782  MH649156.1_1    68.03%    failed      0.01%
1783  MH649157.1_1    70.60%    passed     59.18%
1784  MH649158.1_1    67.64%    passed     23.38%
1785  MH649161.1_1    71.07%    passed     91.99%
1786  MH649165.1_1    71.73%    passed     27.20%
1787  MH649172.1_1    70.73%    passed      7.29%
1788  MH649174.1_1    73.60%    passed     13.75%
1789  MH649178.1_1    67.86%    failed      2.88%
1790  MH649183.1_1    70.51%    passed     82.00%
1791  MH649185.1_1    79.56%    passed      8.45%
1792  MH649186.1_1    70.68%    failed      3.20%
1793  MH649189.1_1    70.64%    passed     94.94%
1794  MH649199.1_1    70.16%    passed     83.94%
1795  MH649204.1_1    71.64%    passed     57.74%
1796  MH649209.1_1    75.47%    passed     45.79%
1797  MH649210.1_1    67.38%    failed      0.53%
1798  MH649212.1_1    72.07%    passed      7.73%
1799  MH649217.1_1    72.51%    passed     75.03%
1800  MH649223.1_1    71.34%    passed     43.86%
1801  MH649224.1_1    70.73%    passed     71.63%
1802  MH649228.1_1    70.51%    passed     80.74%
1803  MH649229.1_1    71.20%    passed     67.24%
1804  MH649241.1_1    71.34%    passed     81.64%
1805  MH649242.1_1    67.99%    failed      0.17%
1806  MH649254.1_1    71.25%    passed     87.09%
1807  MH649255.1_1    77.29%    passed     31.88%
1808  MH649256.1_1    67.73%    passed     12.98%
1809  MH649258.1_1    67.81%    failed      0.00%
1810  MH649263.1_1    71.51%    passed     88.80%
1811  MK139485.1_1    70.68%    passed      6.12%
1812  MK212029.1_1    71.60%    passed     59.54%
1813  MK212030.1_1    71.29%    passed     85.88%
1814  MK212031.1_1    70.90%    passed     93.10%
1815  MK212032.1_1    71.12%    passed     52.05%
1816  MK820644.1_1    78.03%    failed      0.07%
1817  MK820645.1_1    76.51%    failed      0.05%
1818  MK820646.1_1    66.94%    failed      0.27%
1819  MN765195.1_1    67.55%    passed      5.39%
1820  MN765196.1_1    66.64%    failed      0.05%
1821  MN765197.1_1    67.81%    failed      0.03%
1822  MN765198.1_1    68.03%    passed      9.48%
1823  MN765199.1_1    67.29%    passed      7.56%
1824  MN765200.1_1    66.81%    failed      1.23%
1825  MN765201.1_1    67.38%    failed      0.02%
1826  MN765202.1_1    67.25%    failed      0.14%
1827  MN765203.1_1    67.33%    passed     39.70%
1828  MN768559.1_1    76.03%    passed     48.10%
1829  MN768560.1_1    75.90%    passed     12.00%
1830  MN768561.1_1    71.64%    passed     41.86%
1831  MN768562.1_1    71.81%    passed      7.73%
1832  MN768563.1_1    71.94%    passed     27.80%
1833  MN768564.1_1    71.99%    passed     14.38%
1834  MN768565.1_1    71.86%    passed     26.19%
1835  MN768566.1_1    73.73%    passed     24.41%
1836  MN768568.1_1    72.12%    passed     39.83%
1837  MN769027.1_1    70.68%    passed     56.49%
1838  MN769028.1_1    71.29%    passed     30.46%
1839  MN769029.1_1    71.34%    passed     49.55%
1840  MN769032.1_1    71.07%    passed     56.86%
1841  MN769033.1_1    71.47%    passed     68.50%
1842  MN769034.1_1    71.34%    passed     91.95%
1843  MN769035.1_1    70.68%    passed     29.54%
1844  MN769037.1_1    71.29%    passed     24.34%
1845  MN769038.1_1    71.12%    passed     74.89%
1846  MN769040.1_1    70.94%    passed     78.99%
1847  MN769041.1_1    70.38%    passed     19.18%
1848  MN769042.1_1    70.47%    passed     40.66%
1849  MN769044.1_1    70.81%    passed     17.13%
1850  MN769045.1_1    70.77%    passed     96.69%
1851  MN769046.1_1    70.47%    passed     42.86%
1852  MN769051.1_1    70.81%    passed     40.23%
1853  MN769052.1_1    71.25%    passed     96.24%
1854  MN769055.1_1    70.99%    passed     42.20%
1855  MN769056.1_1    71.38%    passed     99.90%
1856  MN769057.1_1    70.51%    passed     65.96%
1857  MN769058.1_1    71.16%    passed     44.51%
1858  MN769059.1_1    70.51%    passed     42.37%
1859  MN769060.1_1    70.81%    passed     97.60%
1860  MN769062.1_1    71.38%    passed     99.76%
1861  MN769067.1_1    71.25%    passed     96.59%
1862  MN769068.1_1    70.90%    passed     81.72%
1863  MN769070.1_1    72.03%    passed     87.86%
1864  MN769071.1_1    71.60%    passed     87.77%
1865  MN769073.1_1    71.51%    passed     99.62%
1866  MN769074.1_1    71.12%    passed     17.87%
1867  MN769076.1_1    70.51%    failed      4.04%
1868  MN769077.1_1    70.07%    passed     82.25%
1869  MN769082.1_1    71.42%    passed     86.43%
1870  MN769083.1_1    70.77%    passed     71.42%
1871  MN769084.1_1    71.29%    passed     94.13%
1872  MN769087.1_1    71.03%    passed     68.03%
1873  MN769089.1_1    70.94%    passed     97.10%
1874  MN769096.1_1    71.34%    passed     99.79%
1875  MN769100.1_1    71.20%    passed     91.97%
1876  MN769101.1_1    71.34%    passed     16.07%
1877  MN769103.1_1    70.73%    passed     97.86%
1878  MN769104.1_1    71.42%    passed     59.57%
1879  MN769105.1_1    71.16%    passed     79.76%
1880  MN769106.1_1    70.90%    passed     24.54%
1881  MN769107.1_1    71.38%    passed     93.58%
1882  MN769108.1_1    71.12%    passed     84.42%
1883  MN769109.1_1    71.25%    passed     92.11%
1884  MN769110.1_1    70.99%    passed     28.59%
1885  MN769112.1_1    70.73%    passed     95.51%
1886  MN769116.1_1    71.73%    passed     97.23%
1887  MN769118.1_1    70.73%    passed     15.28%
1888  MN769123.1_1    70.51%    failed      4.89%
1889  MN769124.1_1    70.38%    passed     37.61%
1890  MN769125.1_1    70.77%    passed     97.12%
1891  MN769126.1_1    71.86%    passed     87.62%
1892  MN769128.1_1    70.73%    passed     42.03%
1893  MN769131.1_1    71.47%    passed     98.12%
1894  MN769135.1_1    70.90%    passed     47.71%
1895  MN769136.1_1    70.90%    passed     88.64%
1896  MN769137.1_1    70.55%    passed     95.94%
1897  MN769140.1_1    71.07%    passed     49.01%
1898  MN769141.1_1    71.07%    passed     92.98%
1899  MN769142.1_1    70.25%    passed     99.65%
1900  MN769143.1_1    70.68%    passed     53.59%
1901  MN769144.1_1    71.99%    passed     94.84%
1902  MN769147.1_1    70.38%    passed     37.06%
1903  MN769149.1_1    71.20%    passed     90.90%
1904  MN769150.1_1    71.34%    passed     94.75%
1905  MN769151.1_1    71.38%    passed     63.27%
1906  MN769153.1_1    70.77%    passed     60.66%
1907  MN769154.1_1    70.81%    passed     95.63%
1908  MN769155.1_1    71.60%    passed     98.59%
1909  MN769158.1_1    71.25%    passed     41.59%
1910  MN769159.1_1    70.77%    passed     90.68%
1911  MN769162.1_1    70.60%    passed     81.25%
1912  MN769166.1_1    70.90%    passed     91.74%
1913  MN769169.1_1    70.94%    passed     72.51%
1914  MN769171.1_1    70.64%    passed     81.86%
1915  MN769172.1_1    71.12%    passed     99.84%
1916  MN769173.1_1    70.68%    passed     49.32%
1917  MN769175.1_1    70.81%    passed     75.08%
1918  MN769177.1_1    71.34%    passed     89.43%
1919  MN769178.1_1    72.47%    passed     93.01%
1920  MN769179.1_1    71.16%    passed     84.38%
1921  MN769180.1_1    70.94%    passed     95.30%
1922  MN769181.1_1    70.68%    passed     67.19%
1923  MN769182.1_1    70.68%    passed     99.76%
1924  MN769183.1_1    71.03%    passed     95.41%
1925  MN769185.1_1    71.03%    passed     96.02%
1926  MN769186.1_1    71.25%    passed     40.70%
1927  MN769187.1_1    71.55%    passed     99.08%
1928  MN769188.1_1    70.51%    passed     85.53%
1929  MN769189.1_1    70.73%    passed     63.35%
1930  MN769190.1_1    70.99%    passed     45.84%
1931  MN769191.1_1    70.25%    failed      2.17%
1932  MN769192.1_1    70.81%    passed     98.64%
1933  MN769193.1_1    71.07%    passed     94.21%
1934  MN769200.1_1    70.81%    passed     89.72%
1935  MN769201.1_1    70.73%    passed     66.85%
1936  MN769202.1_1    70.47%    passed     54.26%
1937  MN769204.1_1    71.20%    passed     89.73%
1938  MN769205.1_1    71.29%    passed     61.82%
1939  MN769206.1_1    71.03%    passed     13.97%
1940  MN769207.1_1    71.12%    passed     44.62%
1941  MN769209.1_1    71.07%    passed     67.03%
1942  MN769210.1_1    71.07%    passed     87.58%
1943  MN769211.1_1    71.12%    passed     94.50%
1944  MN769212.1_1    70.73%    passed     96.51%
1945  MN769214.1_1    71.12%    passed     74.84%
1946  MN769219.1_1    70.60%    passed     60.66%
1947  MN769221.1_1    71.20%    passed      9.96%
1948  MN769223.1_1    71.42%    passed     83.91%
1949  MN769224.1_1    70.90%    passed     80.63%
1950  MN769226.1_1    71.07%    passed     64.28%
1951  MN769228.1_1    71.16%    passed     99.60%
1952  MN769231.1_1    70.86%    passed     73.62%
1953  MN769233.1_1    71.29%    passed     70.08%
1954  MN769234.1_1    71.12%    passed     33.19%
1955  MN769235.1_1    71.81%    passed     71.70%
1956  MN769236.1_1    71.25%    passed     45.14%
1957  MN769237.1_1    71.07%    passed     91.74%
1958  MN769238.1_1    70.94%    passed     98.39%
1959  MN769241.1_1    70.20%    passed     63.79%
1960  MN769244.1_1    70.90%    passed     88.35%
1961  MN769245.1_1    71.20%    passed     47.09%
1962  MN769246.1_1    71.07%    passed     97.70%
1963  MN769247.1_1    70.81%    passed     29.78%
1964  MN769251.1_1    70.55%    passed     90.19%
1965  MN769252.1_1    71.77%    passed     93.62%
1966  MN769253.1_1    70.86%    passed     70.47%
1967  MN769256.1_1    71.42%    passed     84.80%
1968  MN769257.1_1    71.29%    passed     24.59%
1969  MN769258.1_1    70.90%    passed     77.54%
1970  MN769259.1_1    71.34%    passed     77.03%
1971  MN769260.1_1    71.90%    passed     67.30%
1972  MN769263.1_1    71.47%    passed      6.75%
1973  MN769264.1_1    71.34%    passed     41.40%
1974  MN769265.1_1    71.29%    passed     80.31%
1975  MN769266.1_1    70.47%    passed     47.74%
1976  AB026929.1_1    71.47%    passed     99.40%
1977  AB026930.1_1    71.16%    passed     86.31%
1978  AB026931.1_1    71.20%    passed     79.85%
1979  AB041962.1_1    70.81%    passed     20.77%
1980  AB290917.1_1    70.73%    passed     25.21%
1981  AB290918.1_1    70.73%    passed     42.07%
1982  AB290919.1_1    70.55%    passed     39.94%
1983  AB303552.1_1    71.12%    passed     48.12%
1984  AB303553.1_1    71.03%    passed     62.77%
1985  AB303554.1_1    71.12%    passed     67.81%
1986  AB303555.1_1    70.90%    passed     98.55%
1987  AB303556.1_1    71.07%    passed     60.05%
1988  AB303557.1_1    71.12%    passed     48.99%
1989  AB303558.1_1    70.90%    passed     79.07%
1990  AB303559.1_1    71.38%    passed     11.92%
1991  AB303560.1_1    71.16%    passed     47.68%
1992  AB303561.1_1    71.12%    passed     26.53%
1993  AB303562.1_1    71.12%    passed     92.13%
1994  AB303563.1_1    70.94%    passed     96.39%
1995  AB303564.1_1    70.86%    passed     94.42%
1996  AB303565.1_1    71.20%    passed     28.85%
1997  AB303566.1_1    70.99%    passed     95.75%
1998  AF291073.1_1    70.64%    passed     35.23%
1999  AY622909.1_1    78.16%    passed     10.84%
2000  AY823988.1_1    67.51%    failed      0.01%
2001  AY823989.1_1    66.25%    failed      0.02%
2002  GU797360.1_1    67.64%    passed     23.51%
2003  HM224451.1_1    67.38%    failed      0.53%
2004  JN980171.1_1    83.99%    passed      6.22%
2005  JQ308210.1_1    79.86%    failed      0.00%
2006  JQ690762.1_1    80.47%    failed      0.00%
2007  JQ690763.1_1    79.99%    failed      0.00%
2008  JX134044.1_1    70.77%    passed     65.42%
2009  JX134045.1_1    71.03%    passed     91.83%
2010  JX134046.1_1    71.38%    passed     99.82%
2011  JX310702.1_1    84.69%    failed      0.00%
2012  KF294861.1_1    84.52%    failed      0.00%
2013  KF294862.1_1    80.30%    failed      0.00%
2014  KF764701.1_1    71.55%    passed     36.67%
2015  KJ194502.1_1    66.12%    failed      0.01%
2016  KJ194503.1_1    68.03%    failed      0.00%
2017  KM259873.1_1    70.68%    passed     30.38%
2018  KM259874.1_1    71.47%    passed     78.64%
WARNING: 2018 sequences contain more than 50% gaps/ambiguity
****  TOTAL           70.95%  199 sequences failed composition chi2 test (p-value<5%; df=19)
NOTE: AB303562.1_1 is identical to NC_038359.1_1 but kept for subsequent analysis

Create initial parsimony tree by phylogenetic likelihood library (PLL)... 8.750 seconds
Generating 1000 samples for ultrafast bootstrap (seed: 937108)...

NOTE: 2576 MB RAM (2 GB) is required!
Measuring multi-threading efficiency up to 26 CPU cores
2 trees examined
Threads: 1 / Time: 27.389 sec / Speedup: 1.000 / Efficiency: 100% / LogL: -2738797
Threads: 2 / Time: 15.845 sec / Speedup: 1.729 / Efficiency: 86% / LogL: -2738797
Threads: 3 / Time: 10.936 sec / Speedup: 2.505 / Efficiency: 83% / LogL: -2738797
Threads: 4 / Time: 8.631 sec / Speedup: 3.173 / Efficiency: 79% / LogL: -2738797
Threads: 5 / Time: 7.880 sec / Speedup: 3.476 / Efficiency: 70% / LogL: -2738797
Threads: 6 / Time: 6.938 sec / Speedup: 3.948 / Efficiency: 66% / LogL: -2738797
Threads: 7 / Time: 7.086 sec / Speedup: 3.865 / Efficiency: 55% / LogL: -2738797
Threads: 8 / Time: 6.254 sec / Speedup: 4.379 / Efficiency: 55% / LogL: -2738797
Threads: 9 / Time: 6.541 sec / Speedup: 4.187 / Efficiency: 47% / LogL: -2738797
BEST NUMBER OF THREADS: 8

Estimate model parameters (epsilon = 0.100)
1. Initial log-likelihood: -1262761.005
2. Current log-likelihood: -1204362.296
3. Current log-likelihood: -1200716.936
4. Current log-likelihood: -1200509.619
5. Current log-likelihood: -1200456.300
6. Current log-likelihood: -1200437.171
7. Current log-likelihood: -1200435.684
Optimal log-likelihood: -1200435.679
Gamma shape alpha: 1.359
Parameters optimization took 7 rounds (72.172 sec)
Wrote distance file to... 
Computing ML distances based on estimated model parameters...
Calculating distance matrix: done in 67.0761 secs using 798.4% CPU
Computing ML distances took 67.098289 sec (of wall-clock time) 535.568226 sec (of CPU time)
WARNING: Some pairwise ML distances are too long (saturated)
Setting up auxiliary I and S matrices: done in 0.0123609 secs using 710.2% CPU
Computing RapidNJ tree took 2.195875 sec (of wall-clock time) 6.736629 sec (of CPU time)
Log-likelihood of RapidNJ tree: -1205590.648
--------------------------------------------------------------------
|             INITIALIZING CANDIDATE TREE SET                      |
--------------------------------------------------------------------
Generating 98 parsimony trees... 884.622 second
Computing log-likelihood of 98 initial trees ... 280.884 seconds
Current best score: -1200435.679

Do NNI search on 20 best initial trees
Estimate model parameters (epsilon = 0.100)
BETTER TREE FOUND at iteration 1: -1199294.960
Estimate model parameters (epsilon = 0.100)
BETTER TREE FOUND at iteration 3: -1199292.127
Iteration 10 / LogL: -1199324.091 / Time: 0h:34m:51s
Iteration 20 / LogL: -1199323.172 / Time: 0h:45m:20s
Finish initializing candidate tree set (20)
Current best tree score: -1199292.127 / CPU time: 2433.510
Number of iterations: 20
--------------------------------------------------------------------
|               OPTIMIZING CANDIDATE TREE SET                      |
--------------------------------------------------------------------
Estimate model parameters (epsilon = 0.100)
BETTER TREE FOUND at iteration 21: -1199281.376
Estimate model parameters (epsilon = 0.100)
BETTER TREE FOUND at iteration 28: -1199262.428
Iteration 30 / LogL: -1199716.815 / Time: 0h:54m:34s (3h:3m:55s left)
Estimate model parameters (epsilon = 0.100)
BETTER TREE FOUND at iteration 34: -1199241.804
Iteration 40 / LogL: -1199462.814 / Time: 1h:3m:26s (2h:32m:33s left)
Iteration 50 / LogL: -1200156.191 / Time: 1h:12m:5s (2h:3m:20s left)
Log-likelihood cutoff on original alignment: -1199712.549
Iteration 60 / LogL: -1199267.336 / Time: 1h:21m:0s (1h:41m:25s left)
Iteration 70 / LogL: -1199487.782 / Time: 1h:29m:34s (1h:22m:56s left)
Estimate model parameters (epsilon = 0.100)
BETTER TREE FOUND at iteration 72: -1199207.212
Estimate model parameters (epsilon = 0.100)
BETTER TREE FOUND at iteration 79: -1199191.904
Iteration 80 / LogL: -1199362.663 / Time: 1h:38m:28s (2h:3m:13s left)
Iteration 90 / LogL: -1199266.972 / Time: 1h:47m:6s (1h:46m:57s left)
Iteration 100 / LogL: -1199208.337 / Time: 1h:55m:52s (1h:32m:20s left)
Log-likelihood cutoff on original alignment: -1199703.969
NOTE: Bootstrap correlation coefficient of split occurrence frequencies: 0.989
NOTE: UFBoot does not converge, continue at least 100 more iterations
Iteration 110 / LogL: -1199370.742 / Time: 2h:5m:1s (1h:43m:6s left)
Iteration 120 / LogL: -1199321.857 / Time: 2h:14m:8s (1h:30m:4s left)
Iteration 130 / LogL: -1199215.584 / Time: 2h:23m:19s (1h:17m:41s left)
Iteration 140 / LogL: -1199456.117 / Time: 2h:32m:36s (1h:5m:48s left)
Iteration 150 / LogL: -1199443.153 / Time: 2h:41m:23s (0h:54m:6s left)
Log-likelihood cutoff on original alignment: -1199703.969
Iteration 160 / LogL: -1199455.804 / Time: 2h:50m:31s (0h:42m:51s left)
Iteration 170 / LogL: -1199447.894 / Time: 2h:59m:49s (0h:31m:53s left)
Iteration 180 / LogL: -1199535.292 / Time: 3h:8m:41s (0h:21m:3s left)
Iteration 190 / LogL: -1199461.418 / Time: 3h:17m:47s (0h:10m:27s left)
Iteration 200 / LogL: -1199265.082 / Time: 3h:26m:59s (0h:0m:0s left)
Log-likelihood cutoff on original alignment: -1199703.969
NOTE: Bootstrap correlation coefficient of split occurrence frequencies: 0.998
TREE SEARCH COMPLETED AFTER 200 ITERATIONS / Time: 3h:27m:11s

--------------------------------------------------------------------
|                    FINALIZING TREE SEARCH                        |
--------------------------------------------------------------------
Performs final model parameters optimization
Estimate model parameters (epsilon = 0.010)
1. Initial log-likelihood: -1199191.904
Optimal log-likelihood: -1199191.904
Gamma shape alpha: 1.338
Parameters optimization took 1 rounds (5.283 sec)
BEST SCORE FOUND : -1199191.904

Testing tree branches by SH-like aLRT with 1000 replicates...
Alternative NNI shows better log-likelihood -1199191.432 > -1199191.904
Alternative NNI shows better log-likelihood -1199188.850 > -1199191.904
Alternative NNI shows better log-likelihood -1199190.997 > -1199191.904
Alternative NNI shows better log-likelihood -1199188.418 > -1199191.904
Alternative NNI shows better log-likelihood -1199191.854 > -1199191.904
Alternative NNI shows better log-likelihood -1199188.338 > -1199191.904
Alternative NNI shows better log-likelihood -1199190.424 > -1199191.904
Alternative NNI shows better log-likelihood -1199191.697 > -1199191.904
Alternative NNI shows better log-likelihood -1199191.726 > -1199191.904
Alternative NNI shows better log-likelihood -1199191.443 > -1199191.904
Alternative NNI shows better log-likelihood -1199191.189 > -1199191.904
Alternative NNI shows better log-likelihood -1199191.886 > -1199191.904
Alternative NNI shows better log-likelihood -1199190.438 > -1199191.904
Alternative NNI shows better log-likelihood -1199191.171 > -1199191.904
17.656 sec.
Creating bootstrap support values...
Split supports printed to NEXUS file ../trimmed_orf1_cdhit_rep_anelloviridae_061725_orfs.msafaa.splits.nex
Total tree length: 505.301

Total number of iterations: 200
CPU time used for tree search: 89345.049 sec (24h:49m:5s)
Wall-clock time used for tree search: 12143.918 sec (3h:22m:23s)
Total CPU time used: 91283.899 sec (25h:21m:23s)
Total wall-clock time used: 12465.954 sec (3h:27m:45s)

Computing bootstrap consensus tree...
Reading input file ../trimmed_orf1_cdhit_rep_anelloviridae_061725_orfs.msafaa.splits.nex...
2018 taxa and 5363 splits.
Consensus tree written to ../trimmed_orf1_cdhit_rep_anelloviridae_061725_orfs.msafaa.contree
Reading input trees file ../trimmed_orf1_cdhit_rep_anelloviridae_061725_orfs.msafaa.contree
Log-likelihood of consensus tree: -1199169.704

Analysis results written to: 
  IQ-TREE report:                ../trimmed_orf1_cdhit_rep_anelloviridae_061725_orfs.msafaa.iqtree
  Maximum-likelihood tree:       ../trimmed_orf1_cdhit_rep_anelloviridae_061725_orfs.msafaa.treefile
  Likelihood distances:          ../trimmed_orf1_cdhit_rep_anelloviridae_061725_orfs.msafaa.mldist

Ultrafast bootstrap approximation results written to:
  Split support values:          ../trimmed_orf1_cdhit_rep_anelloviridae_061725_orfs.msafaa.splits.nex
  Consensus tree:                ../trimmed_orf1_cdhit_rep_anelloviridae_061725_orfs.msafaa.contree
  Screen log file:               ../trimmed_orf1_cdhit_rep_anelloviridae_061725_orfs.msafaa.log

Date and Time: Mon Sep 22 00:49:45 2025
