Accession,Species,Genus,Family,Isolate,Virus Taxonomic ID,Virus Name,Length,Isolate Lineage source,leiden,genus,species,infer_genus,cdhit_representative,orf_id,aa_length,phylo_cluster,orf1_genus
PQ438050.1,Torque teno virus,Unclassified,Anelloviridae,BB02_W200314045308P,68887,Torque teno virus,3062,blood,16,204,931,Alphatorquevirus,PQ438050.1,PQ438050.1_1,731,30,Alphatorquevirus
PP728782.1,Memtorquevirus hominid14,Memtorquevirus,Anelloviridae,ASU82836,3160828,Memtorquevirus hominid14,3223,"",179,748,840,Memtorquevirus,PP728782.1,PP728782.1_1,663,35,Memtorquevirus
PP728781.1,Samektorquevirus hominid18,Samektorquevirus,Anelloviridae,ASU82773,3160824,Samektorquevirus hominid18,2940,"",154,350,1161,Samektorquevirus,PP728781.1,PP728781.1_1,663,34,Samektorquevirus
PP728779.1,Samektorquevirus hominid17,Samektorquevirus,Anelloviridae,ASU82758a,3160823,Samektorquevirus hominid17,3230,"",215,747,829,Samektorquevirus,PP728779.1,PP728779.1_1,660,34,Samektorquevirus
PP728776.1,Samektorquevirus hominid16,Samektorquevirus,Anelloviridae,ASU71878,3160822,Samektorquevirus hominid16,3178,"",215,763,875,Samektorquevirus,PP728776.1,PP728776.1_1,663,34,Samektorquevirus
PP374835.1,Torque teno virus,Unclassified,Anelloviridae,HNPP7-1,68887,Torque teno virus,3798,"",70,295,693,Alphatorquevirus,PP374835.1,PP374835.1_1,761,29,Alphatorquevirus
PP374834.1,Torque teno virus,Unclassified,Anelloviridae,HNPP6-2,68887,Torque teno virus,3773,"",16,194,280,Alphatorquevirus,PP374834.1,PP374834.1_1,736,30,Alphatorquevirus
PP374832.1,Torque teno virus,Unclassified,Anelloviridae,HNPP5,68887,Torque teno virus,3908,"",20,726,671,Alphatorquevirus,PP374832.1,PP374832.1_1,790,29,Alphatorquevirus
PP374831.1,Torque teno virus,Unclassified,Anelloviridae,HNPP4,68887,Torque teno virus,3769,"",73,723,705,Alphatorquevirus,PP374831.1,PP374831.1_1,750,29,Alphatorquevirus
PP374830.1,Torque teno virus,Unclassified,Anelloviridae,HNPP3,68887,Torque teno virus,3741,"",70,295,712,Alphatorquevirus,PP374830.1,PP374830.1_1,744,29,Alphatorquevirus
PP374829.1,Torque teno virus,Unclassified,Anelloviridae,HNPP2,68887,Torque teno virus,3794,"",70,295,695,Alphatorquevirus,PP374829.1,PP374829.1_1,745,29,Alphatorquevirus
PP374828.1,Torque teno virus,Unclassified,Anelloviridae,HNPP1,68887,Torque teno virus,3830,"",13,6,681,Alphatorquevirus,PP374828.1,PP374828.1_1,766,29,Alphatorquevirus
OZ258816.1,Alphatorquevirus sp.,Alphatorquevirus,Anelloviridae,"",2809145,Alphatorquevirus sp.,3150,"",175,145,378,Alphatorquevirus,OZ258816.1,OZ258816.1_1,662,32,Alphatorquevirus
OZ258809.1,Betatorquevirus sp.,Betatorquevirus,Anelloviridae,"",2809199,Betatorquevirus sp.,2908,"",36,167,612,Betatorquevirus,OZ258809.1,OZ258809.1_1,670,20,Betatorquevirus
OZ258807.1,Betatorquevirus sp.,Betatorquevirus,Anelloviridae,"",2809199,Betatorquevirus sp.,2940,"",31,131,359,Betatorquevirus,OZ258807.1,OZ258807.1_1,666,16,Betatorquevirus
OZ258804.1,Betatorquevirus sp.,Betatorquevirus,Anelloviridae,"",2809199,Betatorquevirus sp.,2720,"",120,387,325,Betatorquevirus,OZ258804.1,OZ258804.1_1,655,5,Betatorquevirus
OZ258803.1,Alphatorquevirus sp.,Alphatorquevirus,Anelloviridae,"",2809145,Alphatorquevirus sp.,3687,"",74,395,373,Alphatorquevirus,OZ258803.1,OZ258803.1_1,652,32,Alphatorquevirus
OZ258799.1,Alphatorquevirus sp.,Alphatorquevirus,Anelloviridae,"",2809145,Alphatorquevirus sp.,3757,"",70,287,476,Alphatorquevirus,OZ258799.1,OZ258799.1_1,742,29,Alphatorquevirus
OZ258798.1,Betatorquevirus sp.,Betatorquevirus,Anelloviridae,"",2809199,Betatorquevirus sp.,2928,"",188,302,614,Betatorquevirus,OZ258798.1,OZ258798.1_1,672,22,Betatorquevirus
OZ258797.1,Betatorquevirus sp.,Betatorquevirus,Anelloviridae,"",2809199,Betatorquevirus sp.,2958,"",11,643,529,Betatorquevirus,OZ258797.1,OZ258797.1_1,676,12,Betatorquevirus
OZ258793.1,Betatorquevirus sp.,Betatorquevirus,Anelloviridae,"",2809199,Betatorquevirus sp.,2902,"",51,30,545,Betatorquevirus,OZ258793.1,OZ258793.1_1,665,5,Betatorquevirus
OZ258790.1,Betatorquevirus sp.,Betatorquevirus,Anelloviridae,"",2809199,Betatorquevirus sp.,2901,"",6,164,522,Betatorquevirus,OZ258790.1,OZ258790.1_1,421,11,Betatorquevirus
OZ258785.1,Alphatorquevirus sp.,Alphatorquevirus,Anelloviridae,"",2809145,Alphatorquevirus sp.,3882,"",25,157,675,Alphatorquevirus,OZ258785.1,OZ258785.1_1,769,30,Alphatorquevirus
OZ258778.1,Betatorquevirus homini15,Betatorquevirus,Anelloviridae,"",3052003,Betatorquevirus homini15,2935,"",2,184,538,Betatorquevirus,OZ258778.1,OZ258778.1_1,680,16,Betatorquevirus
OZ258777.1,Betatorquevirus sp.,Betatorquevirus,Anelloviridae,"",2809199,Betatorquevirus sp.,2859,"",133,669,605,Betatorquevirus,OZ258777.1,OZ258777.1_1,668,24,Betatorquevirus
OZ258776.1,Anellovirus sp.,Unclassified,Anelloviridae,"",3041468,Anellovirus sp.,2892,"",109,79,432,Betatorquevirus,OZ258776.1,OZ258776.1_1,666,27,Hetorquevirus
OZ258775.1,Betatorquevirus sp.,Betatorquevirus,Anelloviridae,"",2809199,Betatorquevirus sp.,2908,"",55,254,473,Betatorquevirus,OZ258775.1,OZ258775.1_1,666,10,Betatorquevirus
OZ258771.1,Betatorquevirus sp.,Betatorquevirus,Anelloviridae,"",2809199,Betatorquevirus sp.,2824,"",202,355,386,Betatorquevirus,OZ258771.1,OZ258771.1_1,576,24,Betatorquevirus
OZ258770.1,Betatorquevirus sp.,Betatorquevirus,Anelloviridae,"",2809199,Betatorquevirus sp.,2833,"",113,124,603,Betatorquevirus,OZ258770.1,OZ258770.1_1,664,4,Betatorquevirus
OZ258769.1,Betatorquevirus sp.,Betatorquevirus,Anelloviridae,"",2809199,Betatorquevirus sp.,2951,"",31,34,2,Betatorquevirus,OZ258769.1,OZ258769.1_1,667,16,Betatorquevirus
OZ258764.1,Betatorquevirus sp.,Betatorquevirus,Anelloviridae,"",2809199,Betatorquevirus sp.,2861,"",51,30,492,Betatorquevirus,OZ258764.1,OZ258764.1_1,662,5,Betatorquevirus
OZ258761.1,Betatorquevirus sp.,Betatorquevirus,Anelloviridae,"",2809199,Betatorquevirus sp.,2867,"",186,644,530,Betatorquevirus,OZ258761.1,OZ258761.1_1,535,16,Betatorquevirus
OZ258753.1,Betatorquevirus sp.,Betatorquevirus,Anelloviridae,"",2809199,Betatorquevirus sp.,2829,"",90,127,572,Betatorquevirus,OZ258753.1,OZ258753.1_1,648,21,Betatorquevirus
OZ258751.1,Betatorquevirus sp.,Betatorquevirus,Anelloviridae,"",2809199,Betatorquevirus sp.,2681,"",58,95,599,Betatorquevirus,OZ258751.1,OZ258751.1_1,668,13,Betatorquevirus
OZ258750.1,Alphatorquevirus sp.,Alphatorquevirus,Anelloviridae,"",2809145,Alphatorquevirus sp.,3809,"",72,642,526,Alphatorquevirus,OZ258750.1,OZ258750.1_1,735,31,Alphatorquevirus
OZ258748.1,Betatorquevirus sp.,Betatorquevirus,Anelloviridae,"",2809199,Betatorquevirus sp.,2946,"",7,398,499,Betatorquevirus,OZ258748.1,OZ258748.1_1,427,20,Betatorquevirus
OZ258747.1,Betatorquevirus sp.,Betatorquevirus,Anelloviridae,"",2809199,Betatorquevirus sp.,2872,"",67,53,606,Betatorquevirus,OZ258747.1,OZ258747.1_1,670,20,Betatorquevirus
OZ258742.1,Alphatorquevirus sp.,Alphatorquevirus,Anelloviridae,"",2809145,Alphatorquevirus sp.,3726,"",72,672,621,Alphatorquevirus,OZ258742.1,OZ258742.1_1,743,31,Alphatorquevirus
OZ258741.1,Betatorquevirus sp.,Betatorquevirus,Anelloviridae,"",2809199,Betatorquevirus sp.,2856,"",91,650,544,Betatorquevirus,OZ258741.1,OZ258741.1_1,655,15,Betatorquevirus
OZ258739.1,Betatorquevirus sp.,Betatorquevirus,Anelloviridae,"",2809199,Betatorquevirus sp.,2933,"",190,380,360,Betatorquevirus,OZ258739.1,OZ258739.1_1,673,18,Betatorquevirus
OZ258737.1,Betatorquevirus sp.,Betatorquevirus,Anelloviridae,"",2809199,Betatorquevirus sp.,2873,"",223,645,531,Betatorquevirus,OZ258737.1,OZ258737.1_1,657,12,Betatorquevirus
OZ258731.1,Betatorquevirus sp.,Betatorquevirus,Anelloviridae,"",2809199,Betatorquevirus sp.,2948,"",23,47,1130,Betatorquevirus,OZ258731.1,OZ258731.1_1,672,12,Betatorquevirus
OZ258729.1,Betatorquevirus sp.,Betatorquevirus,Anelloviridae,"",2809199,Betatorquevirus sp.,2888,"",192,384,442,Betatorquevirus,OZ258729.1,OZ258729.1_1,610,9,Betatorquevirus
OZ258728.1,Betatorquevirus sp.,Betatorquevirus,Anelloviridae,"",2809199,Betatorquevirus sp.,2908,"",168,228,613,Betatorquevirus,OZ258728.1,OZ258728.1_1,556,9,Betatorquevirus
OZ258725.1,Betatorquevirus sp.,Betatorquevirus,Anelloviridae,"",2809199,Betatorquevirus sp.,2904,"",37,48,610,Betatorquevirus,OZ258725.1,OZ258725.1_1,668,20,Betatorquevirus
OZ258724.1,Betatorquevirus sp.,Betatorquevirus,Anelloviridae,"",2809199,Betatorquevirus sp.,2958,"",116,239,617,Betatorquevirus,OZ258724.1,OZ258724.1_1,665,9,Betatorquevirus
OZ258723.1,Betatorquevirus homini36,Betatorquevirus,Anelloviridae,"",3052022,Betatorquevirus homini36,2810,"",42,21,516,Betatorquevirus,OZ258723.1,OZ258723.1_1,663,24,Betatorquevirus
OZ258721.1,Betatorquevirus sp.,Betatorquevirus,Anelloviridae,"",2809199,Betatorquevirus sp.,2952,"",57,282,472,Betatorquevirus,OZ258721.1,OZ258721.1_1,670,22,Betatorquevirus
OZ258719.1,Alphatorquevirus sp.,Alphatorquevirus,Anelloviridae,"",2809145,Alphatorquevirus sp.,3473,"",72,670,619,Alphatorquevirus,OZ258719.1,OZ258719.1_1,757,31,Alphatorquevirus
OZ258716.1,Betatorquevirus sp.,Betatorquevirus,Anelloviridae,"",2809199,Betatorquevirus sp.,2978,"",116,436,219,Betatorquevirus,OZ258716.1,OZ258716.1_1,672,9,Betatorquevirus
OZ258715.1,Betatorquevirus sp.,Betatorquevirus,Anelloviridae,"",2809199,Betatorquevirus sp.,2879,"",114,403,607,Betatorquevirus,OZ258715.1,OZ258715.1_1,671,23,Betatorquevirus
OZ258714.1,Hetorquevirus hominid6,Hetorquevirus,Anelloviridae,"",3163396,Hetorquevirus hominid6,2895,"",63,15,402,Hetorquevirus,OZ258714.1,OZ258714.1_1,665,27,Hetorquevirus
OZ258713.1,Betatorquevirus sp.,Betatorquevirus,Anelloviridae,"",2809199,Betatorquevirus sp.,2811,"",135,122,523,Betatorquevirus,OZ258713.1,OZ258713.1_1,652,2,Betatorquevirus
OZ258712.1,Betatorquevirus sp.,Betatorquevirus,Anelloviridae,"",2809199,Betatorquevirus sp.,2725,"",295,668,601,Betatorquevirus,OZ258712.1,OZ258712.1_1,632,3,Betatorquevirus
OZ258705.1,Gammatorquevirus sp.,Gammatorquevirus,Anelloviridae,"",2809423,Gammatorquevirus sp.,3222,"",156,388,841,Gammatorquevirus,OZ258705.1,OZ258705.1_1,666,39,Gammatorquevirus
OZ258700.1,Alphatorquevirus sp.,Alphatorquevirus,Anelloviridae,"",2809145,Alphatorquevirus sp.,3783,"",32,293,462,Alphatorquevirus,OZ258700.1,OZ258700.1_1,755,31,Alphatorquevirus
OZ258698.1,Gammatorquevirus sp.,Gammatorquevirus,Anelloviridae,"",2809423,Gammatorquevirus sp.,3114,"",75,609,365,Gammatorquevirus,OZ258698.1,OZ258698.1_1,664,39,Gammatorquevirus
OZ258697.1,Betatorquevirus sp.,Betatorquevirus,Anelloviridae,"",2809199,Betatorquevirus sp.,2996,"",7,174,618,Betatorquevirus,OZ258697.1,OZ258697.1_1,673,20,Betatorquevirus
OZ258693.1,Alphatorquevirus sp.,Alphatorquevirus,Anelloviridae,"",2809145,Alphatorquevirus sp.,3726,"",14,11,477,Alphatorquevirus,OZ258693.1,OZ258693.1_1,648,32,Alphatorquevirus
OZ258692.1,Alphatorquevirus sp.,Alphatorquevirus,Anelloviridae,"",2809145,Alphatorquevirus sp.,3780,"",13,6,502,Alphatorquevirus,OZ258692.1,OZ258692.1_1,765,29,Alphatorquevirus
OZ258684.1,Alphatorquevirus sp.,Alphatorquevirus,Anelloviridae,"",2809145,Alphatorquevirus sp.,3818,"",35,221,484,Alphatorquevirus,OZ258684.1,OZ258684.1_1,760,29,Alphatorquevirus
OZ258675.1,Alphatorquevirus homin20,Alphatorquevirus,Anelloviridae,"",3048422,Alphatorquevirus homin20,3474,"",73,671,620,Alphatorquevirus,OZ258675.1,OZ258675.1_1,761,29,Alphatorquevirus
OZ258672.1,Alphatorquevirus homin13,Alphatorquevirus,Anelloviridae,"",3048415,Alphatorquevirus homin13,3927,"",20,198,622,Alphatorquevirus,OZ258672.1,OZ258672.1_1,779,29,Alphatorquevirus
OZ258670.1,Alphatorquevirus sp.,Alphatorquevirus,Anelloviridae,"",2809145,Alphatorquevirus sp.,3726,"",14,279,391,Alphatorquevirus,OZ258670.1,OZ258670.1_1,604,32,Alphatorquevirus
OZ258664.1,Alphatorquevirus sp.,Alphatorquevirus,Anelloviridae,"",2809145,Alphatorquevirus sp.,3762,"",16,4,463,Alphatorquevirus,OZ258664.1,OZ258664.1_1,735,30,Alphatorquevirus
OZ258660.1,Alphatorquevirus sp.,Alphatorquevirus,Anelloviridae,"",2809145,Alphatorquevirus sp.,3750,"",16,204,475,Alphatorquevirus,OZ258660.1,OZ258660.1_1,731,30,Alphatorquevirus
OZ258652.1,Alphatorquevirus sp.,Alphatorquevirus,Anelloviridae,"",2809145,Alphatorquevirus sp.,3837,"",13,6,453,Alphatorquevirus,OZ258652.1,OZ258652.1_1,765,29,Alphatorquevirus
OZ258650.1,Betatorquevirus homini1,Betatorquevirus,Anelloviridae,"",3048395,Betatorquevirus homini1,2845,"",0,0,452,Betatorquevirus,OZ258650.1,OZ258650.1_1,658,2,Betatorquevirus
OZ258632.1,Alphatorquevirus sp.,Alphatorquevirus,Anelloviridae,"",2809145,Alphatorquevirus sp.,3712,"",14,145,435,Alphatorquevirus,OZ258632.1,OZ258632.1_1,641,32,Alphatorquevirus
OZ258626.1,Betatorquevirus homini38,Betatorquevirus,Anelloviridae,"",3052024,Betatorquevirus homini38,2836,"",9,369,456,Betatorquevirus,OZ258626.1,OZ258626.1_1,665,24,Betatorquevirus
OZ258620.1,Alphatorquevirus sp.,Alphatorquevirus,Anelloviridae,"",2809145,Alphatorquevirus sp.,3724,"",14,11,137,Alphatorquevirus,OZ258620.1,OZ258620.1_1,648,32,Alphatorquevirus
OZ258617.1,Alphatorquevirus homin13,Alphatorquevirus,Anelloviridae,"",3048415,Alphatorquevirus homin13,3896,"",20,87,485,Alphatorquevirus,OZ258617.1,OZ258617.1_1,782,29,Alphatorquevirus
OZ258612.1,Alphatorquevirus sp.,Alphatorquevirus,Anelloviridae,"",2809145,Alphatorquevirus sp.,3766,"",136,269,707,Alphatorquevirus,OZ258612.1,OZ258612.1_1,750,29,Alphatorquevirus
OZ258610.1,Gammatorquevirus sp.,Gammatorquevirus,Anelloviridae,"",2809423,Gammatorquevirus sp.,3230,"",75,276,828,Gammatorquevirus,OZ258610.1,OZ258610.1_1,667,39,Gammatorquevirus
OR197588.1,TTV-like mini virus,Betatorquevirus,Anelloviridae,"",93678,TTV-like mini virus,2857,"",39,543,1719,Betatorquevirus,OR197588.1,OR197588.1_1,661,2,Betatorquevirus
OR148955.1,Anellovirus D_HF7_66,Unclassified,Anelloviridae,D_HF7_66,3071193,Anellovirus D_HF7_66,3789,"",13,6,697,Alphatorquevirus,OR148955.1,OR148955.1_1,767,29,Alphatorquevirus
OR148954.1,Anellovirus D_HF6_591,Unclassified,Anelloviridae,D_HF6_591,3071192,Anellovirus D_HF6_591,2876,"",114,403,1591,Betatorquevirus,OR148954.1,OR148954.1_1,670,23,Betatorquevirus
OR148953.1,Anellovirus D_HF6_322,Unclassified,Anelloviridae,D_HF6_322,3071191,Anellovirus D_HF6_322,3780,"",13,6,700,Alphatorquevirus,OR148953.1,OR148953.1_1,765,29,Alphatorquevirus
OQ283124.1,Anelloviridae sp.,Unclassified,Anelloviridae,humanfe115av01,2055263,Anelloviridae sp.,3512,feces,56,202,777,Unclassified,OQ283124.1,OQ283124.1_1,764,30,Alphatorquevirus
OP985294.1,Torque teno virus,Unclassified,Anelloviridae,TTV/hb036-anello-1,68887,Torque teno virus,3721,blood,13,6,717,Alphatorquevirus,OP985294.1,OP985294.1_1,764,29,Alphatorquevirus
OP985293.1,Torque teno virus,Unclassified,Anelloviridae,TTV/hb036-anello-2,68887,Torque teno virus,3609,blood,13,6,750,Alphatorquevirus,OP985293.1,OP985293.1_1,763,29,Alphatorquevirus
OP549860.1,Torque teno midi virus,Unclassified,Anelloviridae,UC156V1_C016,432261,Torque teno midi virus,3213,vagina,65,750,847,Gammatorquevirus,OP549860.1,OP549860.1_1,664,1,Gammatorquevirus
OP549859.1,Torque teno midi virus,Unclassified,Anelloviridae,UC145V1_C197,432261,Torque teno midi virus,3248,vagina,205,523,815,Unclassified,OP549859.1,OP549859.1_1,676,1,Gammatorquevirus
OP549858.1,Torque teno midi virus,Unclassified,Anelloviridae,UC008V3_C344,432261,Torque teno midi virus,3156,vagina,214,768,894,Unclassified,OP549858.1,OP549858.1_1,645,36,Unclassified
OK574443.1,Betatorquevirus sp.,Betatorquevirus,Anelloviridae,TF1YBND3F,2809199,Betatorquevirus sp.,2831,blood,48,488,1885,Betatorquevirus,OK574443.1,OK574443.1_1,645,19,Betatorquevirus
OK574439.1,Betatorquevirus sp.,Betatorquevirus,Anelloviridae,TF1YBND77,2809199,Betatorquevirus sp.,2898,blood,18,386,1423,Betatorquevirus,OK574439.1,OK574439.1_1,667,17,Betatorquevirus
OK574437.1,Betatorquevirus sp.,Betatorquevirus,Anelloviridae,TF1YBNR3R,2809199,Betatorquevirus sp.,2829,blood,50,13,1896,Betatorquevirus,OK574437.1,OK574437.1_1,662,5,Betatorquevirus
OK574436.1,Betatorquevirus sp.,Betatorquevirus,Anelloviridae,TF1YBNFGK,2809199,Betatorquevirus sp.,2815,blood,42,503,1967,Betatorquevirus,OK574436.1,OK574436.1_1,666,24,Betatorquevirus
OK574434.1,Betatorquevirus sp.,Betatorquevirus,Anelloviridae,TF1YBNDUT,2809199,Betatorquevirus sp.,2931,blood,36,520,1205,Betatorquevirus,OK574434.1,OK574434.1_1,670,20,Betatorquevirus
OK574428.1,Betatorquevirus sp.,Betatorquevirus,Anelloviridae,TF1YBN8DQ,2809199,Betatorquevirus sp.,2816,blood,69,516,1962,Betatorquevirus,OK574428.1,OK574428.1_1,639,19,Betatorquevirus
OK574427.1,Betatorquevirus sp.,Betatorquevirus,Anelloviridae,TF1YBNG74,2809199,Betatorquevirus sp.,2981,blood,335,795,1024,Betatorquevirus,OK574427.1,OK574427.1_1,686,23,Betatorquevirus
OK574426.1,Betatorquevirus sp.,Betatorquevirus,Anelloviridae,TF1YBNRWQ,2809199,Betatorquevirus sp.,2863,blood,285,908,1682,Betatorquevirus,OK574426.1,OK574426.1_1,674,24,Betatorquevirus
OK574422.1,Betatorquevirus sp.,Betatorquevirus,Anelloviridae,TF1YBNGWC,2809199,Betatorquevirus sp.,2875,blood,18,191,1600,Betatorquevirus,OK574422.1,OK574422.1_1,664,17,Betatorquevirus
OK574421.1,Betatorquevirus sp.,Betatorquevirus,Anelloviridae,TF1YBNDEE,2809199,Betatorquevirus sp.,2853,blood,61,68,1745,Betatorquevirus,OK574421.1,OK574421.1_1,649,21,Betatorquevirus
OK574418.1,Betatorquevirus sp.,Betatorquevirus,Anelloviridae,TF1YBNFJR,2809199,Betatorquevirus sp.,2752,blood,288,566,2136,Betatorquevirus,OK574418.1,OK574418.1_1,651,19,Betatorquevirus
OK574415.1,Betatorquevirus sp.,Betatorquevirus,Anelloviridae,TF1YBNGAR,2809199,Betatorquevirus sp.,2809,blood,115,967,2002,Betatorquevirus,OK574415.1,OK574415.1_1,654,2,Betatorquevirus
OK574414.1,Betatorquevirus sp.,Betatorquevirus,Anelloviridae,TF1YBNDSM,2809199,Betatorquevirus sp.,2863,blood,141,146,1681,Betatorquevirus,OK574414.1,OK574414.1_1,661,5,Betatorquevirus
OK574412.1,Betatorquevirus sp.,Betatorquevirus,Anelloviridae,TF1YBND1U,2809199,Betatorquevirus sp.,2901,blood,47,854,1399,Betatorquevirus,OK574412.1,OK574412.1_1,680,20,Betatorquevirus
OK574411.1,Betatorquevirus sp.,Betatorquevirus,Anelloviridae,TF1YBNDWX,2809199,Betatorquevirus sp.,2840,blood,39,65,1833,Betatorquevirus,OK574411.1,OK574411.1_1,652,2,Betatorquevirus
OK574410.1,Betatorquevirus sp.,Betatorquevirus,Anelloviridae,TF1YBNRC9,2809199,Betatorquevirus sp.,2860,blood,363,468,1703,Betatorquevirus,OK574410.1,OK574410.1_1,649,21,Betatorquevirus
OK574405.1,Betatorquevirus sp.,Betatorquevirus,Anelloviridae,TF1YBNFOI,2809199,Betatorquevirus sp.,2978,blood,37,58,1032,Betatorquevirus,OK574405.1,OK574405.1_1,685,20,Betatorquevirus
OK574402.1,Betatorquevirus sp.,Betatorquevirus,Anelloviridae,TF1YBNF9Z,2809199,Betatorquevirus sp.,2903,blood,17,352,1379,Betatorquevirus,OK574402.1,OK574402.1_1,673,7,Betatorquevirus
OK574395.1,Betatorquevirus sp.,Betatorquevirus,Anelloviridae,TF1YBNF1T,2809199,Betatorquevirus sp.,2810,blood,0,214,1998,Betatorquevirus,OK574395.1,OK574395.1_1,654,2,Betatorquevirus
OK574394.1,Betatorquevirus sp.,Betatorquevirus,Anelloviridae,TF1YBNDQH,2809199,Betatorquevirus sp.,2930,blood,36,500,1211,Betatorquevirus,OK574394.1,OK574394.1_1,671,20,Betatorquevirus
OK574388.1,Betatorquevirus sp.,Betatorquevirus,Anelloviridae,TF1YBNF59,2809199,Betatorquevirus sp.,2866,blood,142,150,1659,Betatorquevirus,OK574388.1,OK574388.1_1,660,17,Betatorquevirus
OK574387.1,Betatorquevirus sp.,Betatorquevirus,Anelloviridae,TF1YBNG3N,2809199,Betatorquevirus sp.,2967,blood,7,162,1055,Betatorquevirus,OK574387.1,OK574387.1_1,678,20,Betatorquevirus
OK574383.1,Betatorquevirus sp.,Betatorquevirus,Anelloviridae,TF1YBN8M6,2809199,Betatorquevirus sp.,2901,blood,327,853,1398,Betatorquevirus,OK574383.1,OK574383.1_1,655,10,Betatorquevirus
OK574382.1,Gammatorquevirus sp.,Gammatorquevirus,Anelloviridae,TF1YBNFTU,2809423,Gammatorquevirus sp.,3175,blood,123,764,879,Gammatorquevirus,OK574382.1,OK574382.1_1,656,1,Gammatorquevirus
OK574374.1,Gammatorquevirus sp.,Gammatorquevirus,Anelloviridae,TF1YBNF3D,2809423,Gammatorquevirus sp.,3241,blood,93,745,821,Gammatorquevirus,OK574374.1,OK574374.1_1,672,39,Gammatorquevirus
OK574371.1,Betatorquevirus sp.,Betatorquevirus,Anelloviridae,TF1YBNRTW,2809199,Betatorquevirus sp.,2863,blood,124,907,1680,Betatorquevirus,OK574371.1,OK574371.1_1,657,24,Betatorquevirus
OK574370.1,Betatorquevirus sp.,Betatorquevirus,Anelloviridae,TF1YBNFH7,2809199,Betatorquevirus sp.,2958,blood,60,182,1091,Betatorquevirus,OK574370.1,OK574370.1_1,675,20,Betatorquevirus
OK574365.1,Betatorquevirus sp.,Betatorquevirus,Anelloviridae,TF1YBNDFQ,2809199,Betatorquevirus sp.,2842,blood,101,92,1817,Betatorquevirus,OK574365.1,OK574365.1_1,664,24,Betatorquevirus
OK574363.1,Betatorquevirus sp.,Betatorquevirus,Anelloviridae,TF1YBNFZ8,2809199,Betatorquevirus sp.,2953,blood,7,812,1110,Betatorquevirus,OK574363.1,OK574363.1_1,669,20,Betatorquevirus
OK574362.1,Betatorquevirus sp.,Betatorquevirus,Anelloviridae,TF1YBNRX3,2809199,Betatorquevirus sp.,2805,blood,202,971,2021,Betatorquevirus,OK574362.1,OK574362.1_1,662,24,Betatorquevirus
OK574352.1,Betatorquevirus sp.,Betatorquevirus,Anelloviridae,TF1YBNGHH,2809199,Betatorquevirus sp.,2939,blood,1,273,1167,Betatorquevirus,OK574352.1,OK574352.1_1,668,10,Betatorquevirus
OK574350.1,Betatorquevirus sp.,Betatorquevirus,Anelloviridae,TF1YBNDCY,2809199,Betatorquevirus sp.,2900,blood,60,258,1412,Betatorquevirus,OK574350.1,OK574350.1_1,666,20,Betatorquevirus
OK574345.1,Gammatorquevirus sp.,Gammatorquevirus,Anelloviridae,TF1YBNDZJ,2809423,Gammatorquevirus sp.,3205,blood,308,752,853,Gammatorquevirus,OK574345.1,OK574345.1_1,661,1,Gammatorquevirus
NC_038359.1,Gammatorquevirus homidi12,Gammatorquevirus,Anelloviridae,MDJN51,2065053,Torque teno midi virus 12,3187,blood,177,559,866,Gammatorquevirus,NC_038359.1,NC_038359.1_1,664,39,Gammatorquevirus
NC_038351.1,Gammatorquevirus homidi4,Gammatorquevirus,Anelloviridae,6PoSMA,2065045,Torque teno midi virus 4,2454,blood,323,1023,2238,Gammatorquevirus,NC_038351.1,NC_038351.1_1,658,1,Gammatorquevirus
NC_038350.1,Gammatorquevirus homidi3,Gammatorquevirus,Anelloviridae,2PoSMA,2065044,Torque teno midi virus 3,2002,blood,325,1031,2269,Gammatorquevirus,NC_038350.1,NC_038350.1_1,533,1,Gammatorquevirus
NC_038346.1,Betatorquevirus homini11,Betatorquevirus,Anelloviridae,LIL-y2,2065037,Torque teno mini virus 11,2871,blood,69,56,1628,Betatorquevirus,NC_038346.1,NC_038346.1_1,662,19,Betatorquevirus
NC_038345.1,Betatorquevirus homini10,Betatorquevirus,Anelloviridae,LIL-y1,2065036,Torque teno mini virus 10,2887,blood,164,259,1515,Betatorquevirus,NC_038345.1,NC_038345.1_1,650,21,Betatorquevirus
NC_038337.1,Alphatorquevirus homin9,Alphatorquevirus,Anelloviridae,BM1C,687348,Torque teno virus 9,3064,bone,203,510,930,Alphatorquevirus,NC_038337.1,NC_038337.1_1,409,31,Alphatorquevirus
MZ825126.1,Anelloviridae sp.,Unclassified,Anelloviridae,SPI29_C3,2055263,Anelloviridae sp.,2972,blood,1,110,1046,Betatorquevirus,MZ825126.1,MZ825126.1_1,670,10,Betatorquevirus
MZ286292.1,Anelloviridae sp.,Unclassified,Anelloviridae,SP60_C4,2055263,Anelloviridae sp.,2889,blood,141,146,1504,Betatorquevirus,MZ286292.1,MZ286292.1_1,662,5,Betatorquevirus
MZ286291.1,Anelloviridae sp.,Unclassified,Anelloviridae,SP59_C2,2055263,Anelloviridae sp.,2824,blood,9,213,414,Betatorquevirus,MZ286291.1,MZ286291.1_1,665,24,Betatorquevirus
MZ286290.1,Anelloviridae sp.,Unclassified,Anelloviridae,SP58_C2,2055263,Anelloviridae sp.,2834,blood,163,946,1867,Betatorquevirus,MZ286290.1,MZ286290.1_1,658,17,Betatorquevirus
MZ286289.1,Anelloviridae sp.,Unclassified,Anelloviridae,SP57_C2,2055263,Anelloviridae sp.,2847,blood,0,3,1789,Betatorquevirus,MZ286289.1,MZ286289.1_1,662,2,Betatorquevirus
MZ286288.1,Anelloviridae sp.,Unclassified,Anelloviridae,SP56_C6,2055263,Anelloviridae sp.,2898,blood,5,589,279,Betatorquevirus,MZ286288.1,MZ286288.1_1,668,15,Betatorquevirus
MZ286286.1,Anelloviridae sp.,Unclassified,Anelloviridae,SP56_C3,2055263,Anelloviridae sp.,2837,blood,9,539,1849,Betatorquevirus,MZ286286.1,MZ286286.1_1,663,24,Betatorquevirus
MZ286285.1,Anelloviridae sp.,Unclassified,Anelloviridae,SP52_C3,2055263,Anelloviridae sp.,2963,blood,37,58,1063,Betatorquevirus,MZ286285.1,MZ286285.1_1,681,20,Betatorquevirus
MZ286284.1,Anelloviridae sp.,Unclassified,Anelloviridae,SP51_C9,2055263,Anelloviridae sp.,2907,blood,41,193,1348,Betatorquevirus,MZ286284.1,MZ286284.1_1,675,25,Betatorquevirus
MZ286282.1,Anelloviridae sp.,Unclassified,Anelloviridae,SP51_C7,2055263,Anelloviridae sp.,2958,blood,224,375,1090,Betatorquevirus,MZ286282.1,MZ286282.1_1,667,8,Betatorquevirus
MZ286281.1,Anelloviridae sp.,Unclassified,Anelloviridae,SP51_C6,2055263,Anelloviridae sp.,2963,blood,3,143,1062,Betatorquevirus,MZ286281.1,MZ286281.1_1,674,14,Betatorquevirus
MZ286280.1,Anelloviridae sp.,Unclassified,Anelloviridae,SP49_C5,2055263,Anelloviridae sp.,2859,blood,49,20,1713,Betatorquevirus,MZ286280.1,MZ286280.1_1,652,13,Betatorquevirus
MZ286279.1,Anelloviridae sp.,Unclassified,Anelloviridae,SP48_C3,2055263,Anelloviridae sp.,2962,blood,1,5,341,Betatorquevirus,MZ286279.1,MZ286279.1_1,663,10,Betatorquevirus
MZ286278.1,Anelloviridae sp.,Unclassified,Anelloviridae,SP46_C2,2055263,Anelloviridae sp.,2908,blood,41,193,1343,Betatorquevirus,MZ286278.1,MZ286278.1_1,675,25,Betatorquevirus
MZ286277.1,Anelloviridae sp.,Unclassified,Anelloviridae,SP45_C12,2055263,Anelloviridae sp.,2810,blood,45,7,1997,Betatorquevirus,MZ286277.1,MZ286277.1_1,642,2,Betatorquevirus
MZ286276.1,Anelloviridae sp.,Unclassified,Anelloviridae,SP45_C11,2055263,Anelloviridae sp.,2876,blood,105,112,1590,Betatorquevirus,MZ286276.1,MZ286276.1_1,655,5,Betatorquevirus
MZ286275.1,Anelloviridae sp.,Unclassified,Anelloviridae,SP43_C8,2055263,Anelloviridae sp.,2762,blood,54,16,2127,Betatorquevirus,MZ286275.1,MZ286275.1_1,628,3,Betatorquevirus
MZ286274.1,Anelloviridae sp.,Unclassified,Anelloviridae,SP43_C6,2055263,Anelloviridae sp.,2840,blood,0,197,1832,Betatorquevirus,MZ286274.1,MZ286274.1_1,662,2,Betatorquevirus
MZ286273.1,Anelloviridae sp.,Unclassified,Anelloviridae,SP43_C5,2055263,Anelloviridae sp.,2834,blood,0,0,1866,Betatorquevirus,MZ286273.1,MZ286273.1_1,658,2,Betatorquevirus
MZ286272.1,Anelloviridae sp.,Unclassified,Anelloviridae,SP43_C4,2055263,Anelloviridae sp.,2849,blood,77,266,1772,Betatorquevirus,MZ286272.1,MZ286272.1_1,664,13,Betatorquevirus
MZ286271.1,Anelloviridae sp.,Unclassified,Anelloviridae,SP42_C2,2055263,Anelloviridae sp.,2855,blood,165,918,1733,Betatorquevirus,MZ286271.1,MZ286271.1_1,675,18,Betatorquevirus
MZ286270.1,Anelloviridae sp.,Unclassified,Anelloviridae,SP41_C5,2055263,Anelloviridae sp.,2781,blood,0,60,2091,Betatorquevirus,MZ286270.1,MZ286270.1_1,647,2,Betatorquevirus
MZ286269.1,Anelloviridae sp.,Unclassified,Anelloviridae,SP41_C4,2055263,Anelloviridae sp.,2888,blood,12,57,13,Betatorquevirus,MZ286269.1,MZ286269.1_1,653,4,Betatorquevirus
MZ286268.1,Anelloviridae sp.,Unclassified,Anelloviridae,SP41_C2,2055263,Anelloviridae sp.,2965,blood,1,5,1058,Betatorquevirus,MZ286268.1,MZ286268.1_1,665,10,Betatorquevirus
MZ286267.1,Anelloviridae sp.,Unclassified,Anelloviridae,SP38_C2,2055263,Anelloviridae sp.,2823,blood,9,69,1930,Betatorquevirus,MZ286267.1,MZ286267.1_1,659,24,Betatorquevirus
MZ286266.1,Anelloviridae sp.,Unclassified,Anelloviridae,SP37_C6,2055263,Anelloviridae sp.,2802,blood,39,52,2035,Betatorquevirus,MZ286266.1,MZ286266.1_1,645,2,Betatorquevirus
MZ286265.1,Anelloviridae sp.,Unclassified,Anelloviridae,SP37_C5,2055263,Anelloviridae sp.,2848,blood,104,89,1786,Betatorquevirus,MZ286265.1,MZ286265.1_1,656,21,Betatorquevirus
MZ286264.1,Anelloviridae sp.,Unclassified,Anelloviridae,SP36_C3,2055263,Anelloviridae sp.,2851,blood,0,3,1759,Betatorquevirus,MZ286264.1,MZ286264.1_1,663,2,Betatorquevirus
MZ286263.1,Anelloviridae sp.,Unclassified,Anelloviridae,SP36_C2,2055263,Anelloviridae sp.,2878,blood,194,887,1569,Betatorquevirus,MZ286263.1,MZ286263.1_1,657,9,Betatorquevirus
MZ286262.1,Anelloviridae sp.,Unclassified,Anelloviridae,SP35_C6,2055263,Anelloviridae sp.,2849,blood,120,929,1771,Betatorquevirus,MZ286262.1,MZ286262.1_1,652,5,Betatorquevirus
MZ286260.1,Anelloviridae sp.,Unclassified,Anelloviridae,SP35_C2,2055263,Anelloviridae sp.,2928,blood,1,110,1219,Betatorquevirus,MZ286260.1,MZ286260.1_1,677,10,Betatorquevirus
MZ286259.1,Anelloviridae sp.,Unclassified,Anelloviridae,SP34_C1,2055263,Anelloviridae sp.,2821,blood,9,69,1939,Betatorquevirus,MZ286259.1,MZ286259.1_1,658,24,Betatorquevirus
MZ286258.1,Anelloviridae sp.,Unclassified,Anelloviridae,SP31_C4,2055263,Anelloviridae sp.,2952,blood,7,513,1111,Betatorquevirus,MZ286258.1,MZ286258.1_1,675,20,Betatorquevirus
MZ286257.1,Anelloviridae sp.,Unclassified,Anelloviridae,SP30_C7,2055263,Anelloviridae sp.,2762,blood,54,16,2126,Betatorquevirus,MZ286257.1,MZ286257.1_1,628,3,Betatorquevirus
MZ286256.1,Anelloviridae sp.,Unclassified,Anelloviridae,SP30_C6,2055263,Anelloviridae sp.,2811,blood,45,7,275,Betatorquevirus,MZ286256.1,MZ286256.1_1,642,2,Betatorquevirus
MZ286255.1,Anelloviridae sp.,Unclassified,Anelloviridae,SP30_C4,2055263,Anelloviridae sp.,2832,blood,163,265,1879,Betatorquevirus,MZ286255.1,MZ286255.1_1,657,17,Betatorquevirus
MZ286254.1,Anelloviridae sp.,Unclassified,Anelloviridae,SP30_C2,2055263,Anelloviridae sp.,2978,blood,33,708,1031,Betatorquevirus,MZ286254.1,MZ286254.1_1,673,5,Betatorquevirus
MZ286253.1,Anelloviridae sp.,Unclassified,Anelloviridae,SP28_C4,2055263,Anelloviridae sp.,2920,blood,30,163,1260,Betatorquevirus,MZ286253.1,MZ286253.1_1,680,7,Betatorquevirus
MZ286252.1,Anelloviridae sp.,Unclassified,Anelloviridae,SP28_C1,2055263,Anelloviridae sp.,2832,blood,9,66,1878,Betatorquevirus,MZ286252.1,MZ286252.1_1,662,24,Betatorquevirus
MZ286250.1,Anelloviridae sp.,Unclassified,Anelloviridae,SP24_C7,2055263,Anelloviridae sp.,2852,blood,0,3,1752,Betatorquevirus,MZ286250.1,MZ286250.1_1,663,2,Betatorquevirus
MZ286249.1,Anelloviridae sp.,Unclassified,Anelloviridae,SP23_C3,2055263,Anelloviridae sp.,2860,blood,8,186,1702,Betatorquevirus,MZ286249.1,MZ286249.1_1,664,17,Betatorquevirus
MZ286248.1,Anelloviridae sp.,Unclassified,Anelloviridae,SP22_C4,2055263,Anelloviridae sp.,2825,blood,118,113,408,Betatorquevirus,MZ286248.1,MZ286248.1_1,668,24,Betatorquevirus
MZ286247.1,Anelloviridae sp.,Unclassified,Anelloviridae,SP20_C5,2055263,Anelloviridae sp.,2713,blood,9,69,2153,Betatorquevirus,MZ286247.1,MZ286247.1_1,658,24,Betatorquevirus
MZ286246.1,Anelloviridae sp.,Unclassified,Anelloviridae,SP19_C1,2055263,Anelloviridae sp.,2961,blood,7,806,1080,Betatorquevirus,MZ286246.1,MZ286246.1_1,681,20,Betatorquevirus
MZ286245.1,Anelloviridae sp.,Unclassified,Anelloviridae,SP16_C15,2055263,Anelloviridae sp.,2781,blood,0,60,2090,Betatorquevirus,MZ286245.1,MZ286245.1_1,647,2,Betatorquevirus
MZ286244.1,Anelloviridae sp.,Unclassified,Anelloviridae,SP16_C11,2055263,Anelloviridae sp.,2879,blood,105,112,1561,Betatorquevirus,MZ286244.1,MZ286244.1_1,656,5,Betatorquevirus
MZ286243.1,Anelloviridae sp.,Unclassified,Anelloviridae,SP16_C10,2055263,Anelloviridae sp.,2890,blood,82,75,1490,Betatorquevirus,MZ286243.1,MZ286243.1_1,653,19,Betatorquevirus
MZ286242.1,Anelloviridae sp.,Unclassified,Anelloviridae,SP16_C1,2055263,Anelloviridae sp.,2859,blood,58,220,1712,Betatorquevirus,MZ286242.1,MZ286242.1_1,671,13,Betatorquevirus
MZ286241.1,Anelloviridae sp.,Unclassified,Anelloviridae,SP15_C4,2055263,Anelloviridae sp.,2948,blood,60,258,1129,Betatorquevirus,MZ286241.1,MZ286241.1_1,668,20,Betatorquevirus
MZ286240.1,Anelloviridae sp.,Unclassified,Anelloviridae,SP14_C4,2055263,Anelloviridae sp.,2862,blood,82,75,1686,Betatorquevirus,MZ286240.1,MZ286240.1_1,652,19,Betatorquevirus
MZ286239.1,Anelloviridae sp.,Unclassified,Anelloviridae,SP14_C3,2055263,Anelloviridae sp.,2906,blood,69,56,1353,Betatorquevirus,MZ286239.1,MZ286239.1_1,667,19,Betatorquevirus
MZ286238.1,Anelloviridae sp.,Unclassified,Anelloviridae,SP13_C2,2055263,Anelloviridae sp.,3268,blood,157,464,812,Unclassified,MZ286238.1,MZ286238.1_1,662,38,Gammatorquevirus
MZ286237.1,Anelloviridae sp.,Unclassified,Anelloviridae,SP9_C1,2055263,Anelloviridae sp.,2876,blood,105,112,1589,Betatorquevirus,MZ286237.1,MZ286237.1_1,655,5,Betatorquevirus
MZ286236.1,Anelloviridae sp.,Unclassified,Anelloviridae,SP8_C2,2055263,Anelloviridae sp.,2839,blood,12,128,1840,Betatorquevirus,MZ286236.1,MZ286236.1_1,653,4,Betatorquevirus
MZ286234.1,Anelloviridae sp.,Unclassified,Anelloviridae,SP7_C4,2055263,Anelloviridae sp.,2876,blood,105,112,1588,Betatorquevirus,MZ286234.1,MZ286234.1_1,655,5,Betatorquevirus
MZ286233.1,Anelloviridae sp.,Unclassified,Anelloviridae,SP6_C7,2055263,Anelloviridae sp.,2937,blood,10,160,1177,Betatorquevirus,MZ286233.1,MZ286233.1_1,668,13,Betatorquevirus
MZ286231.1,Anelloviridae sp.,Unclassified,Anelloviridae,SP6_C2,2055263,Anelloviridae sp.,2925,blood,30,268,1231,Betatorquevirus,MZ286231.1,MZ286231.1_1,678,7,Betatorquevirus
MZ286230.1,Anelloviridae sp.,Unclassified,Anelloviridae,SP4_C2,2055263,Anelloviridae sp.,2848,blood,8,83,1785,Betatorquevirus,MZ286230.1,MZ286230.1_1,661,17,Betatorquevirus
MZ286229.1,Anelloviridae sp.,Unclassified,Anelloviridae,SP4_C1,2055263,Anelloviridae sp.,2879,blood,5,88,1560,Betatorquevirus,MZ286229.1,MZ286229.1_1,659,15,Betatorquevirus
MZ286228.1,Anelloviridae sp.,Unclassified,Anelloviridae,SP3_C14,2055263,Anelloviridae sp.,2808,blood,43,508,2011,Betatorquevirus,MZ286228.1,MZ286228.1_1,664,24,Betatorquevirus
MZ286226.1,Anelloviridae sp.,Unclassified,Anelloviridae,SP1_C2,2055263,Anelloviridae sp.,2988,blood,33,1,1007,Betatorquevirus,MZ286226.1,MZ286226.1_1,668,5,Betatorquevirus
MZ286225.1,Anelloviridae sp.,Unclassified,Anelloviridae,SP60_C8,2055263,Anelloviridae sp.,2772,blood,54,542,2110,Betatorquevirus,MZ286225.1,MZ286225.1_1,627,3,Betatorquevirus
MZ286224.1,Anelloviridae sp.,Unclassified,Anelloviridae,SP60_C7,2055263,Anelloviridae sp.,2849,blood,289,484,1770,Betatorquevirus,MZ286224.1,MZ286224.1_1,657,25,Betatorquevirus
MZ286223.1,Anelloviridae sp.,Unclassified,Anelloviridae,SP60_C6,2055263,Anelloviridae sp.,2861,blood,138,362,1697,Unclassified,MZ286223.1,MZ286223.1_1,670,1,Gammatorquevirus
MZ286222.1,Anelloviridae sp.,Unclassified,Anelloviridae,SP60_C3,2055263,Anelloviridae sp.,2959,blood,16,194,1086,Alphatorquevirus,MZ286222.1,MZ286222.1_1,735,30,Alphatorquevirus
MZ286221.1,Anelloviridae sp.,Unclassified,Anelloviridae,SP60_C2,2055263,Anelloviridae sp.,3160,blood,56,376,892,Unclassified,MZ286221.1,MZ286221.1_1,763,30,Alphatorquevirus
MZ286220.1,Anelloviridae sp.,Unclassified,Anelloviridae,SP60_C1,2055263,Anelloviridae sp.,3532,blood,13,6,771,Alphatorquevirus,MZ286220.1,MZ286220.1_1,765,29,Alphatorquevirus
MZ286219.1,Anelloviridae sp.,Unclassified,Anelloviridae,SP59_C3,2055263,Anelloviridae sp.,2861,blood,48,23,1696,Betatorquevirus,MZ286219.1,MZ286219.1_1,653,19,Betatorquevirus
MZ286218.1,Anelloviridae sp.,Unclassified,Anelloviridae,SP59_C1,2055263,Anelloviridae sp.,3161,blood,24,44,890,Unclassified,MZ286218.1,MZ286218.1_1,756,29,Alphatorquevirus
MZ286217.1,Anelloviridae sp.,Unclassified,Anelloviridae,SP58_C3,2055263,Anelloviridae sp.,2779,blood,318,987,2094,Unclassified,MZ286217.1,MZ286217.1_1,661,39,Gammatorquevirus
MZ286215.1,Anelloviridae sp.,Unclassified,Anelloviridae,SP57_C1,2055263,Anelloviridae sp.,3809,blood,20,71,690,Alphatorquevirus,MZ286215.1,MZ286215.1_1,779,29,Alphatorquevirus
MZ286214.1,Anelloviridae sp.,Unclassified,Anelloviridae,SP56_C7,2055263,Anelloviridae sp.,2777,blood,255,550,2101,Unclassified,MZ286214.1,MZ286214.1_1,661,39,Gammatorquevirus
MZ286209.1,Anelloviridae sp.,Unclassified,Anelloviridae,SP55_C1,2055263,Anelloviridae sp.,3813,blood,56,108,687,Unclassified,MZ286209.1,MZ286209.1_1,769,30,Alphatorquevirus
MZ286207.1,Anelloviridae sp.,Unclassified,Anelloviridae,SP53_C1,2055263,Anelloviridae sp.,3016,blood,12,294,959,Betatorquevirus,MZ286207.1,MZ286207.1_1,660,4,Betatorquevirus
MZ286206.1,Anelloviridae sp.,Unclassified,Anelloviridae,SP52_C2,2055263,Anelloviridae sp.,3552,blood,35,18,762,Alphatorquevirus,MZ286206.1,MZ286206.1_1,760,29,Alphatorquevirus
MZ286205.1,Anelloviridae sp.,Unclassified,Anelloviridae,SP52_C1,2055263,Anelloviridae sp.,3778,blood,16,4,701,Alphatorquevirus,MZ286205.1,MZ286205.1_1,739,30,Alphatorquevirus
MZ286203.1,Anelloviridae sp.,Unclassified,Anelloviridae,SP51_C27,2055263,Anelloviridae sp.,2443,blood,261,565,2240,Unclassified,MZ286203.1,MZ286203.1_1,662,39,Gammatorquevirus
MZ286202.1,Anelloviridae sp.,Unclassified,Anelloviridae,SP51_C26,2055263,Anelloviridae sp.,2463,blood,213,345,2236,Unclassified,MZ286202.1,MZ286202.1_1,670,40,Gammatorquevirus
MZ286201.1,Anelloviridae sp.,Unclassified,Anelloviridae,SP51_C25,2055263,Anelloviridae sp.,2463,blood,176,472,2235,Gammatorquevirus,MZ286201.1,MZ286201.1_1,660,38,Gammatorquevirus
MZ286200.1,Anelloviridae sp.,Unclassified,Anelloviridae,SP51_C24,2055263,Anelloviridae sp.,2492,blood,54,16,2229,Betatorquevirus,MZ286200.1,MZ286200.1_1,634,3,Betatorquevirus
MZ286199.1,Anelloviridae sp.,Unclassified,Anelloviridae,SP51_C23,2055263,Anelloviridae sp.,2506,blood,252,1017,2225,Unclassified,MZ286199.1,MZ286199.1_1,655,1,Gammatorquevirus
MZ286198.1,Anelloviridae sp.,Unclassified,Anelloviridae,SP51_C22,2055263,Anelloviridae sp.,2546,blood,253,526,2211,Unclassified,MZ286198.1,MZ286198.1_1,662,39,Gammatorquevirus
MZ286197.1,Anelloviridae sp.,Unclassified,Anelloviridae,SP51_C21,2055263,Anelloviridae sp.,2554,blood,257,545,2205,Unclassified,MZ286197.1,MZ286197.1_1,664,1,Gammatorquevirus
MZ286196.1,Anelloviridae sp.,Unclassified,Anelloviridae,SP51_C20,2055263,Anelloviridae sp.,2581,blood,51,152,2191,Betatorquevirus,MZ286196.1,MZ286196.1_1,663,5,Betatorquevirus
MZ286195.1,Anelloviridae sp.,Unclassified,Anelloviridae,SP51_C19,2055263,Anelloviridae sp.,2596,blood,95,372,2185,Betatorquevirus,MZ286195.1,MZ286195.1_1,670,17,Betatorquevirus
MZ286194.1,Anelloviridae sp.,Unclassified,Anelloviridae,SP51_C18,2055263,Anelloviridae sp.,2675,blood,232,390,2161,Betatorquevirus,MZ286194.1,MZ286194.1_1,671,8,Betatorquevirus
MZ286193.1,Anelloviridae sp.,Unclassified,Anelloviridae,SP51_C17,2055263,Anelloviridae sp.,2775,blood,39,52,2106,Betatorquevirus,MZ286193.1,MZ286193.1_1,645,2,Betatorquevirus
MZ286192.1,Anelloviridae sp.,Unclassified,Anelloviridae,SP51_C16,2055263,Anelloviridae sp.,2820,blood,43,251,1942,Betatorquevirus,MZ286192.1,MZ286192.1_1,663,24,Betatorquevirus
MZ286191.1,Anelloviridae sp.,Unclassified,Anelloviridae,SP51_C15,2055263,Anelloviridae sp.,2850,blood,177,926,1764,Gammatorquevirus,MZ286191.1,MZ286191.1_1,666,39,Gammatorquevirus
MZ286190.1,Anelloviridae sp.,Unclassified,Anelloviridae,SP51_C14,2055263,Anelloviridae sp.,2880,blood,12,57,1552,Betatorquevirus,MZ286190.1,MZ286190.1_1,653,4,Betatorquevirus
MZ286188.1,Anelloviridae sp.,Unclassified,Anelloviridae,SP51_C12,2055263,Anelloviridae sp.,2932,blood,16,4,1196,Alphatorquevirus,MZ286188.1,MZ286188.1_1,739,30,Alphatorquevirus
MZ286187.1,Anelloviridae sp.,Unclassified,Anelloviridae,SP51_C11,2055263,Anelloviridae sp.,2942,blood,264,535,1150,Betatorquevirus,MZ286187.1,MZ286187.1_1,680,11,Betatorquevirus
MZ286186.1,Anelloviridae sp.,Unclassified,Anelloviridae,SP51_C10,2055263,Anelloviridae sp.,2946,blood,14,360,1140,Alphatorquevirus,MZ286186.1,MZ286186.1_1,645,32,Alphatorquevirus
MZ286185.1,Anelloviridae sp.,Unclassified,Anelloviridae,SP51_C5,2055263,Anelloviridae sp.,3113,blood,14,11,909,Alphatorquevirus,MZ286185.1,MZ286185.1_1,648,32,Alphatorquevirus
MZ286184.1,Anelloviridae sp.,Unclassified,Anelloviridae,SP51_C4,2055263,Anelloviridae sp.,3537,blood,73,521,770,Alphatorquevirus,MZ286184.1,MZ286184.1_1,752,29,Alphatorquevirus
MZ286183.1,Anelloviridae sp.,Unclassified,Anelloviridae,SP51_C3,2055263,Anelloviridae sp.,3621,blood,14,145,749,Alphatorquevirus,MZ286183.1,MZ286183.1_1,661,32,Alphatorquevirus
MZ286182.1,Anelloviridae sp.,Unclassified,Anelloviridae,SP51_C2,2055263,Anelloviridae sp.,3651,blood,20,71,738,Alphatorquevirus,MZ286182.1,MZ286182.1_1,780,29,Alphatorquevirus
MZ286181.1,Anelloviridae sp.,Unclassified,Anelloviridae,SP51_C1,2055263,Anelloviridae sp.,3738,blood,32,722,713,Alphatorquevirus,MZ286181.1,MZ286181.1_1,741,31,Alphatorquevirus
MZ286180.1,Anelloviridae sp.,Unclassified,Anelloviridae,SP49_C6,2055263,Anelloviridae sp.,2829,blood,92,262,1895,Betatorquevirus,MZ286180.1,MZ286180.1_1,639,2,Betatorquevirus
MZ286177.1,Anelloviridae sp.,Unclassified,Anelloviridae,SP49_C2,2055263,Anelloviridae sp.,3181,blood,157,762,873,Unclassified,MZ286177.1,MZ286177.1_1,661,38,Gammatorquevirus
MZ286176.1,Anelloviridae sp.,Unclassified,Anelloviridae,SP49_C1,2055263,Anelloviridae sp.,3275,blood,378,741,809,Unclassified,MZ286176.1,MZ286176.1_1,655,36,Unclassified
MZ286175.1,Anelloviridae sp.,Unclassified,Anelloviridae,SP48_C8,2055263,Anelloviridae sp.,2539,blood,138,362,2215,Unclassified,MZ286175.1,MZ286175.1_1,670,1,Gammatorquevirus
MZ286173.1,Anelloviridae sp.,Unclassified,Anelloviridae,SP48_C6,2055263,Anelloviridae sp.,2783,blood,121,986,2083,Gammatorquevirus,MZ286173.1,MZ286173.1_1,671,1,Gammatorquevirus
MZ286172.1,Anelloviridae sp.,Unclassified,Anelloviridae,SP48_C5,2055263,Anelloviridae sp.,2921,blood,313,834,1255,Unclassified,MZ286172.1,MZ286172.1_1,662,39,Gammatorquevirus
MZ286171.1,Anelloviridae sp.,Unclassified,Anelloviridae,SP48_C4,2055263,Anelloviridae sp.,2938,blood,108,705,1172,Betatorquevirus,MZ286171.1,MZ286171.1_1,678,18,Betatorquevirus
MZ286170.1,Anelloviridae sp.,Unclassified,Anelloviridae,SP48_C2,2055263,Anelloviridae sp.,3367,blood,13,289,798,Alphatorquevirus,MZ286170.1,MZ286170.1_1,742,29,Alphatorquevirus
MZ286168.1,Anelloviridae sp.,Unclassified,Anelloviridae,SP47_C13,2055263,Anelloviridae sp.,2923,blood,24,44,1245,Unclassified,MZ286168.1,MZ286168.1_1,756,29,Alphatorquevirus
MZ286165.1,Anelloviridae sp.,Unclassified,Anelloviridae,SP47_C10,2055263,Anelloviridae sp.,2510,blood,138,1016,2224,Unclassified,MZ286165.1,MZ286165.1_1,672,1,Gammatorquevirus
MZ286164.1,Anelloviridae sp.,Unclassified,Anelloviridae,SP47_C9,2055263,Anelloviridae sp.,2517,blood,65,1015,2222,Gammatorquevirus,MZ286164.1,MZ286164.1_1,663,1,Gammatorquevirus
MZ286163.1,Anelloviridae sp.,Unclassified,Anelloviridae,SP47_C8,2055263,Anelloviridae sp.,2906,blood,0,3,1352,Betatorquevirus,MZ286163.1,MZ286163.1_1,663,2,Betatorquevirus
MZ286161.1,Anelloviridae sp.,Unclassified,Anelloviridae,SP47_C6,2055263,Anelloviridae sp.,3072,blood,71,195,924,Unclassified,MZ286161.1,MZ286161.1_1,773,29,Alphatorquevirus
MZ286160.1,Anelloviridae sp.,Unclassified,Anelloviridae,SP47_C5,2055263,Anelloviridae sp.,3076,blood,25,274,919,Alphatorquevirus,MZ286160.1,MZ286160.1_1,767,30,Alphatorquevirus
MZ286159.1,Anelloviridae sp.,Unclassified,Anelloviridae,SP47_C4,2055263,Anelloviridae sp.,3226,blood,65,149,834,Gammatorquevirus,MZ286159.1,MZ286159.1_1,667,1,Gammatorquevirus
MZ286158.1,Anelloviridae sp.,Unclassified,Anelloviridae,SP47_C3,2055263,Anelloviridae sp.,3353,blood,16,64,800,Alphatorquevirus,MZ286158.1,MZ286158.1_1,733,30,Alphatorquevirus
MZ286157.1,Anelloviridae sp.,Unclassified,Anelloviridae,SP47_C2,2055263,Anelloviridae sp.,3428,blood,35,221,793,Alphatorquevirus,MZ286157.1,MZ286157.1_1,760,29,Alphatorquevirus
MZ286156.1,Anelloviridae sp.,Unclassified,Anelloviridae,SP47_C1,2055263,Anelloviridae sp.,3996,blood,16,4,665,Alphatorquevirus,MZ286156.1,MZ286156.1_1,739,30,Alphatorquevirus
MZ286154.1,Anelloviridae sp.,Unclassified,Anelloviridae,SP46_C4,2055263,Anelloviridae sp.,2600,blood,211,358,2184,Unclassified,MZ286154.1,MZ286154.1_1,662,38,Gammatorquevirus
MZ286153.1,Anelloviridae sp.,Unclassified,Anelloviridae,SP46_C3,2055263,Anelloviridae sp.,2963,blood,123,801,1061,Gammatorquevirus,MZ286153.1,MZ286153.1_1,658,1,Gammatorquevirus
MZ286152.1,Anelloviridae sp.,Unclassified,Anelloviridae,SP46_C1,2055263,Anelloviridae sp.,3705,blood,24,44,724,Unclassified,MZ286152.1,MZ286152.1_1,756,29,Alphatorquevirus
MZ286151.1,Anelloviridae sp.,Unclassified,Anelloviridae,SP45_C9,2055263,Anelloviridae sp.,2895,blood,16,4,1450,Alphatorquevirus,MZ286151.1,MZ286151.1_1,739,30,Alphatorquevirus
MZ286150.1,Anelloviridae sp.,Unclassified,Anelloviridae,SP45_C8,2055263,Anelloviridae sp.,2517,blood,157,464,2221,Unclassified,MZ286150.1,MZ286150.1_1,661,38,Gammatorquevirus
MZ286149.1,Anelloviridae sp.,Unclassified,Anelloviridae,SP45_C7,2055263,Anelloviridae sp.,2645,blood,65,568,2169,Gammatorquevirus,MZ286149.1,MZ286149.1_1,659,1,Gammatorquevirus
MZ286148.1,Anelloviridae sp.,Unclassified,Anelloviridae,SP45_C6,2055263,Anelloviridae sp.,2816,blood,45,7,1961,Betatorquevirus,MZ286148.1,MZ286148.1_1,642,2,Betatorquevirus
MZ286147.1,Anelloviridae sp.,Unclassified,Anelloviridae,SP45_C5,2055263,Anelloviridae sp.,2822,blood,253,526,1933,Unclassified,MZ286147.1,MZ286147.1_1,662,39,Gammatorquevirus
MZ286144.1,Anelloviridae sp.,Unclassified,Anelloviridae,SP45_C2,2055263,Anelloviridae sp.,3146,blood,24,9,897,Unclassified,MZ286144.1,MZ286144.1_1,762,29,Alphatorquevirus
MZ286143.1,Anelloviridae sp.,Unclassified,Anelloviridae,SP45_C1,2055263,Anelloviridae sp.,3551,blood,56,108,764,Unclassified,MZ286143.1,MZ286143.1_1,590,30,Alphatorquevirus
MZ286142.1,Anelloviridae sp.,Unclassified,Anelloviridae,SP44_C3,2055263,Anelloviridae sp.,2936,blood,32,498,1181,Alphatorquevirus,MZ286142.1,MZ286142.1_1,744,31,Alphatorquevirus
MZ286141.1,Anelloviridae sp.,Unclassified,Anelloviridae,SP44_C2,2055263,Anelloviridae sp.,3479,blood,173,298,786,Unclassified,MZ286141.1,MZ286141.1_1,733,30,Alphatorquevirus
MZ286140.1,Anelloviridae sp.,Unclassified,Anelloviridae,SP44_C1,2055263,Anelloviridae sp.,3787,blood,32,729,698,Alphatorquevirus,MZ286140.1,MZ286140.1_1,739,31,Alphatorquevirus
MZ286138.1,Anelloviridae sp.,Unclassified,Anelloviridae,SP43_C11,2055263,Anelloviridae sp.,2557,blood,257,545,2203,Unclassified,MZ286138.1,MZ286138.1_1,664,1,Gammatorquevirus
MZ286137.1,Anelloviridae sp.,Unclassified,Anelloviridae,SP43_C10,2055263,Anelloviridae sp.,2575,blood,65,149,2194,Gammatorquevirus,MZ286137.1,MZ286137.1_1,667,1,Gammatorquevirus
MZ286136.1,Anelloviridae sp.,Unclassified,Anelloviridae,SP43_C9,2055263,Anelloviridae sp.,2652,blood,60,182,2166,Betatorquevirus,MZ286136.1,MZ286136.1_1,671,20,Betatorquevirus
MZ286134.1,Anelloviridae sp.,Unclassified,Anelloviridae,SP43_C3,2055263,Anelloviridae sp.,2923,blood,354,832,1244,Unclassified,MZ286134.1,MZ286134.1_1,672,22,Betatorquevirus
MZ286133.1,Anelloviridae sp.,Unclassified,Anelloviridae,SP43_C2,2055263,Anelloviridae sp.,2969,blood,28,509,1050,Betatorquevirus,MZ286133.1,MZ286133.1_1,679,6,Betatorquevirus
MZ286130.1,Anelloviridae sp.,Unclassified,Anelloviridae,SP42_C1,2055263,Anelloviridae sp.,3193,blood,73,199,861,Alphatorquevirus,MZ286130.1,MZ286130.1_1,750,29,Alphatorquevirus
MZ286128.1,Anelloviridae sp.,Unclassified,Anelloviridae,SP41_C1,2055263,Anelloviridae sp.,3623,blood,20,85,747,Alphatorquevirus,MZ286128.1,MZ286128.1_1,786,29,Alphatorquevirus
MZ286127.1,Anelloviridae sp.,Unclassified,Anelloviridae,SP40_C4,2055263,Anelloviridae sp.,2993,blood,337,789,995,Unclassified,MZ286127.1,MZ286127.1_1,655,19,Betatorquevirus
MZ286124.1,Anelloviridae sp.,Unclassified,Anelloviridae,SP40_C1,2055263,Anelloviridae sp.,3513,blood,32,293,776,Alphatorquevirus,MZ286124.1,MZ286124.1_1,751,31,Alphatorquevirus
MZ286122.1,Anelloviridae sp.,Unclassified,Anelloviridae,SP39_C2,2055263,Anelloviridae sp.,3503,blood,14,74,780,Alphatorquevirus,MZ286122.1,MZ286122.1_1,644,32,Alphatorquevirus
MZ286118.1,Anelloviridae sp.,Unclassified,Anelloviridae,SP38_C1,2055263,Anelloviridae sp.,3237,blood,20,71,822,Alphatorquevirus,MZ286118.1,MZ286118.1_1,780,29,Alphatorquevirus
MZ286117.1,Anelloviridae sp.,Unclassified,Anelloviridae,SP37_C7,2055263,Anelloviridae sp.,2592,blood,311,1008,2186,Unclassified,MZ286117.1,MZ286117.1_1,667,39,Gammatorquevirus
MZ286116.1,Anelloviridae sp.,Unclassified,Anelloviridae,SP37_C4,2055263,Anelloviridae sp.,2961,blood,123,506,1079,Gammatorquevirus,MZ286116.1,MZ286116.1_1,654,1,Gammatorquevirus
MZ286115.1,Anelloviridae sp.,Unclassified,Anelloviridae,SP37_C3,2055263,Anelloviridae sp.,3114,blood,24,44,908,Unclassified,MZ286115.1,MZ286115.1_1,756,29,Alphatorquevirus
MZ286114.1,Anelloviridae sp.,Unclassified,Anelloviridae,SP37_C2,2055263,Anelloviridae sp.,3187,blood,20,87,865,Alphatorquevirus,MZ286114.1,MZ286114.1_1,782,29,Alphatorquevirus
MZ286113.1,Anelloviridae sp.,Unclassified,Anelloviridae,SP37_C1,2055263,Anelloviridae sp.,3818,blood,245,536,684,Unclassified,MZ286113.1,MZ286113.1_1,747,29,Alphatorquevirus
MZ286112.1,Anelloviridae sp.,Unclassified,Anelloviridae,SP36_C5,2055263,Anelloviridae sp.,2861,blood,112,911,1695,Gammatorquevirus,MZ286112.1,MZ286112.1_1,665,1,Gammatorquevirus
MZ286111.1,Anelloviridae sp.,Unclassified,Anelloviridae,SP36_C4,2055263,Anelloviridae sp.,2889,blood,218,304,1503,Betatorquevirus,MZ286111.1,MZ286111.1_1,667,4,Betatorquevirus
MZ286110.1,Anelloviridae sp.,Unclassified,Anelloviridae,SP36_C1,2055263,Anelloviridae sp.,3716,blood,250,730,721,Unclassified,MZ286110.1,MZ286110.1_1,720,31,Alphatorquevirus
MZ286109.1,Anelloviridae sp.,Unclassified,Anelloviridae,SP35_C9,2055263,Anelloviridae sp.,3667,blood,14,74,735,Alphatorquevirus,MZ286109.1,MZ286109.1_1,644,32,Alphatorquevirus
MZ286107.1,Anelloviridae sp.,Unclassified,Anelloviridae,SP35_C5,2055263,Anelloviridae sp.,2933,blood,16,64,1192,Alphatorquevirus,MZ286107.1,MZ286107.1_1,731,30,Alphatorquevirus
MZ286106.1,Anelloviridae sp.,Unclassified,Anelloviridae,SP35_C3,2055263,Anelloviridae sp.,2976,blood,32,206,1039,Alphatorquevirus,MZ286106.1,MZ286106.1_1,735,31,Alphatorquevirus
MZ286105.1,Anelloviridae sp.,Unclassified,Anelloviridae,SP35_C1,2055263,Anelloviridae sp.,2983,blood,13,12,1018,Alphatorquevirus,MZ286105.1,MZ286105.1_1,768,29,Alphatorquevirus
MZ286102.1,Anelloviridae sp.,Unclassified,Anelloviridae,SP33_C5,2055263,Anelloviridae sp.,3137,blood,20,769,900,Alphatorquevirus,MZ286102.1,MZ286102.1_1,789,29,Alphatorquevirus
MZ286101.1,Anelloviridae sp.,Unclassified,Anelloviridae,SP33_C4,2055263,Anelloviridae sp.,3172,blood,119,353,881,Unclassified,MZ286101.1,MZ286101.1_1,744,29,Alphatorquevirus
MZ286100.1,Anelloviridae sp.,Unclassified,Anelloviridae,SP33_C3,2055263,Anelloviridae sp.,3547,blood,73,199,767,Alphatorquevirus,MZ286100.1,MZ286100.1_1,753,29,Alphatorquevirus
MZ286099.1,Anelloviridae sp.,Unclassified,Anelloviridae,SP33_C2,2055263,Anelloviridae sp.,3574,blood,13,6,755,Alphatorquevirus,MZ286099.1,MZ286099.1_1,767,29,Alphatorquevirus
MZ286098.1,Anelloviridae sp.,Unclassified,Anelloviridae,SP33_C1,2055263,Anelloviridae sp.,3686,blood,14,74,730,Alphatorquevirus,MZ286098.1,MZ286098.1_1,644,32,Alphatorquevirus
MZ286097.1,Anelloviridae sp.,Unclassified,Anelloviridae,SP32_C1,2055263,Anelloviridae sp.,3823,blood,20,71,683,Alphatorquevirus,MZ286097.1,MZ286097.1_1,780,29,Alphatorquevirus
MZ286096.1,Anelloviridae sp.,Unclassified,Anelloviridae,SP31_C6,2055263,Anelloviridae sp.,2818,blood,254,958,1947,Unclassified,MZ286096.1,MZ286096.1_1,661,39,Gammatorquevirus
MZ286095.1,Anelloviridae sp.,Unclassified,Anelloviridae,SP31_C5,2055263,Anelloviridae sp.,2842,blood,138,936,1816,Unclassified,MZ286095.1,MZ286095.1_1,663,1,Gammatorquevirus
MZ286094.1,Anelloviridae sp.,Unclassified,Anelloviridae,SP31_C3,2055263,Anelloviridae sp.,3123,blood,16,64,905,Alphatorquevirus,MZ286094.1,MZ286094.1_1,732,30,Alphatorquevirus
MZ286093.1,Anelloviridae sp.,Unclassified,Anelloviridae,SP31_C2,2055263,Anelloviridae sp.,3690,blood,74,478,728,Alphatorquevirus,MZ286093.1,MZ286093.1_1,660,32,Alphatorquevirus
MZ286092.1,Anelloviridae sp.,Unclassified,Anelloviridae,SP31_C1,2055263,Anelloviridae sp.,3733,blood,16,4,714,Alphatorquevirus,MZ286092.1,MZ286092.1_1,621,30,Alphatorquevirus
MZ286091.1,Anelloviridae sp.,Unclassified,Anelloviridae,SP30_C10,2055263,Anelloviridae sp.,2460,blood,261,565,2237,Unclassified,MZ286091.1,MZ286091.1_1,662,39,Gammatorquevirus
MZ286090.1,Anelloviridae sp.,Unclassified,Anelloviridae,SP30_C9,2055263,Anelloviridae sp.,2550,blood,65,149,2208,Gammatorquevirus,MZ286090.1,MZ286090.1_1,666,1,Gammatorquevirus
MZ286089.1,Anelloviridae sp.,Unclassified,Anelloviridae,SP30_C8,2055263,Anelloviridae sp.,2583,blood,213,345,2190,Unclassified,MZ286089.1,MZ286089.1_1,670,40,Gammatorquevirus
MZ286088.1,Anelloviridae sp.,Unclassified,Anelloviridae,SP30_C5,2055263,Anelloviridae sp.,2871,blood,0,3,1627,Betatorquevirus,MZ286088.1,MZ286088.1_1,659,2,Betatorquevirus
MZ286087.1,Anelloviridae sp.,Unclassified,Anelloviridae,SP30_C3,2055263,Anelloviridae sp.,2954,blood,112,811,1103,Gammatorquevirus,MZ286087.1,MZ286087.1_1,660,1,Gammatorquevirus
MZ286086.1,Anelloviridae sp.,Unclassified,Anelloviridae,SP30_C1,2055263,Anelloviridae sp.,3770,blood,71,195,704,Unclassified,MZ286086.1,MZ286086.1_1,772,29,Alphatorquevirus
MZ286085.1,Anelloviridae sp.,Unclassified,Anelloviridae,SP29_C2,2055263,Anelloviridae sp.,1802,blood,256,477,2279,Unclassified,MZ286085.1,MZ286085.1_1,481,1,Gammatorquevirus
MZ286084.1,Anelloviridae sp.,Unclassified,Anelloviridae,SP29_C1,2055263,Anelloviridae sp.,2803,blood,124,974,2027,Betatorquevirus,MZ286084.1,MZ286084.1_1,668,24,Betatorquevirus
MZ286083.1,Anelloviridae sp.,Unclassified,Anelloviridae,SP28_C7,2055263,Anelloviridae sp.,2534,blood,138,362,2218,Unclassified,MZ286083.1,MZ286083.1_1,670,1,Gammatorquevirus
MZ286082.1,Anelloviridae sp.,Unclassified,Anelloviridae,SP28_C6,2055263,Anelloviridae sp.,2544,blood,9,69,2213,Betatorquevirus,MZ286082.1,MZ286082.1_1,659,24,Betatorquevirus
MZ286081.1,Anelloviridae sp.,Unclassified,Anelloviridae,SP28_C5,2055263,Anelloviridae sp.,2545,blood,312,482,2212,Unclassified,MZ286081.1,MZ286081.1_1,671,39,Gammatorquevirus
MZ286076.1,Anelloviridae sp.,Unclassified,Anelloviridae,SP27_C5,2055263,Anelloviridae sp.,2958,blood,73,367,1089,Alphatorquevirus,MZ286076.1,MZ286076.1_1,759,29,Alphatorquevirus
MZ286074.1,Anelloviridae sp.,Unclassified,Anelloviridae,SP27_C3,2055263,Anelloviridae sp.,3027,blood,71,338,952,Unclassified,MZ286074.1,MZ286074.1_1,768,29,Alphatorquevirus
MZ286072.1,Anelloviridae sp.,Unclassified,Anelloviridae,SP26_C3,2055263,Anelloviridae sp.,2634,blood,33,1,2177,Betatorquevirus,MZ286072.1,MZ286072.1_1,668,5,Betatorquevirus
MZ286071.1,Anelloviridae sp.,Unclassified,Anelloviridae,SP26_C2,2055263,Anelloviridae sp.,2796,blood,210,982,2052,Unclassified,MZ286071.1,MZ286071.1_1,647,38,Gammatorquevirus
MZ286070.1,Anelloviridae sp.,Unclassified,Anelloviridae,SP26_C1,2055263,Anelloviridae sp.,3872,blood,24,9,677,Unclassified,MZ286070.1,MZ286070.1_1,766,29,Alphatorquevirus
MZ286069.1,Anelloviridae sp.,Unclassified,Anelloviridae,SP25_C4,2055263,Anelloviridae sp.,2501,blood,209,1018,2227,Unclassified,MZ286069.1,MZ286069.1_1,658,39,Gammatorquevirus
MZ286068.1,Anelloviridae sp.,Unclassified,Anelloviridae,SP25_C3,2055263,Anelloviridae sp.,2641,blood,206,1005,2174,Unclassified,MZ286068.1,MZ286068.1_1,664,39,Gammatorquevirus
MZ286067.1,Anelloviridae sp.,Unclassified,Anelloviridae,SP25_C2,2055263,Anelloviridae sp.,2644,blood,112,1003,2171,Gammatorquevirus,MZ286067.1,MZ286067.1_1,670,1,Gammatorquevirus
MZ286065.1,Anelloviridae sp.,Unclassified,Anelloviridae,SP24_C8,2055263,Anelloviridae sp.,2680,blood,12,57,2160,Betatorquevirus,MZ286065.1,MZ286065.1_1,653,4,Betatorquevirus
MZ286064.1,Anelloviridae sp.,Unclassified,Anelloviridae,SP24_C6,2055263,Anelloviridae sp.,2954,blood,32,810,1102,Alphatorquevirus,MZ286064.1,MZ286064.1_1,748,31,Alphatorquevirus
MZ286063.1,Anelloviridae sp.,Unclassified,Anelloviridae,SP24_C5,2055263,Anelloviridae sp.,3007,blood,20,87,971,Alphatorquevirus,MZ286063.1,MZ286063.1_1,782,29,Alphatorquevirus
MZ286062.1,Anelloviridae sp.,Unclassified,Anelloviridae,SP24_C4,2055263,Anelloviridae sp.,3034,blood,249,780,943,Unclassified,MZ286062.1,MZ286062.1_1,726,31,Alphatorquevirus
MZ286061.1,Anelloviridae sp.,Unclassified,Anelloviridae,SP24_C3,2055263,Anelloviridae sp.,3446,blood,32,206,791,Alphatorquevirus,MZ286061.1,MZ286061.1_1,735,31,Alphatorquevirus
MZ286060.1,Anelloviridae sp.,Unclassified,Anelloviridae,SP24_C2,2055263,Anelloviridae sp.,3537,blood,32,495,769,Alphatorquevirus,MZ286060.1,MZ286060.1_1,756,31,Alphatorquevirus
MZ286058.1,Anelloviridae sp.,Unclassified,Anelloviridae,SP23_C4,2055263,Anelloviridae sp.,2879,blood,379,886,1559,Unclassified,MZ286058.1,MZ286058.1_1,636,3,Betatorquevirus
MZ286057.1,Anelloviridae sp.,Unclassified,Anelloviridae,SP23_C2,2055263,Anelloviridae sp.,3515,blood,24,9,775,Unclassified,MZ286057.1,MZ286057.1_1,762,29,Alphatorquevirus
MZ286056.1,Anelloviridae sp.,Unclassified,Anelloviridae,SP23_C1,2055263,Anelloviridae sp.,3866,blood,35,18,664,Alphatorquevirus,MZ286056.1,MZ286056.1_1,773,29,Alphatorquevirus
MZ286055.1,Anelloviridae sp.,Unclassified,Anelloviridae,SP22_C8,2055263,Anelloviridae sp.,2471,blood,65,1022,2233,Gammatorquevirus,MZ286055.1,MZ286055.1_1,667,1,Gammatorquevirus
MZ286053.1,Anelloviridae sp.,Unclassified,Anelloviridae,SP22_C6,2055263,Anelloviridae sp.,2819,blood,39,52,1944,Betatorquevirus,MZ286053.1,MZ286053.1_1,643,2,Betatorquevirus
MZ286052.1,Anelloviridae sp.,Unclassified,Anelloviridae,SP22_C5,2055263,Anelloviridae sp.,2858,blood,0,0,128,Betatorquevirus,MZ286052.1,MZ286052.1_1,658,2,Betatorquevirus
MZ286050.1,Anelloviridae sp.,Unclassified,Anelloviridae,SP22_C2,2055263,Anelloviridae sp.,3241,blood,65,340,820,Gammatorquevirus,MZ286050.1,MZ286050.1_1,667,1,Gammatorquevirus
MZ286048.1,Anelloviridae sp.,Unclassified,Anelloviridae,SP21_C3,2055263,Anelloviridae sp.,2891,blood,61,68,188,Betatorquevirus,MZ286048.1,MZ286048.1_1,648,21,Betatorquevirus
MZ286047.1,Anelloviridae sp.,Unclassified,Anelloviridae,SP21_C2,2055263,Anelloviridae sp.,2988,blood,35,18,1006,Alphatorquevirus,MZ286047.1,MZ286047.1_1,759,29,Alphatorquevirus
MZ286046.1,Anelloviridae sp.,Unclassified,Anelloviridae,SP21_C1,2055263,Anelloviridae sp.,3507,blood,13,289,778,Alphatorquevirus,MZ286046.1,MZ286046.1_1,742,29,Alphatorquevirus
MZ286044.1,Anelloviridae sp.,Unclassified,Anelloviridae,SP20_C3,2055263,Anelloviridae sp.,2894,blood,50,13,1459,Betatorquevirus,MZ286044.1,MZ286044.1_1,664,5,Betatorquevirus
MZ286043.1,Anelloviridae sp.,Unclassified,Anelloviridae,SP20_C2,2055263,Anelloviridae sp.,3184,blood,25,532,869,Alphatorquevirus,MZ286043.1,MZ286043.1_1,764,30,Alphatorquevirus
MZ286042.1,Anelloviridae sp.,Unclassified,Anelloviridae,SP20_C1,2055263,Anelloviridae sp.,3370,blood,13,12,797,Alphatorquevirus,MZ286042.1,MZ286042.1_1,767,29,Alphatorquevirus
MZ286041.1,Anelloviridae sp.,Unclassified,Anelloviridae,SP19_C2,2055263,Anelloviridae sp.,2837,blood,209,940,1848,Unclassified,MZ286041.1,MZ286041.1_1,658,39,Gammatorquevirus
MZ286038.1,Anelloviridae sp.,Unclassified,Anelloviridae,SP18_C2,2055263,Anelloviridae sp.,3732,blood,136,269,716,Alphatorquevirus,MZ286038.1,MZ286038.1_1,749,29,Alphatorquevirus
MZ286037.1,Anelloviridae sp.,Unclassified,Anelloviridae,SP18_C1,2055263,Anelloviridae sp.,3816,blood,56,108,686,Unclassified,MZ286037.1,MZ286037.1_1,771,30,Alphatorquevirus
MZ286034.1,Anelloviridae sp.,Unclassified,Anelloviridae,SP16_C17,2055263,Anelloviridae sp.,2623,blood,12,115,2178,Betatorquevirus,MZ286034.1,MZ286034.1_1,655,4,Betatorquevirus
MZ286033.1,Anelloviridae sp.,Unclassified,Anelloviridae,SP16_C16,2055263,Anelloviridae sp.,2830,blood,127,949,1892,Betatorquevirus,MZ286033.1,MZ286033.1_1,664,17,Betatorquevirus
MZ286032.1,Anelloviridae sp.,Unclassified,Anelloviridae,SP16_C14,2055263,Anelloviridae sp.,2871,blood,314,897,1626,Unclassified,MZ286032.1,MZ286032.1_1,668,1,Gammatorquevirus
MZ286031.1,Anelloviridae sp.,Unclassified,Anelloviridae,SP16_C13,2055263,Anelloviridae sp.,2917,blood,13,12,1277,Alphatorquevirus,MZ286031.1,MZ286031.1_1,767,29,Alphatorquevirus
MZ286027.1,Anelloviridae sp.,Unclassified,Anelloviridae,SP16_C7,2055263,Anelloviridae sp.,3134,blood,174,534,902,Unclassified,MZ286027.1,MZ286027.1_1,745,31,Alphatorquevirus
MZ286026.1,Anelloviridae sp.,Unclassified,Anelloviridae,SP16_C6,2055263,Anelloviridae sp.,3157,blood,112,767,893,Gammatorquevirus,MZ286026.1,MZ286026.1_1,661,1,Gammatorquevirus
MZ286025.1,Anelloviridae sp.,Unclassified,Anelloviridae,SP16_C5,2055263,Anelloviridae sp.,3174,blood,32,765,880,Alphatorquevirus,MZ286025.1,MZ286025.1_1,743,31,Alphatorquevirus
MZ286024.1,Anelloviridae sp.,Unclassified,Anelloviridae,SP16_C4,2055263,Anelloviridae sp.,3230,blood,214,746,826,Unclassified,MZ286024.1,MZ286024.1_1,658,36,Unclassified
MZ286023.1,Anelloviridae sp.,Unclassified,Anelloviridae,SP16_C3,2055263,Anelloviridae sp.,3443,blood,16,4,792,Alphatorquevirus,MZ286023.1,MZ286023.1_1,738,30,Alphatorquevirus
MZ286022.1,Anelloviridae sp.,Unclassified,Anelloviridae,SP16_C2,2055263,Anelloviridae sp.,3918,blood,119,725,669,Unclassified,MZ286022.1,MZ286022.1_1,741,29,Alphatorquevirus
MZ286021.1,Anelloviridae sp.,Unclassified,Anelloviridae,SP15_C7,2055263,Anelloviridae sp.,2514,blood,243,412,2223,Unclassified,MZ286021.1,MZ286021.1_1,643,2,Betatorquevirus
MZ286020.1,Anelloviridae sp.,Unclassified,Anelloviridae,SP15_C6,2055263,Anelloviridae sp.,2776,blood,294,491,2103,Unclassified,MZ286020.1,MZ286020.1_1,639,3,Betatorquevirus
MZ286019.1,Anelloviridae sp.,Unclassified,Anelloviridae,SP15_C5,2055263,Anelloviridae sp.,2947,blood,32,406,1136,Alphatorquevirus,MZ286019.1,MZ286019.1_1,743,31,Alphatorquevirus
MZ286018.1,Anelloviridae sp.,Unclassified,Anelloviridae,SP15_C3,2055263,Anelloviridae sp.,3145,blood,24,44,898,Unclassified,MZ286018.1,MZ286018.1_1,759,29,Alphatorquevirus
MZ286017.1,Anelloviridae sp.,Unclassified,Anelloviridae,SP15_C2,2055263,Anelloviridae sp.,3806,blood,32,728,691,Alphatorquevirus,MZ286017.1,MZ286017.1_1,749,31,Alphatorquevirus
MZ286014.1,Anelloviridae sp.,Unclassified,Anelloviridae,SP14_C2,2055263,Anelloviridae sp.,3029,blood,13,12,950,Alphatorquevirus,MZ286014.1,MZ286014.1_1,765,29,Alphatorquevirus
MZ286011.1,Anelloviridae sp.,Unclassified,Anelloviridae,SP13_C3,2055263,Anelloviridae sp.,3165,blood,35,392,887,Alphatorquevirus,MZ286011.1,MZ286011.1_1,758,29,Alphatorquevirus
MZ286009.1,Anelloviridae sp.,Unclassified,Anelloviridae,SP12_C2,2055263,Anelloviridae sp.,3515,blood,74,271,774,Alphatorquevirus,MZ286009.1,MZ286009.1_1,552,32,Alphatorquevirus
MZ286008.1,Anelloviridae sp.,Unclassified,Anelloviridae,SP12_C1,2055263,Anelloviridae sp.,3566,blood,14,11,759,Alphatorquevirus,MZ286008.1,MZ286008.1_1,648,32,Alphatorquevirus
MZ286007.1,Anelloviridae sp.,Unclassified,Anelloviridae,SP11_C2,2055263,Anelloviridae sp.,2817,blood,172,255,1957,Betatorquevirus,MZ286007.1,MZ286007.1_1,643,3,Betatorquevirus
MZ286006.1,Anelloviridae sp.,Unclassified,Anelloviridae,SP11_C1,2055263,Anelloviridae sp.,3649,blood,32,206,740,Alphatorquevirus,MZ286006.1,MZ286006.1_1,735,31,Alphatorquevirus
MZ286005.1,Anelloviridae sp.,Unclassified,Anelloviridae,SP10_C4,2055263,Anelloviridae sp.,2786,blood,211,358,2076,Unclassified,MZ286005.1,MZ286005.1_1,661,38,Gammatorquevirus
MZ286004.1,Anelloviridae sp.,Unclassified,Anelloviridae,SP10_C3,2055263,Anelloviridae sp.,2972,blood,168,228,1045,Betatorquevirus,MZ286004.1,MZ286004.1_1,661,9,Betatorquevirus
MZ286003.1,Anelloviridae sp.,Unclassified,Anelloviridae,SP10_C2,2055263,Anelloviridae sp.,3175,blood,14,74,878,Alphatorquevirus,MZ286003.1,MZ286003.1_1,644,32,Alphatorquevirus
MZ286002.1,Anelloviridae sp.,Unclassified,Anelloviridae,SP10_C1,2055263,Anelloviridae sp.,3643,blood,14,225,741,Alphatorquevirus,MZ286002.1,MZ286002.1_1,641,32,Alphatorquevirus
MZ286001.1,Anelloviridae sp.,Unclassified,Anelloviridae,SP8_C3,2055263,Anelloviridae sp.,2775,blood,75,276,2105,Gammatorquevirus,MZ286001.1,MZ286001.1_1,667,39,Gammatorquevirus
MZ286000.1,Anelloviridae sp.,Unclassified,Anelloviridae,SP8_C1,2055263,Anelloviridae sp.,3186,blood,156,759,867,Gammatorquevirus,MZ286000.1,MZ286000.1_1,660,39,Gammatorquevirus
MZ285999.1,Anelloviridae sp.,Unclassified,Anelloviridae,SP7_C10,2055263,Anelloviridae sp.,2475,blood,320,1021,2232,Unclassified,MZ285999.1,MZ285999.1_1,662,38,Gammatorquevirus
MZ285996.1,Anelloviridae sp.,Unclassified,Anelloviridae,SP7_C6,2055263,Anelloviridae sp.,2752,blood,138,994,2135,Unclassified,MZ285996.1,MZ285996.1_1,507,1,Gammatorquevirus
MZ285994.1,Anelloviridae sp.,Unclassified,Anelloviridae,SP7_C2,2055263,Anelloviridae sp.,3167,blood,14,74,886,Alphatorquevirus,MZ285994.1,MZ285994.1_1,644,32,Alphatorquevirus
MZ285992.1,Anelloviridae sp.,Unclassified,Anelloviridae,SP6_C6,2055263,Anelloviridae sp.,3585,blood,71,365,754,Unclassified,MZ285992.1,MZ285992.1_1,767,29,Alphatorquevirus
MZ285991.1,Anelloviridae sp.,Unclassified,Anelloviridae,SP6_C5,2055263,Anelloviridae sp.,2817,blood,235,344,1956,Betatorquevirus,MZ285991.1,MZ285991.1_1,669,24,Betatorquevirus
MZ285989.1,Anelloviridae sp.,Unclassified,Anelloviridae,SP3_C18,2055263,Anelloviridae sp.,3033,blood,14,74,949,Alphatorquevirus,MZ285989.1,MZ285989.1_1,645,32,Alphatorquevirus
MZ285987.1,Anelloviridae sp.,Unclassified,Anelloviridae,SP3_C16,2055263,Anelloviridae sp.,2759,blood,73,367,2131,Alphatorquevirus,MZ285987.1,MZ285987.1_1,759,29,Alphatorquevirus
MZ285986.1,Anelloviridae sp.,Unclassified,Anelloviridae,SP3_C15,2055263,Anelloviridae sp.,2842,blood,310,935,1815,Unclassified,MZ285986.1,MZ285986.1_1,663,1,Gammatorquevirus
MZ285985.1,Anelloviridae sp.,Unclassified,Anelloviridae,SP3_C13,2055263,Anelloviridae sp.,2867,blood,24,351,1654,Unclassified,MZ285985.1,MZ285985.1_1,760,29,Alphatorquevirus
MZ285984.1,Anelloviridae sp.,Unclassified,Anelloviridae,SP3_C12,2055263,Anelloviridae sp.,2872,blood,24,9,1619,Unclassified,MZ285984.1,MZ285984.1_1,762,29,Alphatorquevirus
MZ285983.1,Anelloviridae sp.,Unclassified,Anelloviridae,SP3_C11,2055263,Anelloviridae sp.,2904,blood,74,263,1372,Alphatorquevirus,MZ285983.1,MZ285983.1_1,642,32,Alphatorquevirus
MZ285982.1,Anelloviridae sp.,Unclassified,Anelloviridae,SP3_C10,2055263,Anelloviridae sp.,2943,blood,71,195,1146,Unclassified,MZ285982.1,MZ285982.1_1,771,29,Alphatorquevirus
MZ285979.1,Anelloviridae sp.,Unclassified,Anelloviridae,SP3_C7,2055263,Anelloviridae sp.,2972,blood,70,580,1044,Alphatorquevirus,MZ285979.1,MZ285979.1_1,745,29,Alphatorquevirus
MZ285978.1,Anelloviridae sp.,Unclassified,Anelloviridae,SP3_C6,2055263,Anelloviridae sp.,2976,blood,303,485,1038,Unclassified,MZ285978.1,MZ285978.1_1,750,29,Alphatorquevirus
MZ285976.1,Anelloviridae sp.,Unclassified,Anelloviridae,SP3_C4,2055263,Anelloviridae sp.,3012,blood,13,12,963,Alphatorquevirus,MZ285976.1,MZ285976.1_1,766,29,Alphatorquevirus
MZ285973.1,Anelloviridae sp.,Unclassified,Anelloviridae,SP3_C1,2055263,Anelloviridae sp.,3195,blood,250,757,860,Unclassified,MZ285973.1,MZ285973.1_1,719,31,Alphatorquevirus
MZ285971.1,Anelloviridae sp.,Unclassified,Anelloviridae,SP2_C4,2055263,Anelloviridae sp.,2988,blood,71,338,1005,Unclassified,MZ285971.1,MZ285971.1_1,768,29,Alphatorquevirus
MZ285969.1,Anelloviridae sp.,Unclassified,Anelloviridae,SP2_C2,2055263,Anelloviridae sp.,3668,blood,14,225,734,Alphatorquevirus,MZ285969.1,MZ285969.1_1,641,32,Alphatorquevirus
MZ285964.1,Anelloviridae sp.,Unclassified,Anelloviridae,SP1_C4,2055263,Anelloviridae sp.,2930,blood,16,4,1210,Alphatorquevirus,MZ285964.1,MZ285964.1_1,739,30,Alphatorquevirus
MZ285963.1,Anelloviridae sp.,Unclassified,Anelloviridae,SP1_C3,2055263,Anelloviridae sp.,2961,blood,122,805,1077,Gammatorquevirus,MZ285963.1,MZ285963.1_1,666,40,Gammatorquevirus
MZ285962.1,Anelloviridae sp.,Unclassified,Anelloviridae,SP1_C1,2055263,Anelloviridae sp.,3223,blood,206,519,837,Unclassified,MZ285962.1,MZ285962.1_1,659,39,Gammatorquevirus
MW857571.1,Torque teno virus,Unclassified,Anelloviridae,"",68887,Torque teno virus,3573,"",56,202,756,Unclassified,MW857571.1,MW857571.1_1,765,30,Alphatorquevirus
MW679006.1,Torque teno virus AZ7_4,Unclassified,Anelloviridae,AZ7_4,2853120,Torque teno virus AZ7_4,3781,"",70,287,699,Alphatorquevirus,MW679006.1,MW679006.1_1,743,29,Alphatorquevirus
MW679005.1,Torque teno virus AZ6_5,Unclassified,Anelloviridae,AZ6_5,2853119,Torque teno virus AZ6_5,3684,"",74,478,731,Alphatorquevirus,MW679005.1,MW679005.1_1,658,32,Alphatorquevirus
MW679003.1,Torque teno virus AZ1_2,Unclassified,Anelloviridae,AZ1_2,2853118,Torque teno virus AZ1_2,3770,"",13,6,703,Alphatorquevirus,MW679003.1,MW679003.1_1,765,29,Alphatorquevirus
MW455450.1,Anelloviridae sp.,Unclassified,Anelloviridae,P12-c3,2055263,Anelloviridae sp.,2568,blood,260,567,2197,Unclassified,MW455450.1,MW455450.1_1,666,39,Gammatorquevirus
MW455448.1,Anelloviridae sp.,Unclassified,Anelloviridae,P12-c1,2055263,Anelloviridae sp.,3741,blood,103,205,711,Unclassified,MW455448.1,MW455448.1_1,739,29,Alphatorquevirus
MW455446.1,Anelloviridae sp.,Unclassified,Anelloviridae,P11-c1,2055263,Anelloviridae sp.,3160,blood,56,202,324,Unclassified,MW455446.1,MW455446.1_1,642,30,Alphatorquevirus
MW455445.1,Anelloviridae sp.,Unclassified,Anelloviridae,P10-c9,2055263,Anelloviridae sp.,2874,blood,60,107,1608,Betatorquevirus,MW455445.1,MW455445.1_1,673,20,Betatorquevirus
MW455444.1,Anelloviridae sp.,Unclassified,Anelloviridae,P10-c8,2055263,Anelloviridae sp.,2925,blood,45,7,1230,Betatorquevirus,MW455444.1,MW455444.1_1,642,2,Betatorquevirus
MW455442.1,Anelloviridae sp.,Unclassified,Anelloviridae,P10-c6,2055263,Anelloviridae sp.,2961,blood,32,406,1076,Alphatorquevirus,MW455442.1,MW455442.1_1,743,31,Alphatorquevirus
MW455440.1,Anelloviridae sp.,Unclassified,Anelloviridae,P10-c4,2055263,Anelloviridae sp.,3195,blood,32,356,859,Alphatorquevirus,MW455440.1,MW455440.1_1,752,31,Alphatorquevirus
MW455439.1,Anelloviridae sp.,Unclassified,Anelloviridae,P10-c3,2055263,Anelloviridae sp.,3655,blood,14,11,736,Alphatorquevirus,MW455439.1,MW455439.1_1,645,32,Alphatorquevirus
MW455438.1,Anelloviridae sp.,Unclassified,Anelloviridae,P10-c2,2055263,Anelloviridae sp.,3717,blood,16,4,720,Alphatorquevirus,MW455438.1,MW455438.1_1,739,30,Alphatorquevirus
MW455436.1,Anelloviridae sp.,Unclassified,Anelloviridae,P9-c5,2055263,Anelloviridae sp.,2476,blood,123,1020,2231,Gammatorquevirus,MW455436.1,MW455436.1_1,659,1,Gammatorquevirus
MW455435.1,Anelloviridae sp.,Unclassified,Anelloviridae,P9-c4,2055263,Anelloviridae sp.,2996,blood,103,712,985,Unclassified,MW455435.1,MW455435.1_1,756,29,Alphatorquevirus
MW455434.1,Anelloviridae sp.,Unclassified,Anelloviridae,P9-c3,2055263,Anelloviridae sp.,3057,blood,55,140,290,Betatorquevirus,MW455434.1,MW455434.1_1,660,10,Betatorquevirus
MW455432.1,Anelloviridae sp.,Unclassified,Anelloviridae,P9-c1,2055263,Anelloviridae sp.,3763,blood,25,274,708,Alphatorquevirus,MW455432.1,MW455432.1_1,766,30,Alphatorquevirus
MW455431.1,Anelloviridae sp.,Unclassified,Anelloviridae,P8-c26,2055263,Anelloviridae sp.,2824,blood,111,109,1925,Betatorquevirus,MW455431.1,MW455431.1_1,646,2,Betatorquevirus
MW455430.1,Anelloviridae sp.,Unclassified,Anelloviridae,P8-c25,2055263,Anelloviridae sp.,2848,blood,8,529,1784,Betatorquevirus,MW455430.1,MW455430.1_1,659,17,Betatorquevirus
MW455429.1,Anelloviridae sp.,Unclassified,Anelloviridae,P8-c24,2055263,Anelloviridae sp.,2851,blood,0,3,1758,Betatorquevirus,MW455429.1,MW455429.1_1,663,2,Betatorquevirus
MW455428.1,Anelloviridae sp.,Unclassified,Anelloviridae,P8-c23,2055263,Anelloviridae sp.,2860,blood,48,23,1701,Betatorquevirus,MW455428.1,MW455428.1_1,548,19,Betatorquevirus
MW455427.1,Anelloviridae sp.,Unclassified,Anelloviridae,P8-c22,2055263,Anelloviridae sp.,2947,blood,26,155,1135,Betatorquevirus,MW455427.1,MW455427.1_1,666,8,Betatorquevirus
MW455426.1,Anelloviridae sp.,Unclassified,Anelloviridae,P8-c18,2055263,Anelloviridae sp.,2546,blood,65,149,2210,Gammatorquevirus,MW455426.1,MW455426.1_1,667,1,Gammatorquevirus
MW455425.1,Anelloviridae sp.,Unclassified,Anelloviridae,P8-c17,2055263,Anelloviridae sp.,2810,blood,45,7,1996,Betatorquevirus,MW455425.1,MW455425.1_1,642,2,Betatorquevirus
MW455423.1,Anelloviridae sp.,Unclassified,Anelloviridae,P8-c13,2055263,Anelloviridae sp.,2927,blood,16,4,1223,Alphatorquevirus,MW455423.1,MW455423.1_1,739,30,Alphatorquevirus
MW455422.1,Anelloviridae sp.,Unclassified,Anelloviridae,P8-c10,2055263,Anelloviridae sp.,2988,blood,35,711,1004,Alphatorquevirus,MW455422.1,MW455422.1_1,754,29,Alphatorquevirus
MW455421.1,Anelloviridae sp.,Unclassified,Anelloviridae,P8-c9,2055263,Anelloviridae sp.,3000,blood,32,356,977,Alphatorquevirus,MW455421.1,MW455421.1_1,743,31,Alphatorquevirus
MW455420.1,Anelloviridae sp.,Unclassified,Anelloviridae,P8-c8,2055263,Anelloviridae sp.,3013,blood,20,71,961,Alphatorquevirus,MW455420.1,MW455420.1_1,780,29,Alphatorquevirus
MW455419.1,Anelloviridae sp.,Unclassified,Anelloviridae,P8-c6,2055263,Anelloviridae sp.,2988,blood,33,1,412,Betatorquevirus,MW455419.1,MW455419.1_1,668,5,Betatorquevirus
MW455417.1,Anelloviridae sp.,Unclassified,Anelloviridae,P8-c4,2055263,Anelloviridae sp.,3134,blood,203,770,901,Alphatorquevirus,MW455417.1,MW455417.1_1,751,31,Alphatorquevirus
MW455416.1,Anelloviridae sp.,Unclassified,Anelloviridae,P8-c3,2055263,Anelloviridae sp.,3181,blood,25,274,872,Alphatorquevirus,MW455416.1,MW455416.1_1,767,30,Alphatorquevirus
MW455414.1,Anelloviridae sp.,Unclassified,Anelloviridae,P8-c1,2055263,Anelloviridae sp.,3215,blood,24,44,846,Unclassified,MW455414.1,MW455414.1_1,756,29,Alphatorquevirus
MW455413.1,Anelloviridae sp.,Unclassified,Anelloviridae,P7-c25,2055263,Anelloviridae sp.,2565,blood,65,149,2199,Gammatorquevirus,MW455413.1,MW455413.1_1,666,1,Gammatorquevirus
MW455411.1,Anelloviridae sp.,Unclassified,Anelloviridae,P7-c23,2055263,Anelloviridae sp.,2837,blood,0,0,336,Betatorquevirus,MW455411.1,MW455411.1_1,659,2,Betatorquevirus
MW455410.1,Anelloviridae sp.,Unclassified,Anelloviridae,P7-c22,2055263,Anelloviridae sp.,2915,blood,256,477,1289,Unclassified,MW455410.1,MW455410.1_1,665,1,Gammatorquevirus
MW455409.1,Anelloviridae sp.,Unclassified,Anelloviridae,P7-c21,2055263,Anelloviridae sp.,2866,blood,82,75,1658,Betatorquevirus,MW455409.1,MW455409.1_1,653,19,Betatorquevirus
MW455408.1,Anelloviridae sp.,Unclassified,Anelloviridae,P7-c20,2055263,Anelloviridae sp.,2098,blood,211,358,2263,Unclassified,MW455408.1,MW455408.1_1,653,38,Gammatorquevirus
MW455407.1,Anelloviridae sp.,Unclassified,Anelloviridae,P7-c19,2055263,Anelloviridae sp.,2550,blood,176,472,2207,Gammatorquevirus,MW455407.1,MW455407.1_1,662,38,Gammatorquevirus
MW455406.1,Anelloviridae sp.,Unclassified,Anelloviridae,P7-c18,2055263,Anelloviridae sp.,2557,blood,157,1011,2202,Unclassified,MW455406.1,MW455406.1_1,661,38,Gammatorquevirus
MW455405.1,Anelloviridae sp.,Unclassified,Anelloviridae,P7-c17,2055263,Anelloviridae sp.,2606,blood,255,550,2183,Unclassified,MW455405.1,MW455405.1_1,661,39,Gammatorquevirus
MW455403.1,Anelloviridae sp.,Unclassified,Anelloviridae,P7-c14,2055263,Anelloviridae sp.,2785,blood,28,531,2079,Betatorquevirus,MW455403.1,MW455403.1_1,680,6,Betatorquevirus
MW455402.1,Anelloviridae sp.,Unclassified,Anelloviridae,P7-c12,2055263,Anelloviridae sp.,2854,blood,284,920,1736,Betatorquevirus,MW455402.1,MW455402.1_1,667,24,Betatorquevirus
MW455401.1,Anelloviridae sp.,Unclassified,Anelloviridae,P7-c10,2055263,Anelloviridae sp.,2950,blood,119,353,1119,Unclassified,MW455401.1,MW455401.1_1,745,29,Alphatorquevirus
MW455400.1,Anelloviridae sp.,Unclassified,Anelloviridae,P7-c9,2055263,Anelloviridae sp.,2958,blood,32,406,1088,Alphatorquevirus,MW455400.1,MW455400.1_1,743,31,Alphatorquevirus
MW455399.1,Anelloviridae sp.,Unclassified,Anelloviridae,P7-c8,2055263,Anelloviridae sp.,2987,blood,56,376,1013,Unclassified,MW455399.1,MW455399.1_1,761,30,Alphatorquevirus
MW455398.1,Anelloviridae sp.,Unclassified,Anelloviridae,P7-c7,2055263,Anelloviridae sp.,3042,blood,51,152,939,Betatorquevirus,MW455398.1,MW455398.1_1,625,5,Betatorquevirus
MW455397.1,Anelloviridae sp.,Unclassified,Anelloviridae,P7-c6,2055263,Anelloviridae sp.,3065,blood,103,368,929,Unclassified,MW455397.1,MW455397.1_1,755,29,Alphatorquevirus
MW455395.1,Anelloviridae sp.,Unclassified,Anelloviridae,P7-c4,2055263,Anelloviridae sp.,3243,blood,56,108,818,Unclassified,MW455395.1,MW455395.1_1,769,30,Alphatorquevirus
MW455394.1,Anelloviridae sp.,Unclassified,Anelloviridae,P7-c3,2055263,Anelloviridae sp.,3268,blood,205,743,811,Unclassified,MW455394.1,MW455394.1_1,676,1,Gammatorquevirus
MW455393.1,Anelloviridae sp.,Unclassified,Anelloviridae,P7-c2,2055263,Anelloviridae sp.,3280,blood,174,739,807,Unclassified,MW455393.1,MW455393.1_1,758,31,Alphatorquevirus
MW455392.1,Anelloviridae sp.,Unclassified,Anelloviridae,P7-c1,2055263,Anelloviridae sp.,3328,blood,70,737,801,Alphatorquevirus,MW455392.1,MW455392.1_1,755,29,Alphatorquevirus
MW455391.1,Anelloviridae sp.,Unclassified,Anelloviridae,P6-c3,2055263,Anelloviridae sp.,2839,blood,0,3,1839,Betatorquevirus,MW455391.1,MW455391.1_1,659,2,Betatorquevirus
MW455390.1,Anelloviridae sp.,Unclassified,Anelloviridae,P6-c2,2055263,Anelloviridae sp.,3135,blood,20,85,356,Alphatorquevirus,MW455390.1,MW455390.1_1,786,29,Alphatorquevirus
MW455389.1,Anelloviridae sp.,Unclassified,Anelloviridae,P6-c1,2055263,Anelloviridae sp.,3826,blood,20,87,682,Alphatorquevirus,MW455389.1,MW455389.1_1,781,29,Alphatorquevirus
MW455388.1,Anelloviridae sp.,Unclassified,Anelloviridae,P5-c2,2055263,Anelloviridae sp.,2241,blood,362,492,2255,Unclassified,MW455388.1,MW455388.1_1,676,7,Betatorquevirus
MW455387.1,Anelloviridae sp.,Unclassified,Anelloviridae,P5-c1,2055263,Anelloviridae sp.,3235,blood,24,9,823,Unclassified,MW455387.1,MW455387.1_1,762,29,Alphatorquevirus
MW455386.1,Anelloviridae sp.,Unclassified,Anelloviridae,P4-c4,2055263,Anelloviridae sp.,2777,blood,54,16,2100,Betatorquevirus,MW455386.1,MW455386.1_1,634,3,Betatorquevirus
MW455385.1,Anelloviridae sp.,Unclassified,Anelloviridae,P4-c3,2055263,Anelloviridae sp.,2865,blood,16,64,1667,Alphatorquevirus,MW455385.1,MW455385.1_1,732,30,Alphatorquevirus
MW455384.1,Anelloviridae sp.,Unclassified,Anelloviridae,P4-c2,2055263,Anelloviridae sp.,2968,blood,119,702,1053,Unclassified,MW455384.1,MW455384.1_1,741,29,Alphatorquevirus
MW455383.1,Anelloviridae sp.,Unclassified,Anelloviridae,P4-c1,2055263,Anelloviridae sp.,3709,blood,16,4,723,Alphatorquevirus,MW455383.1,MW455383.1_1,739,30,Alphatorquevirus
MW455382.1,Anelloviridae sp.,Unclassified,Anelloviridae,P3-c9,2055263,Anelloviridae sp.,2810,blood,0,2,287,Betatorquevirus,MW455382.1,MW455382.1_1,653,2,Betatorquevirus
MW455381.1,Anelloviridae sp.,Unclassified,Anelloviridae,P3-c8,2055263,Anelloviridae sp.,2989,blood,140,310,1000,Betatorquevirus,MW455381.1,MW455381.1_1,673,5,Betatorquevirus
MW455380.1,Anelloviridae sp.,Unclassified,Anelloviridae,P3-c7,2055263,Anelloviridae sp.,3215,blood,24,44,845,Unclassified,MW455380.1,MW455380.1_1,756,29,Alphatorquevirus
MW455378.1,Anelloviridae sp.,Unclassified,Anelloviridae,P3-c5,2055263,Anelloviridae sp.,2796,blood,209,981,2051,Unclassified,MW455378.1,MW455378.1_1,665,39,Gammatorquevirus
MW455375.1,Anelloviridae sp.,Unclassified,Anelloviridae,P3-c2,2055263,Anelloviridae sp.,3125,blood,16,204,904,Alphatorquevirus,MW455375.1,MW455375.1_1,731,30,Alphatorquevirus
MW455373.1,Anelloviridae sp.,Unclassified,Anelloviridae,P2-c8,2055263,Anelloviridae sp.,2567,blood,122,1010,2198,Gammatorquevirus,MW455373.1,MW455373.1_1,669,40,Gammatorquevirus
MW455369.1,Anelloviridae sp.,Unclassified,Anelloviridae,P2-c4,2055263,Anelloviridae sp.,3074,blood,16,4,920,Alphatorquevirus,MW455369.1,MW455369.1_1,740,30,Alphatorquevirus
MW455368.1,Anelloviridae sp.,Unclassified,Anelloviridae,P2-c3,2055263,Anelloviridae sp.,3169,blood,74,263,884,Alphatorquevirus,MW455368.1,MW455368.1_1,642,32,Alphatorquevirus
MW455365.1,Anelloviridae sp.,Unclassified,Anelloviridae,P1-c26,2055263,Anelloviridae sp.,2576,blood,158,1009,2193,Gammatorquevirus,MW455365.1,MW455365.1_1,661,1,Gammatorquevirus
MW455364.1,Anelloviridae sp.,Unclassified,Anelloviridae,P1-c25,2055263,Anelloviridae sp.,2897,blood,197,379,1438,Betatorquevirus,MW455364.1,MW455364.1_1,656,5,Betatorquevirus
MW455363.1,Anelloviridae sp.,Unclassified,Anelloviridae,P1-c24,2055263,Anelloviridae sp.,2912,blood,55,140,1314,Betatorquevirus,MW455363.1,MW455363.1_1,660,10,Betatorquevirus
MW455362.1,Anelloviridae sp.,Unclassified,Anelloviridae,P1-c23,2055263,Anelloviridae sp.,3092,blood,210,773,913,Unclassified,MW455362.1,MW455362.1_1,652,38,Gammatorquevirus
MW455361.1,Anelloviridae sp.,Unclassified,Anelloviridae,P1-c19,2055263,Anelloviridae sp.,2555,blood,324,1012,2204,Unclassified,MW455361.1,MW455361.1_1,682,1,Gammatorquevirus
MW455359.1,Anelloviridae sp.,Unclassified,Anelloviridae,P1-c17,2055263,Anelloviridae sp.,2926,blood,16,4,1227,Alphatorquevirus,MW455359.1,MW455359.1_1,738,30,Alphatorquevirus
MW455358.1,Anelloviridae sp.,Unclassified,Anelloviridae,P1-c16,2055263,Anelloviridae sp.,2853,blood,81,505,1744,Betatorquevirus,MW455358.1,MW455358.1_1,654,19,Betatorquevirus
MW455354.1,Anelloviridae sp.,Unclassified,Anelloviridae,P1-c12,2055263,Anelloviridae sp.,2894,blood,30,290,1458,Betatorquevirus,MW455354.1,MW455354.1_1,675,7,Betatorquevirus
MW455352.1,Anelloviridae sp.,Unclassified,Anelloviridae,P1-c8,2055263,Anelloviridae sp.,3091,blood,71,338,914,Unclassified,MW455352.1,MW455352.1_1,768,29,Alphatorquevirus
MW455351.1,Anelloviridae sp.,Unclassified,Anelloviridae,P1-c7,2055263,Anelloviridae sp.,3108,blood,246,772,912,Unclassified,MW455351.1,MW455351.1_1,775,29,Alphatorquevirus
MW455349.1,Anelloviridae sp.,Unclassified,Anelloviridae,P1-c5,2055263,Anelloviridae sp.,3154,blood,14,360,895,Alphatorquevirus,MW455349.1,MW455349.1_1,647,32,Alphatorquevirus
MW455348.1,Anelloviridae sp.,Unclassified,Anelloviridae,P1-c4,2055263,Anelloviridae sp.,3243,blood,71,195,817,Unclassified,MW455348.1,MW455348.1_1,772,29,Alphatorquevirus
MW455347.1,Anelloviridae sp.,Unclassified,Anelloviridae,P1-c3,2055263,Anelloviridae sp.,3487,blood,35,392,783,Alphatorquevirus,MW455347.1,MW455347.1_1,757,29,Alphatorquevirus
MW455346.1,Anelloviridae sp.,Unclassified,Anelloviridae,P1-c2,2055263,Anelloviridae sp.,3569,blood,35,732,758,Alphatorquevirus,MW455346.1,MW455346.1_1,745,29,Alphatorquevirus
MT783406.1,Torque teno virus,Unclassified,Anelloviridae,"",68887,Torque teno virus,3633,"",32,356,744,Alphatorquevirus,MT783406.1,MT783406.1_1,744,31,Alphatorquevirus
MT783405.1,Torque teno virus,Unclassified,Anelloviridae,"",68887,Torque teno virus,3732,"",71,365,715,Unclassified,MT783405.1,MT783405.1_1,767,29,Alphatorquevirus
MT783404.1,Torque teno virus,Unclassified,Anelloviridae,"",68887,Torque teno virus,3700,"",20,85,726,Alphatorquevirus,MT783404.1,MT783404.1_1,765,29,Alphatorquevirus
MT783403.1,TTV-like mini virus,Betatorquevirus,Anelloviridae,"",93678,TTV-like mini virus,2897,"",2,861,1437,Betatorquevirus,MT783403.1,MT783403.1_1,675,16,Betatorquevirus
MT506589.1,Torque teno virus,Unclassified,Anelloviridae,0405_TTV3,68887,Torque teno virus,3245,brain,93,744,816,Gammatorquevirus,MT506589.1,MT506589.1_1,675,39,Gammatorquevirus
MT506588.1,Torque teno virus,Unclassified,Anelloviridae,0405_TTV2,68887,Torque teno virus,2900,brain,5,474,1410,Betatorquevirus,MT506588.1,MT506588.1_1,667,15,Betatorquevirus
MT501648.1,Torque teno virus,Unclassified,Anelloviridae,cyb/2019,2749453,TT virus cyb/2019,3759,"",16,4,662,Alphatorquevirus,MT501648.1,MT501648.1_1,736,30,Alphatorquevirus
MT501646.1,Anellovirus cya/2019,Unclassified,Anelloviridae,cya/2019,2749445,Anellovirus cya/2019,3651,"",173,298,273,Unclassified,MT501646.1,MT501646.1_1,734,30,Alphatorquevirus
MT210805.1,Human anellovirus zj-ad 1,Unclassified,Anelloviridae,"",2778524,Human anellovirus zj-ad 1,2841,"",34,549,1823,Betatorquevirus,MT210805.1,MT210805.1_1,670,22,Betatorquevirus
MT157223.1,Anelloviridae sp.,Unclassified,Anelloviridae,"",2055263,Anelloviridae sp.,2875,oronasopharynx,57,476,1599,Betatorquevirus,MT157223.1,MT157223.1_1,669,22,Betatorquevirus
MN774989.1,Torque teno midi virus,Unclassified,Anelloviridae,SAfiA-405-3,432261,Torque teno midi virus,3111,"",251,771,910,Unclassified,MN774989.1,MN774989.1_1,663,33,Unclassified
MN774988.1,Torque teno midi virus,Unclassified,Anelloviridae,SAfiA-353-59,432261,Torque teno midi virus,3301,"",154,738,804,Samektorquevirus,MN774988.1,MN774988.1_1,666,34,Samektorquevirus
MN774987.1,Torque teno midi virus,Unclassified,Anelloviridae,SAfiA-403-16,432261,Torque teno midi virus,3269,"",75,742,810,Gammatorquevirus,MN774987.1,MN774987.1_1,668,39,Gammatorquevirus
MN774986.1,Torque teno midi virus,Unclassified,Anelloviridae,SAfiA-420-5,432261,Torque teno midi virus,3083,"",309,775,916,Unclassified,MN774986.1,MN774986.1_1,658,39,Gammatorquevirus
MN774985.1,Torque teno midi virus,Unclassified,Anelloviridae,SAfiA-348-4,432261,Torque teno midi virus,2998,"",75,784,982,Gammatorquevirus,MN774985.1,MN774985.1_1,662,39,Gammatorquevirus
MN774984.1,Torque teno midi virus,Unclassified,Anelloviridae,SAfiA-459-2,432261,Torque teno midi virus,3033,"",155,393,948,Gammatorquevirus,MN774984.1,MN774984.1_1,674,39,Gammatorquevirus
MN774981.1,Torque teno midi virus,Unclassified,Anelloviridae,SAfiA-635-1,432261,Torque teno midi virus,2963,"",210,800,1060,Unclassified,MN774981.1,MN774981.1_1,650,38,Gammatorquevirus
MN774980.1,Torque teno midi virus,Unclassified,Anelloviridae,SAfiA-429-7,432261,Torque teno midi virus,2991,"",65,149,997,Gammatorquevirus,MN774980.1,MN774980.1_1,667,1,Gammatorquevirus
MN774978.1,Torque teno midi virus,Unclassified,Anelloviridae,SAfiA-591-21,432261,Torque teno midi virus,2941,"",137,818,1158,Unclassified,MN774978.1,MN774978.1_1,668,1,Gammatorquevirus
MN774977.1,Torque teno midi virus,Unclassified,Anelloviridae,SAfiA-668-0,432261,Torque teno midi virus,3010,"",316,782,966,Unclassified,MN774977.1,MN774977.1_1,669,39,Gammatorquevirus
MN774976.1,Torque teno midi virus,Unclassified,Anelloviridae,SAfiA-531-1,432261,Torque teno midi virus,2988,"",317,790,1003,Unclassified,MN774976.1,MN774976.1_1,660,39,Gammatorquevirus
MN774975.1,Torque teno midi virus,Unclassified,Anelloviridae,SAfiA-458B-3,432261,Torque teno midi virus,3010,"",178,781,965,Unclassified,MN774975.1,MN774975.1_1,661,37,Unclassified
MN774974.1,Torque teno midi virus,Unclassified,Anelloviridae,SAfiA-45-3,432261,Torque teno midi virus,2977,"",156,797,1035,Gammatorquevirus,MN774974.1,MN774974.1_1,660,39,Gammatorquevirus
MN774973.1,Torque teno midi virus,Unclassified,Anelloviridae,SAfiA-562-17,432261,Torque teno midi virus,2961,"",121,804,1075,Gammatorquevirus,MN774973.1,MN774973.1_1,673,1,Gammatorquevirus
MN774972.1,Torque teno midi virus,Unclassified,Anelloviridae,SAfiA-114-8,432261,Torque teno midi virus,2961,"",207,459,1074,Unclassified,MN774972.1,MN774972.1_1,657,1,Gammatorquevirus
MN774971.1,Torque teno midi virus,Unclassified,Anelloviridae,SAfiA-640-34,432261,Torque teno midi virus,2896,"",177,864,1444,Gammatorquevirus,MN774971.1,MN774971.1_1,665,39,Gammatorquevirus
MN774970.1,Torque teno midi virus,Unclassified,Anelloviridae,SAfiA-584-6,432261,Torque teno midi virus,2997,"",122,785,984,Gammatorquevirus,MN774970.1,MN774970.1_1,663,40,Gammatorquevirus
MN774969.1,Torque teno midi virus,Unclassified,Anelloviridae,SAfiA-76-2,432261,Torque teno midi virus,2989,"",178,462,999,Unclassified,MN774969.1,MN774969.1_1,658,37,Unclassified
MN774968.1,Torque teno midi virus,Unclassified,Anelloviridae,SAfiA-47-21,432261,Torque teno midi virus,2856,"",178,915,1728,Unclassified,MN774968.1,MN774968.1_1,658,37,Unclassified
MN774967.1,Torque teno midi virus,Unclassified,Anelloviridae,SAfiA-335-8,432261,Torque teno midi virus,2866,"",178,462,1657,Unclassified,MN774967.1,MN774967.1_1,657,37,Unclassified
MN774965.1,Torque teno midi virus,Unclassified,Anelloviridae,SAfiA-276-16,432261,Torque teno midi virus,2723,"",315,348,2151,Unclassified,MN774965.1,MN774965.1_1,663,1,Gammatorquevirus
MN774964.1,Torque teno midi virus,Unclassified,Anelloviridae,SAfiA-496-0,432261,Torque teno midi virus,2993,"",157,788,994,Unclassified,MN774964.1,MN774964.1_1,668,38,Gammatorquevirus
MN774963.1,Torque teno midi virus,Unclassified,Anelloviridae,SAfiA-412-9,432261,Torque teno midi virus,2857,"",137,497,1718,Unclassified,MN774963.1,MN774963.1_1,665,1,Gammatorquevirus
MN774962.1,Torque teno midi virus,Unclassified,Anelloviridae,SAfiA-50-20,432261,Torque teno midi virus,2902,"",93,370,1390,Gammatorquevirus,MN774962.1,MN774962.1_1,677,39,Gammatorquevirus
MN774961.1,Torque teno midi virus,Unclassified,Anelloviridae,SAfiA-48-1,432261,Torque teno midi virus,2956,"",122,808,1093,Gammatorquevirus,MN774961.1,MN774961.1_1,661,40,Gammatorquevirus
MN774959.1,Torque teno midi virus,Unclassified,Anelloviridae,SAfiA-569-59,432261,Torque teno midi virus,2923,"",154,350,1243,Samektorquevirus,MN774959.1,MN774959.1_1,663,34,Samektorquevirus
MN774958.1,Torque teno midi virus,Unclassified,Anelloviridae,SAfiA-595-49,432261,Torque teno midi virus,2894,"",123,866,1457,Gammatorquevirus,MN774958.1,MN774958.1_1,653,1,Gammatorquevirus
MN774956.1,Torque teno midi virus,Unclassified,Anelloviridae,SAfiA-610-7,432261,Torque teno midi virus,3056,"",215,779,934,Samektorquevirus,MN774956.1,MN774956.1_1,661,34,Samektorquevirus
MN774955.1,Torque teno midi virus,Unclassified,Anelloviridae,SAfiA-390-23,432261,Torque teno midi virus,3060,"",93,778,932,Gammatorquevirus,MN774955.1,MN774955.1_1,662,39,Gammatorquevirus
MN774954.1,Torque teno midi virus,Unclassified,Anelloviridae,SAfiA-396-35,432261,Torque teno midi virus,2986,"",93,371,1014,Gammatorquevirus,MN774954.1,MN774954.1_1,711,39,Gammatorquevirus
MN774953.1,Torque teno midi virus,Unclassified,Anelloviridae,SAfiA-525-8,432261,Torque teno midi virus,3086,"",208,774,915,Unclassified,MN774953.1,MN774953.1_1,654,38,Gammatorquevirus
MN774952.1,Torque teno midi virus,Unclassified,Anelloviridae,SAfiA-333-2,432261,Torque teno midi virus,3229,"",137,544,831,Unclassified,MN774952.1,MN774952.1_1,672,1,Gammatorquevirus
MN774951.1,Torque teno midi virus,Unclassified,Anelloviridae,SAfiA-252-4,432261,Torque teno midi virus,3207,"",137,497,851,Unclassified,MN774951.1,MN774951.1_1,665,1,Gammatorquevirus
MN774950.1,Torque teno midi virus,Unclassified,Anelloviridae,SAfiA-131-3,432261,Torque teno midi virus,3198,"",252,755,857,Unclassified,MN774950.1,MN774950.1_1,658,1,Gammatorquevirus
MN774949.1,Torque teno midi virus,Unclassified,Anelloviridae,SAfiA-389-3,432261,Torque teno midi virus,3185,"",65,760,868,Gammatorquevirus,MN774949.1,MN774949.1_1,655,1,Gammatorquevirus
MN774948.1,Torque teno midi virus,Unclassified,Anelloviridae,SAfiA-355-4,432261,Torque teno midi virus,3191,"",214,758,862,Unclassified,MN774948.1,MN774948.1_1,651,36,Unclassified
MN774945.1,Torque teno midi virus,Unclassified,Anelloviridae,SAfiA-116-48,432261,Torque teno midi virus,3019,"",259,530,955,Unclassified,MN774945.1,MN774945.1_1,655,37,Unclassified
MN774944.1,Torque teno midi virus,Unclassified,Anelloviridae,SAfiA-336-2,432261,Torque teno midi virus,3195,"",75,756,858,Gammatorquevirus,MN774944.1,MN774944.1_1,663,39,Gammatorquevirus
MN774943.1,Torque teno midi virus,Unclassified,Anelloviridae,SAfiA-391-3,432261,Torque teno midi virus,3181,"",207,459,871,Unclassified,MN774943.1,MN774943.1_1,660,1,Gammatorquevirus
MN774942.1,Torque teno midi virus,Unclassified,Anelloviridae,SAfiA-498-1,432261,Torque teno midi virus,3179,"",208,538,874,Unclassified,MN774942.1,MN774942.1_1,656,38,Gammatorquevirus
MN774941.1,Torque teno midi virus,Unclassified,Anelloviridae,SAfiA-364-0,432261,Torque teno midi virus,3220,"",93,749,843,Gammatorquevirus,MN774941.1,MN774941.1_1,670,39,Gammatorquevirus
MN774940.1,Torque teno midi virus,Unclassified,Anelloviridae,SAfiA-108-10,432261,Torque teno midi virus,3229,"",75,482,830,Gammatorquevirus,MN774940.1,MN774940.1_1,669,39,Gammatorquevirus
MN774939.1,Torque teno midi virus,Unclassified,Anelloviridae,SAfiA-573-3,432261,Torque teno midi virus,3248,"",179,343,814,Memtorquevirus,MN774939.1,MN774939.1_1,672,35,Memtorquevirus
MN774938.1,Torque teno midi virus,Unclassified,Anelloviridae,SAfiA-355-3,432261,Torque teno midi virus,3228,"",179,343,833,Memtorquevirus,MN774938.1,MN774938.1_1,665,35,Memtorquevirus
MN774937.1,Torque teno midi virus,Unclassified,Anelloviridae,SAfiA-768-12,432261,Torque teno midi virus,3072,"",137,776,923,Unclassified,MN774937.1,MN774937.1_1,665,1,Gammatorquevirus
MN774936.1,Torque teno midi virus,Unclassified,Anelloviridae,SAfiA-362-29,432261,Torque teno midi virus,3065,"",321,777,928,Unclassified,MN774936.1,MN774936.1_1,677,39,Gammatorquevirus
MN774935.1,Torque teno midi virus,Unclassified,Anelloviridae,SAfiA-861-232,432261,Torque teno midi virus,2642,"",319,1004,2173,Unclassified,MN774935.1,MN774935.1_1,670,38,Gammatorquevirus
MN774934.1,Torque teno midi virus,Unclassified,Anelloviridae,SAfiA-521-5,432261,Torque teno midi virus,3033,"",154,350,947,Samektorquevirus,MN774934.1,MN774934.1_1,662,34,Samektorquevirus
MN774933.1,Torque teno midi virus,Unclassified,Anelloviridae,SAfiA-398-7,432261,Torque teno midi virus,3038,"",216,467,941,Unclassified,MN774933.1,MN774933.1_1,660,34,Samektorquevirus
MN774932.1,Torque teno midi virus,Unclassified,Anelloviridae,SAfiA-376-5,432261,Torque teno midi virus,3066,"",216,713,927,Unclassified,MN774932.1,MN774932.1_1,658,34,Samektorquevirus
MN774930.1,Torque teno midi virus,Unclassified,Anelloviridae,SAfiA-542-8,432261,Torque teno midi virus,3037,"",179,343,942,Memtorquevirus,MN774930.1,MN774930.1_1,663,35,Memtorquevirus
MN774929.1,Torque teno midi virus,Unclassified,Anelloviridae,SAfiA-361-6,432261,Torque teno midi virus,3053,"",216,467,935,Unclassified,MN774929.1,MN774929.1_1,658,34,Samektorquevirus
MN774928.1,Torque teno midi virus,Unclassified,Anelloviridae,SAfiA-388-8,432261,Torque teno midi virus,3043,"",212,413,471,Unclassified,MN774928.1,MN774928.1_1,667,35,Memtorquevirus
MN774927.1,Torque teno midi virus,Unclassified,Anelloviridae,SAfiA-350-6,432261,Torque teno midi virus,3057,"",212,413,933,Unclassified,MN774927.1,MN774927.1_1,666,35,Memtorquevirus
MN771514.1,TTV-like mini virus,Betatorquevirus,Anelloviridae,SAfiA-388-83,93678,TTV-like mini virus,2917,"",4,151,374,Betatorquevirus,MN771514.1,MN771514.1_1,672,10,Betatorquevirus
MN771511.1,TTV-like mini virus,Betatorquevirus,Anelloviridae,SAfiA-88-20,93678,TTV-like mini virus,2865,"",334,903,1666,Betatorquevirus,MN771511.1,MN771511.1_1,662,20,Betatorquevirus
MN771510.1,TTV-like mini virus,Betatorquevirus,Anelloviridae,SAfiA-87-46,93678,TTV-like mini virus,2824,"",9,69,1924,Betatorquevirus,MN771510.1,MN771510.1_1,659,24,Betatorquevirus
MN771505.1,TTV-like mini virus,Betatorquevirus,Anelloviridae,SAfiA-812-68,93678,TTV-like mini virus,2869,"",183,288,494,Betatorquevirus,MN771505.1,MN771505.1_1,657,17,Betatorquevirus
MN771504.1,TTV-like mini virus,Betatorquevirus,Anelloviridae,SAfiA-810-69,93678,TTV-like mini virus,2701,"",372,999,2157,Betatorquevirus,MN771504.1,MN771504.1_1,632,3,Betatorquevirus
MN771501.1,TTV-like mini virus,Betatorquevirus,Anelloviridae,SAfiA-77-109,93678,TTV-like mini virus,2882,"",12,699,1542,Betatorquevirus,MN771501.1,MN771501.1_1,664,4,Betatorquevirus
MN771500.1,TTV-like mini virus,Betatorquevirus,Anelloviridae,SAfiA-766-286,93678,TTV-like mini virus,2903,"",10,160,1378,Betatorquevirus,MN771500.1,MN771500.1_1,666,13,Betatorquevirus
MN771499.1,TTV-like mini virus,Betatorquevirus,Anelloviridae,SAfiA-766-277,93678,TTV-like mini virus,2957,"",180,603,337,Betatorquevirus,MN771499.1,MN771499.1_1,682,9,Betatorquevirus
MN771496.1,TTV-like mini virus,Betatorquevirus,Anelloviridae,SAfiA-727-6,93678,TTV-like mini virus,2808,"",41,212,2010,Betatorquevirus,MN771496.1,MN771496.1_1,677,25,Betatorquevirus
MN771495.1,TTV-like mini virus,Betatorquevirus,Anelloviridae,SAfiA-724-7,93678,TTV-like mini virus,2918,"",149,396,1272,Betatorquevirus,MN771495.1,MN771495.1_1,668,8,Betatorquevirus
MN771486.1,TTV-like mini virus,Betatorquevirus,Anelloviridae,SAfiA-651-32,93678,TTV-like mini virus,2843,"",0,0,503,Betatorquevirus,MN771486.1,MN771486.1_1,661,2,Betatorquevirus
MN771481.1,TTV-like mini virus,Betatorquevirus,Anelloviridae,SAfiA-628-67,93678,TTV-like mini virus,2739,"",12,128,2143,Betatorquevirus,MN771481.1,MN771481.1_1,653,4,Betatorquevirus
MN771479.1,TTV-like mini virus,Betatorquevirus,Anelloviridae,SAfiA-626-23,93678,TTV-like mini virus,2863,"",365,906,1679,Betatorquevirus,MN771479.1,MN771479.1_1,675,25,Betatorquevirus
MN771474.1,TTV-like mini virus,Betatorquevirus,Anelloviridae,SAfiA-611-175,93678,TTV-like mini virus,2778,"",101,562,2097,Betatorquevirus,MN771474.1,MN771474.1_1,663,24,Betatorquevirus
MN771472.1,TTV-like mini virus,Betatorquevirus,Anelloviridae,SAfiA-595-13,93678,TTV-like mini virus,2910,"",60,107,1331,Betatorquevirus,MN771472.1,MN771472.1_1,672,20,Betatorquevirus
MN771471.1,TTV-like mini virus,Betatorquevirus,Anelloviridae,SAfiA-590-90,93678,TTV-like mini virus,2737,"",240,516,2146,Betatorquevirus,MN771471.1,MN771471.1_1,637,19,Betatorquevirus
MN771470.1,TTV-like mini virus,Betatorquevirus,Anelloviridae,SAfiA-590-84,93678,TTV-like mini virus,2817,"",69,374,1955,Betatorquevirus,MN771470.1,MN771470.1_1,645,19,Betatorquevirus
MN771468.1,TTV-like mini virus,Betatorquevirus,Anelloviridae,SAfiA-590-18,93678,TTV-like mini virus,2775,"",233,989,2104,Betatorquevirus,MN771468.1,MN771468.1_1,651,2,Betatorquevirus
MN771466.1,TTV-like mini virus,Betatorquevirus,Anelloviridae,SAfiA-587-281,93678,TTV-like mini virus,2797,"",367,979,2046,Betatorquevirus,MN771466.1,MN771466.1_1,664,24,Betatorquevirus
MN771465.1,TTV-like mini virus,Betatorquevirus,Anelloviridae,SAfiA-587-13,93678,TTV-like mini virus,2808,"",82,75,2009,Betatorquevirus,MN771465.1,MN771465.1_1,653,19,Betatorquevirus
MN771464.1,TTV-like mini virus,Betatorquevirus,Anelloviridae,SAfiA-587-106,93678,TTV-like mini virus,2817,"",142,150,1954,Betatorquevirus,MN771464.1,MN771464.1_1,660,17,Betatorquevirus
MN771461.1,TTV-like mini virus,Betatorquevirus,Anelloviridae,SAfiA-581-53,93678,TTV-like mini virus,2770,"",349,990,2112,Betatorquevirus,MN771461.1,MN771461.1_1,645,22,Betatorquevirus
MN771460.1,TTV-like mini virus,Betatorquevirus,Anelloviridae,SAfiA-581-36,93678,TTV-like mini virus,2894,"",96,617,413,Betatorquevirus,MN771460.1,MN771460.1_1,676,7,Betatorquevirus
MN771459.1,TTV-like mini virus,Betatorquevirus,Anelloviridae,SAfiA-578-15,93678,TTV-like mini virus,2869,"",170,216,1639,Betatorquevirus,MN771459.1,MN771459.1_1,668,25,Betatorquevirus
MN771457.1,TTV-like mini virus,Betatorquevirus,Anelloviridae,SAfiA-577-78,93678,TTV-like mini virus,2898,"",60,107,1422,Betatorquevirus,MN771457.1,MN771457.1_1,677,20,Betatorquevirus
MN771456.1,TTV-like mini virus,Betatorquevirus,Anelloviridae,SAfiA-57-43,93678,TTV-like mini virus,2777,"",289,484,2099,Betatorquevirus,MN771456.1,MN771456.1_1,658,25,Betatorquevirus
MN771455.1,TTV-like mini virus,Betatorquevirus,Anelloviridae,SAfiA-572-35,93678,TTV-like mini virus,2818,"",8,957,1946,Betatorquevirus,MN771455.1,MN771455.1_1,667,17,Betatorquevirus
MN771453.1,TTV-like mini virus,Betatorquevirus,Anelloviridae,SAfiA-563-15,93678,TTV-like mini virus,2911,"",162,553,1325,Betatorquevirus,MN771453.1,MN771453.1_1,674,11,Betatorquevirus
MN771452.1,TTV-like mini virus,Betatorquevirus,Anelloviridae,SAfiA-552-53,93678,TTV-like mini virus,2782,"",0,528,2087,Betatorquevirus,MN771452.1,MN771452.1_1,662,2,Betatorquevirus
MN771450.1,TTV-like mini virus,Betatorquevirus,Anelloviridae,SAfiA-546-19,93678,TTV-like mini virus,2773,"",0,3,2109,Betatorquevirus,MN771450.1,MN771450.1_1,659,2,Betatorquevirus
MN771447.1,TTV-like mini virus,Betatorquevirus,Anelloviridae,SAfiA-525-1,93678,TTV-like mini virus,2849,"",0,55,320,Betatorquevirus,MN771447.1,MN771447.1_1,665,2,Betatorquevirus
MN771445.1,TTV-like mini virus,Betatorquevirus,Anelloviridae,SAfiA-514-27,93678,TTV-like mini virus,2890,"",79,196,433,Betatorquevirus,MN771445.1,MN771445.1_1,662,4,Betatorquevirus
MN771444.1,TTV-like mini virus,Betatorquevirus,Anelloviridae,SAfiA-51-25,93678,TTV-like mini virus,2846,"",94,231,191,Betatorquevirus,MN771444.1,MN771444.1_1,660,4,Betatorquevirus
MN771443.1,TTV-like mini virus,Betatorquevirus,Anelloviridae,SAfiA-511-15,93678,TTV-like mini virus,2819,"",89,46,243,Betatorquevirus,MN771443.1,MN771443.1_1,663,13,Betatorquevirus
MN771438.1,TTV-like mini virus,Betatorquevirus,Anelloviridae,SAfiA-462-3,93678,TTV-like mini virus,2834,"",48,945,1865,Betatorquevirus,MN771438.1,MN771438.1_1,641,19,Betatorquevirus
MN771432.1,TTV-like mini virus,Betatorquevirus,Anelloviridae,SAfiA-402-43,93678,TTV-like mini virus,2738,"",359,995,2144,Betatorquevirus,MN771432.1,MN771432.1_1,629,3,Betatorquevirus
MN771431.1,TTV-like mini virus,Betatorquevirus,Anelloviridae,SAfiA-401-20,93678,TTV-like mini virus,2883,"",280,883,1538,Betatorquevirus,MN771431.1,MN771431.1_1,678,25,Betatorquevirus
MN771429.1,TTV-like mini virus,Betatorquevirus,Anelloviridae,SAfiA-388-151,93678,TTV-like mini virus,2817,"",226,959,1953,Betatorquevirus,MN771429.1,MN771429.1_1,659,9,Betatorquevirus
MN771428.1,TTV-like mini virus,Betatorquevirus,Anelloviridae,SAfiA-388-124,93678,TTV-like mini virus,2897,"",307,860,1436,Betatorquevirus,MN771428.1,MN771428.1_1,666,10,Betatorquevirus
MN771426.1,TTV-like mini virus,Betatorquevirus,Anelloviridae,SAfiA-380-77,93678,TTV-like mini virus,2797,"",8,31,2045,Betatorquevirus,MN771426.1,MN771426.1_1,662,17,Betatorquevirus
MN771425.1,TTV-like mini virus,Betatorquevirus,Anelloviridae,SAfiA-380-71,93678,TTV-like mini virus,2813,"",142,150,1980,Betatorquevirus,MN771425.1,MN771425.1_1,659,17,Betatorquevirus
MN771423.1,TTV-like mini virus,Betatorquevirus,Anelloviridae,SAfiA-380-32,93678,TTV-like mini virus,2872,"",19,893,1618,Betatorquevirus,MN771423.1,MN771423.1_1,662,16,Betatorquevirus
MN771421.1,TTV-like mini virus,Betatorquevirus,Anelloviridae,SAfiA-370-6,93678,TTV-like mini virus,2893,"",169,296,292,Betatorquevirus,MN771421.1,MN771421.1_1,676,18,Betatorquevirus
MN771419.1,TTV-like mini virus,Betatorquevirus,Anelloviridae,SAfiA-367-39,93678,TTV-like mini virus,2818,"",127,234,1945,Betatorquevirus,MN771419.1,MN771419.1_1,659,17,Betatorquevirus
MN771418.1,TTV-like mini virus,Betatorquevirus,Anelloviridae,SAfiA-35-78,93678,TTV-like mini virus,2799,"",107,76,546,Betatorquevirus,MN771418.1,MN771418.1_1,644,3,Betatorquevirus
MN771416.1,TTV-like mini virus,Betatorquevirus,Anelloviridae,SAfiA-35-31,93678,TTV-like mini virus,2935,"",161,656,565,Betatorquevirus,MN771416.1,MN771416.1_1,679,12,Betatorquevirus
MN771415.1,TTV-like mini virus,Betatorquevirus,Anelloviridae,SAfiA-352-28,93678,TTV-like mini virus,2810,"",82,75,1994,Betatorquevirus,MN771415.1,MN771415.1_1,653,19,Betatorquevirus
MN771411.1,TTV-like mini virus,Betatorquevirus,Anelloviridae,SAfiA-334-30,93678,TTV-like mini virus,2798,"",43,260,2043,Betatorquevirus,MN771411.1,MN771411.1_1,663,24,Betatorquevirus
MN771410.1,TTV-like mini virus,Betatorquevirus,Anelloviridae,SAfiA-317-11,93678,TTV-like mini virus,2885,"",47,878,1523,Betatorquevirus,MN771410.1,MN771410.1_1,678,20,Betatorquevirus
MN771409.1,TTV-like mini virus,Betatorquevirus,Anelloviridae,SAfiA-316-34,93678,TTV-like mini virus,2769,"",54,16,2115,Betatorquevirus,MN771409.1,MN771409.1_1,634,3,Betatorquevirus
MN771408.1,TTV-like mini virus,Betatorquevirus,Anelloviridae,SAfiA-314-22,93678,TTV-like mini virus,2851,"",12,226,1757,Betatorquevirus,MN771408.1,MN771408.1_1,663,4,Betatorquevirus
MN771406.1,TTV-like mini virus,Betatorquevirus,Anelloviridae,SAfiA-300-26,93678,TTV-like mini virus,2756,"",45,7,2133,Betatorquevirus,MN771406.1,MN771406.1_1,642,2,Betatorquevirus
MN771405.1,TTV-like mini virus,Betatorquevirus,Anelloviridae,SAfiA-300-15,93678,TTV-like mini virus,2956,"",47,230,541,Betatorquevirus,MN771405.1,MN771405.1_1,673,20,Betatorquevirus
MN771404.1,TTV-like mini virus,Betatorquevirus,Anelloviridae,SAfiA-297-107,93678,TTV-like mini virus,2837,"",12,314,1847,Betatorquevirus,MN771404.1,MN771404.1_1,657,4,Betatorquevirus
MN771401.1,TTV-like mini virus,Betatorquevirus,Anelloviridae,SAfiA-266-17,93678,TTV-like mini virus,2828,"",53,241,119,Betatorquevirus,MN771401.1,MN771401.1_1,658,2,Betatorquevirus
MN771400.1,TTV-like mini virus,Betatorquevirus,Anelloviridae,SAfiA-262-11,93678,TTV-like mini virus,2768,"",144,992,2118,Betatorquevirus,MN771400.1,MN771400.1_1,663,19,Betatorquevirus
MN771398.1,TTV-like mini virus,Betatorquevirus,Anelloviridae,SAfiA-224-32,93678,TTV-like mini virus,2841,"",192,938,1822,Betatorquevirus,MN771398.1,MN771398.1_1,656,9,Betatorquevirus
MN771396.1,TTV-like mini virus,Betatorquevirus,Anelloviridae,SAfiA-113-23,93678,TTV-like mini virus,2792,"",0,214,2062,Betatorquevirus,MN771396.1,MN771396.1_1,656,2,Betatorquevirus
MN771395.1,TTV-like mini virus,Betatorquevirus,Anelloviridae,SAfiA-110-12,93678,TTV-like mini virus,2931,"",10,33,371,Betatorquevirus,MN771395.1,MN771395.1_1,661,13,Betatorquevirus
MN771392.1,TTV-like mini virus,Betatorquevirus,Anelloviridae,SAfiA-87-60,93678,TTV-like mini virus,2789,"",0,493,2071,Betatorquevirus,MN771392.1,MN771392.1_1,657,2,Betatorquevirus
MN771387.1,TTV-like mini virus,Betatorquevirus,Anelloviridae,SAfiA-810-56,93678,TTV-like mini virus,2892,"",83,90,1471,Betatorquevirus,MN771387.1,MN771387.1_1,669,9,Betatorquevirus
MN771386.1,TTV-like mini virus,Betatorquevirus,Anelloviridae,SAfiA-804-54,93678,TTV-like mini virus,2763,"",238,493,2125,Betatorquevirus,MN771386.1,MN771386.1_1,655,2,Betatorquevirus
MN771383.1,TTV-like mini virus,Betatorquevirus,Anelloviridae,SAfiA-77-130,93678,TTV-like mini virus,2861,"",96,693,1693,Betatorquevirus,MN771383.1,MN771383.1_1,672,7,Betatorquevirus
MN771379.1,TTV-like mini virus,Betatorquevirus,Anelloviridae,SAfiA-666-17,93678,TTV-like mini virus,2778,"",351,988,2096,Betatorquevirus,MN771379.1,MN771379.1_1,664,24,Betatorquevirus
MN771378.1,TTV-like mini virus,Betatorquevirus,Anelloviridae,SAfiA-654-6,93678,TTV-like mini virus,2833,"",151,381,1872,Betatorquevirus,MN771378.1,MN771378.1_1,660,3,Betatorquevirus
MN771376.1,TTV-like mini virus,Betatorquevirus,Anelloviridae,SAfiA-639-1584,93678,TTV-like mini virus,2869,"",168,228,1638,Betatorquevirus,MN771376.1,MN771376.1_1,661,9,Betatorquevirus
MN771375.1,TTV-like mini virus,Betatorquevirus,Anelloviridae,SAfiA-626-28,93678,TTV-like mini virus,2799,"",172,255,2040,Betatorquevirus,MN771375.1,MN771375.1_1,638,3,Betatorquevirus
MN771374.1,TTV-like mini virus,Betatorquevirus,Anelloviridae,SAfiA-615-669,93678,TTV-like mini virus,2872,"",171,892,1617,Betatorquevirus,MN771374.1,MN771374.1_1,678,18,Betatorquevirus
MN771373.1,TTV-like mini virus,Betatorquevirus,Anelloviridae,SAfiA-61-11,93678,TTV-like mini virus,2930,"",275,828,1209,Betatorquevirus,MN771373.1,MN771373.1_1,665,28,Hetorquevirus
MN771372.1,TTV-like mini virus,Betatorquevirus,Anelloviridae,SAfiA-595-28,93678,TTV-like mini virus,2844,"",241,639,520,Betatorquevirus,MN771372.1,MN771372.1_1,670,24,Betatorquevirus
MN771371.1,TTV-like mini virus,Betatorquevirus,Anelloviridae,SAfiA-593-18,93678,TTV-like mini virus,2837,"",97,210,1846,Betatorquevirus,MN771371.1,MN771371.1_1,670,16,Betatorquevirus
MN771370.1,TTV-like mini virus,Betatorquevirus,Anelloviridae,SAfiA-590-73,93678,TTV-like mini virus,2835,"",34,549,1861,Betatorquevirus,MN771370.1,MN771370.1_1,669,22,Betatorquevirus
MN771367.1,TTV-like mini virus,Betatorquevirus,Anelloviridae,SAfiA-552-46,93678,TTV-like mini virus,2853,"",141,146,1743,Betatorquevirus,MN771367.1,MN771367.1_1,662,5,Betatorquevirus
MN771366.1,TTV-like mini virus,Betatorquevirus,Anelloviridae,SAfiA-479-12,93678,TTV-like mini virus,2876,"",228,420,1587,Betatorquevirus,MN771366.1,MN771366.1_1,660,9,Betatorquevirus
MN771365.1,TTV-like mini virus,Betatorquevirus,Anelloviridae,SAfiA-475-16,93678,TTV-like mini virus,2801,"",82,75,2036,Betatorquevirus,MN771365.1,MN771365.1_1,653,19,Betatorquevirus
MN771364.1,TTV-like mini virus,Betatorquevirus,Anelloviridae,SAfiA-468-12,93678,TTV-like mini virus,2792,"",118,984,2061,Betatorquevirus,MN771364.1,MN771364.1_1,660,24,Betatorquevirus
MN771362.1,TTV-like mini virus,Betatorquevirus,Anelloviridae,SAfiA-388-156,93678,TTV-like mini virus,2815,"",329,960,1966,Betatorquevirus,MN771362.1,MN771362.1_1,660,5,Betatorquevirus
MN771361.1,TTV-like mini virus,Betatorquevirus,Anelloviridae,SAfiA-388-153,93678,TTV-like mini virus,2816,"",43,251,1960,Betatorquevirus,MN771361.1,MN771361.1_1,664,24,Betatorquevirus
MN771360.1,TTV-like mini virus,Betatorquevirus,Anelloviridae,SAfiA-380-47,93678,TTV-like mini virus,2914,"",2,842,1297,Betatorquevirus,MN771360.1,MN771360.1_1,676,16,Betatorquevirus
MN771359.1,TTV-like mini virus,Betatorquevirus,Anelloviridae,SAfiA-369-24,93678,TTV-like mini virus,2919,"",47,230,244,Betatorquevirus,MN771359.1,MN771359.1_1,673,20,Betatorquevirus
MN771357.1,TTV-like mini virus,Betatorquevirus,Anelloviridae,SAfiA-35-82,93678,TTV-like mini virus,2797,"",0,2,2044,Betatorquevirus,MN771357.1,MN771357.1_1,652,2,Betatorquevirus
MN771356.1,TTV-like mini virus,Betatorquevirus,Anelloviridae,SAfiA-353-56,93678,TTV-like mini virus,2774,"",86,62,2108,Betatorquevirus,MN771356.1,MN771356.1_1,663,24,Betatorquevirus
MN771355.1,TTV-like mini virus,Betatorquevirus,Anelloviridae,SAfiA-35-27,93678,TTV-like mini virus,2991,"",190,461,996,Betatorquevirus,MN771355.1,MN771355.1_1,681,18,Betatorquevirus
MN771354.1,TTV-like mini virus,Betatorquevirus,Anelloviridae,SAfiA-346-49,93678,TTV-like mini virus,2791,"",43,480,2065,Betatorquevirus,MN771354.1,MN771354.1_1,665,24,Betatorquevirus
MN771352.1,TTV-like mini virus,Betatorquevirus,Anelloviridae,SAfiA-335-6,93678,TTV-like mini virus,2867,"",192,384,1653,Betatorquevirus,MN771352.1,MN771352.1_1,660,9,Betatorquevirus
MN771351.1,TTV-like mini virus,Betatorquevirus,Anelloviridae,SAfiA-324-19,93678,TTV-like mini virus,2774,"",92,125,2107,Betatorquevirus,MN771351.1,MN771351.1_1,644,2,Betatorquevirus
MN771350.1,TTV-like mini virus,Betatorquevirus,Anelloviridae,SAfiA-319-20,93678,TTV-like mini virus,2937,"",28,821,1176,Betatorquevirus,MN771350.1,MN771350.1_1,681,6,Betatorquevirus
MN771349.1,TTV-like mini virus,Betatorquevirus,Anelloviridae,SAfiA-254-21,93678,TTV-like mini virus,2961,"",224,375,1073,Betatorquevirus,MN771349.1,MN771349.1_1,668,8,Betatorquevirus
MN771348.1,TTV-like mini virus,Betatorquevirus,Anelloviridae,SAfiA-251-19,93678,TTV-like mini virus,2900,"",171,855,1409,Betatorquevirus,MN771348.1,MN771348.1_1,690,18,Betatorquevirus
MN771347.1,TTV-like mini virus,Betatorquevirus,Anelloviridae,SAfiA-238-18,93678,TTV-like mini virus,2802,"",9,496,2034,Betatorquevirus,MN771347.1,MN771347.1_1,668,24,Betatorquevirus
MN771345.1,TTV-like mini virus,Betatorquevirus,Anelloviridae,SAfiA-11-25,93678,TTV-like mini virus,2925,"",36,525,1229,Betatorquevirus,MN771345.1,MN771345.1_1,671,20,Betatorquevirus
MN771339.1,TTV-like mini virus,Betatorquevirus,Anelloviridae,SAfiA-38-9,93678,TTV-like mini virus,2891,"",268,509,1481,Betatorquevirus,MN771339.1,MN771339.1_1,679,6,Betatorquevirus
MN771334.1,TTV-like mini virus,Betatorquevirus,Anelloviridae,SAfiA-766-268,93678,TTV-like mini virus,2993,"",63,787,993,Hetorquevirus,MN771334.1,MN771334.1_1,663,27,Hetorquevirus
MN771333.1,TTV-like mini virus,Betatorquevirus,Anelloviridae,SAfiA-577-27,93678,TTV-like mini virus,2999,"",3,414,980,Betatorquevirus,MN771333.1,MN771333.1_1,675,14,Betatorquevirus
MN771329.1,TTV-like mini virus,Betatorquevirus,Anelloviridae,SAfiA-473-1,93678,TTV-like mini virus,2943,"",3,817,1145,Betatorquevirus,MN771329.1,MN771329.1_1,671,14,Betatorquevirus
MN771326.1,TTV-like mini virus,Betatorquevirus,Anelloviridae,SAfiA-353-16,93678,TTV-like mini virus,2999,"",3,414,979,Betatorquevirus,MN771326.1,MN771326.1_1,675,14,Betatorquevirus
MN771322.1,TTV-like mini virus,Betatorquevirus,Anelloviridae,SAfiA-297-89,93678,TTV-like mini virus,2970,"",3,50,76,Betatorquevirus,MN771322.1,MN771322.1_1,679,14,Betatorquevirus
MN771319.1,TTV-like mini virus,Betatorquevirus,Anelloviridae,SAfiA-449-8,93678,TTV-like mini virus,3013,"",3,50,960,Betatorquevirus,MN771319.1,MN771319.1_1,678,14,Betatorquevirus
MN771316.1,TTV-like mini virus,Betatorquevirus,Anelloviridae,SAfiA-870-6,93678,TTV-like mini virus,2959,"",3,81,5,Betatorquevirus,MN771316.1,MN771316.1_1,671,14,Betatorquevirus
MN771315.1,TTV-like mini virus,Betatorquevirus,Anelloviridae,SAfiA-810-60,93678,TTV-like mini virus,2813,"",293,647,535,Betatorquevirus,MN771315.1,MN771315.1_1,651,2,Betatorquevirus
MN771312.1,TTV-like mini virus,Betatorquevirus,Anelloviridae,SAfiA-254-27,93678,TTV-like mini virus,2878,"",37,561,1567,Betatorquevirus,MN771312.1,MN771312.1_1,677,20,Betatorquevirus
MN771311.1,TTV-like mini virus,Betatorquevirus,Anelloviridae,SAfiA-122-3,93678,TTV-like mini virus,2916,"",7,162,1285,Betatorquevirus,MN771311.1,MN771311.1_1,679,20,Betatorquevirus
MN771310.1,TTV-like mini virus,Betatorquevirus,Anelloviridae,SAfiA-865-115,93678,TTV-like mini virus,2899,"",18,22,1418,Betatorquevirus,MN771310.1,MN771310.1_1,668,17,Betatorquevirus
MN771305.1,TTV-like mini virus,Betatorquevirus,Anelloviridae,SAfiA-390-10,93678,TTV-like mini virus,2861,"",194,433,198,Betatorquevirus,MN771305.1,MN771305.1_1,665,9,Betatorquevirus
MN771304.1,TTV-like mini virus,Betatorquevirus,Anelloviridae,SAfiA-119-9,93678,TTV-like mini virus,2883,"",5,430,173,Betatorquevirus,MN771304.1,MN771304.1_1,662,15,Betatorquevirus
MN771303.1,TTV-like mini virus,Betatorquevirus,Anelloviridae,SAfiA-94-28,93678,TTV-like mini virus,2835,"",201,349,1860,Betatorquevirus,MN771303.1,MN771303.1_1,665,24,Betatorquevirus
MN771300.1,TTV-like mini virus,Betatorquevirus,Anelloviridae,SAfiA-873-24,93678,TTV-like mini virus,2984,"",62,792,1016,Betatorquevirus,MN771300.1,MN771300.1_1,685,23,Betatorquevirus
MN771299.1,TTV-like mini virus,Betatorquevirus,Anelloviridae,SAfiA-866-433,93678,TTV-like mini virus,2831,"",187,280,1884,Betatorquevirus,MN771299.1,MN771299.1_1,646,21,Betatorquevirus
MN771297.1,TTV-like mini virus,Betatorquevirus,Anelloviridae,SAfiA-803-9,93678,TTV-like mini virus,2902,"",110,852,1389,Betatorquevirus,MN771297.1,MN771297.1_1,674,7,Betatorquevirus
MN771294.1,TTV-like mini virus,Betatorquevirus,Anelloviridae,SAfiA-77-104,93678,TTV-like mini virus,2862,"",8,153,174,Betatorquevirus,MN771294.1,MN771294.1_1,665,17,Betatorquevirus
MN771293.1,TTV-like mini virus,Betatorquevirus,Anelloviridae,SAfiA-761-12,93678,TTV-like mini virus,2867,"",270,631,491,Betatorquevirus,MN771293.1,MN771293.1_1,668,23,Betatorquevirus
MN771291.1,TTV-like mini virus,Betatorquevirus,Anelloviridae,SAfiA-731-10,93678,TTV-like mini virus,2799,"",200,632,495,Betatorquevirus,MN771291.1,MN771291.1_1,663,24,Betatorquevirus
MN771289.1,TTV-like mini virus,Betatorquevirus,Anelloviridae,SAfiA-687-17,93678,TTV-like mini virus,2856,"",219,415,1727,Betatorquevirus,MN771289.1,MN771289.1_1,662,5,Betatorquevirus
MN771284.1,TTV-like mini virus,Betatorquevirus,Anelloviridae,SAfiA-656-11,93678,TTV-like mini virus,2784,"",9,148,2081,Betatorquevirus,MN771284.1,MN771284.1_1,660,24,Betatorquevirus
MN771282.1,TTV-like mini virus,Betatorquevirus,Anelloviridae,SAfiA-625-8,93678,TTV-like mini virus,2898,"",10,235,102,Betatorquevirus,MN771282.1,MN771282.1_1,669,13,Betatorquevirus
MN771281.1,TTV-like mini virus,Betatorquevirus,Anelloviridae,SAfiA-6-19,93678,TTV-like mini virus,2884,"",147,471,1531,Betatorquevirus,MN771281.1,MN771281.1_1,670,7,Betatorquevirus
MN771279.1,TTV-like mini virus,Betatorquevirus,Anelloviridae,SAfiA-616-19,93678,TTV-like mini virus,2868,"",159,900,1646,Betatorquevirus,MN771279.1,MN771279.1_1,667,24,Betatorquevirus
MN771277.1,TTV-like mini virus,Betatorquevirus,Anelloviridae,SAfiA-6-11,93678,TTV-like mini virus,2942,"",278,475,1149,Betatorquevirus,MN771277.1,MN771277.1_1,664,27,Hetorquevirus
MN771276.1,TTV-like mini virus,Betatorquevirus,Anelloviridae,SAfiA-609-7,93678,TTV-like mini virus,2901,"",10,235,642,Betatorquevirus,MN771276.1,MN771276.1_1,670,13,Betatorquevirus
MN771275.1,TTV-like mini virus,Betatorquevirus,Anelloviridae,SAfiA-608-11,93678,TTV-like mini virus,2815,"",9,717,1965,Betatorquevirus,MN771275.1,MN771275.1_1,655,24,Betatorquevirus
MN771273.1,TTV-like mini virus,Betatorquevirus,Anelloviridae,SAfiA-590-43,93678,TTV-like mini virus,2911,"",36,525,1324,Betatorquevirus,MN771273.1,MN771273.1_1,671,20,Betatorquevirus
MN771272.1,TTV-like mini virus,Betatorquevirus,Anelloviridae,SAfiA-587-87,93678,TTV-like mini virus,2793,"",201,349,2060,Betatorquevirus,MN771272.1,MN771272.1_1,661,24,Betatorquevirus
MN771271.1,TTV-like mini virus,Betatorquevirus,Anelloviridae,SAfiA-587-84,93678,TTV-like mini virus,2826,"",199,490,1902,Betatorquevirus,MN771271.1,MN771271.1_1,669,24,Betatorquevirus
MN771270.1,TTV-like mini virus,Betatorquevirus,Anelloviridae,SAfiA-587-71,93678,TTV-like mini virus,2857,"",15,394,1717,Betatorquevirus,MN771270.1,MN771270.1_1,657,5,Betatorquevirus
MN771269.1,TTV-like mini virus,Betatorquevirus,Anelloviridae,SAfiA-587-33,93678,TTV-like mini virus,2926,"",108,830,1226,Betatorquevirus,MN771269.1,MN771269.1_1,671,18,Betatorquevirus
MN771268.1,TTV-like mini virus,Betatorquevirus,Anelloviridae,SAfiA-587-21,93678,TTV-like mini virus,2950,"",190,380,1118,Betatorquevirus,MN771268.1,MN771268.1_1,672,18,Betatorquevirus
MN771265.1,TTV-like mini virus,Betatorquevirus,Anelloviridae,SAfiA-578-13,93678,TTV-like mini virus,2966,"",165,318,89,Betatorquevirus,MN771265.1,MN771265.1_1,681,18,Betatorquevirus
MN771263.1,TTV-like mini virus,Betatorquevirus,Anelloviridae,SAfiA-577-93,93678,TTV-like mini virus,2901,"",37,561,1397,Betatorquevirus,MN771263.1,MN771263.1_1,678,20,Betatorquevirus
MN771262.1,TTV-like mini virus,Betatorquevirus,Anelloviridae,SAfiA-577-113,93678,TTV-like mini virus,2850,"",15,93,1763,Betatorquevirus,MN771262.1,MN771262.1_1,654,5,Betatorquevirus
MN771261.1,TTV-like mini virus,Betatorquevirus,Anelloviridae,SAfiA-57-35,93678,TTV-like mini virus,2842,"",39,65,448,Betatorquevirus,MN771261.1,MN771261.1_1,652,2,Betatorquevirus
MN771257.1,TTV-like mini virus,Betatorquevirus,Anelloviridae,SAfiA-513-4,93678,TTV-like mini virus,2954,"",28,710,1101,Betatorquevirus,MN771257.1,MN771257.1_1,684,6,Betatorquevirus
MN771256.1,TTV-like mini virus,Betatorquevirus,Anelloviridae,SAfiA-498-7,93678,TTV-like mini virus,2903,"",130,283,271,Betatorquevirus,MN771256.1,MN771256.1_1,671,7,Betatorquevirus
MN771255.1,TTV-like mini virus,Betatorquevirus,Anelloviridae,SAfiA-478-21,93678,TTV-like mini virus,2843,"",79,934,1808,Betatorquevirus,MN771255.1,MN771255.1_1,660,4,Betatorquevirus
MN771254.1,TTV-like mini virus,Betatorquevirus,Anelloviridae,SAfiA-476-12,93678,TTV-like mini virus,2845,"",125,166,634,Betatorquevirus,MN771254.1,MN771254.1_1,653,5,Betatorquevirus
MN771253.1,TTV-like mini virus,Betatorquevirus,Anelloviridae,SAfiA-475-9,93678,TTV-like mini virus,2913,"",7,162,1304,Betatorquevirus,MN771253.1,MN771253.1_1,678,20,Betatorquevirus
MN771251.1,TTV-like mini virus,Betatorquevirus,Anelloviridae,SAfiA-452-3,93678,TTV-like mini virus,2903,"",273,709,1377,Betatorquevirus,MN771251.1,MN771251.1_1,671,7,Betatorquevirus
MN771249.1,TTV-like mini virus,Betatorquevirus,Anelloviridae,SAfiA-425-2,93678,TTV-like mini virus,2894,"",96,161,1456,Betatorquevirus,MN771249.1,MN771249.1_1,671,7,Betatorquevirus
MN771248.1,TTV-like mini virus,Betatorquevirus,Anelloviridae,SAfiA-410-3,93678,TTV-like mini virus,2923,"",353,831,1242,Betatorquevirus,MN771248.1,MN771248.1_1,660,28,Hetorquevirus
MN771246.1,TTV-like mini virus,Betatorquevirus,Anelloviridae,SAfiA-388-95,93678,TTV-like mini virus,2845,"",127,234,125,Betatorquevirus,MN771246.1,MN771246.1_1,659,17,Betatorquevirus
MN771244.1,TTV-like mini virus,Betatorquevirus,Anelloviridae,SAfiA-388-79,93678,TTV-like mini virus,2920,"",1,697,1259,Betatorquevirus,MN771244.1,MN771244.1_1,678,10,Betatorquevirus
MN771243.1,TTV-like mini virus,Betatorquevirus,Anelloviridae,SAfiA-388-76,93678,TTV-like mini virus,2897,"",30,547,1435,Betatorquevirus,MN771243.1,MN771243.1_1,676,7,Betatorquevirus
MN771239.1,TTV-like mini virus,Betatorquevirus,Anelloviridae,SAfiA-380-34,93678,TTV-like mini virus,2867,"",344,901,1652,Betatorquevirus,MN771239.1,MN771239.1_1,667,9,Betatorquevirus
MN771238.1,TTV-like mini virus,Betatorquevirus,Anelloviridae,SAfiA-376-9,93678,TTV-like mini virus,3004,"",62,126,100,Betatorquevirus,MN771238.1,MN771238.1_1,684,23,Betatorquevirus
MN771237.1,TTV-like mini virus,Betatorquevirus,Anelloviridae,SAfiA-352-16,93678,TTV-like mini virus,2874,"",100,54,43,Betatorquevirus,MN771237.1,MN771237.1_1,656,24,Betatorquevirus
MN771236.1,TTV-like mini virus,Betatorquevirus,Anelloviridae,SAfiA-350-31,93678,TTV-like mini virus,2835,"",286,597,310,Betatorquevirus,MN771236.1,MN771236.1_1,667,24,Betatorquevirus
MN771232.1,TTV-like mini virus,Betatorquevirus,Anelloviridae,SAfiA-326-11,93678,TTV-like mini virus,2909,"",17,453,262,Betatorquevirus,MN771232.1,MN771232.1_1,675,7,Betatorquevirus
MN771231.1,TTV-like mini virus,Betatorquevirus,Anelloviridae,SAfiA-321-9,93678,TTV-like mini virus,2912,"",67,53,521,Betatorquevirus,MN771231.1,MN771231.1_1,669,20,Betatorquevirus
MN771228.1,TTV-like mini virus,Betatorquevirus,Anelloviridae,SAfiA-287B-7,93678,TTV-like mini virus,2963,"",36,215,117,Betatorquevirus,MN771228.1,MN771228.1_1,678,20,Betatorquevirus
MN771226.1,TTV-like mini virus,Betatorquevirus,Anelloviridae,SAfiA-275-60,93678,TTV-like mini virus,2814,"",160,963,1973,Betatorquevirus,MN771226.1,MN771226.1_1,664,24,Betatorquevirus
MN771223.1,TTV-like mini virus,Betatorquevirus,Anelloviridae,SAfiA-235-24,93678,TTV-like mini virus,2937,"",1,106,12,Betatorquevirus,MN771223.1,MN771223.1_1,671,10,Betatorquevirus
MN771221.1,TTV-like mini virus,Betatorquevirus,Anelloviridae,SAfiA-230-9,93678,TTV-like mini virus,3004,"",62,126,974,Betatorquevirus,MN771221.1,MN771221.1_1,684,23,Betatorquevirus
MN771220.1,TTV-like mini virus,Betatorquevirus,Anelloviridae,SAfiA-224-29,93678,TTV-like mini virus,2846,"",42,444,235,Betatorquevirus,MN771220.1,MN771220.1_1,672,24,Betatorquevirus
MN771219.1,TTV-like mini virus,Betatorquevirus,Anelloviridae,SAfiA-130-9,93678,TTV-like mini virus,2936,"",1,27,425,Betatorquevirus,MN771219.1,MN771219.1_1,679,10,Betatorquevirus
MN771217.1,TTV-like mini virus,Betatorquevirus,Anelloviridae,SAfiA-11-32,93678,TTV-like mini virus,2824,"",43,480,1923,Betatorquevirus,MN771217.1,MN771217.1_1,667,24,Betatorquevirus
MN771215.1,TTV-like mini virus,Betatorquevirus,Anelloviridae,SAfiA-581-45,93678,TTV-like mini virus,2805,"",50,13,2019,Betatorquevirus,MN771215.1,MN771215.1_1,663,5,Betatorquevirus
MN771213.1,TTV-like mini virus,Betatorquevirus,Anelloviridae,SAfiA-445-5,93678,TTV-like mini virus,2860,"",50,13,72,Betatorquevirus,MN771213.1,MN771213.1_1,664,5,Betatorquevirus
MN771212.1,TTV-like mini virus,Betatorquevirus,Anelloviridae,SAfiA-368-11,93678,TTV-like mini virus,2826,"",50,13,352,Betatorquevirus,MN771212.1,MN771212.1_1,661,5,Betatorquevirus
MN771208.1,TTV-like mini virus,Betatorquevirus,Anelloviridae,SAfiA-581-37,93678,TTV-like mini virus,2918,"",28,190,258,Betatorquevirus,MN771208.1,MN771208.1_1,673,6,Betatorquevirus
MN771205.1,TTV-like mini virus,Betatorquevirus,Anelloviridae,SAfiA-401-18,93678,TTV-like mini virus,2905,"",28,487,1362,Betatorquevirus,MN771205.1,MN771205.1_1,685,6,Betatorquevirus
MN771204.1,TTV-like mini virus,Betatorquevirus,Anelloviridae,SAfiA-393-16,93678,TTV-like mini virus,2940,"",278,475,1160,Betatorquevirus,MN771204.1,MN771204.1_1,668,27,Hetorquevirus
MN771199.1,TTV-like mini virus,Betatorquevirus,Anelloviridae,SAfiA-87-28,93678,TTV-like mini virus,2869,"",106,688,1637,Betatorquevirus,MN771199.1,MN771199.1_1,667,16,Betatorquevirus
MN771195.1,TTV-like mini virus,Betatorquevirus,Anelloviridae,SAfiA-857-205,93678,TTV-like mini virus,2828,"",0,253,553,Betatorquevirus,MN771195.1,MN771195.1_1,661,2,Betatorquevirus
MN771183.1,TTV-like mini virus,Betatorquevirus,Anelloviridae,SAfiA-779-27,93678,TTV-like mini virus,2885,"",186,877,1522,Betatorquevirus,MN771183.1,MN771183.1_1,665,16,Betatorquevirus
MN771181.1,TTV-like mini virus,Betatorquevirus,Anelloviridae,SAfiA-767-62,93678,TTV-like mini virus,2996,"",36,181,461,Betatorquevirus,MN771181.1,MN771181.1_1,680,20,Betatorquevirus
MN771180.1,TTV-like mini virus,Betatorquevirus,Anelloviridae,SAfiA-760-1,93678,TTV-like mini virus,2944,"",184,456,268,Betatorquevirus,MN771180.1,MN771180.1_1,678,12,Betatorquevirus
MN771177.1,TTV-like mini virus,Betatorquevirus,Anelloviridae,SAfiA-729-1,93678,TTV-like mini virus,2972,"",22,17,61,Betatorquevirus,MN771177.1,MN771177.1_1,674,11,Betatorquevirus
MN771176.1,TTV-like mini virus,Betatorquevirus,Anelloviridae,SAfiA-721-8,93678,TTV-like mini virus,2919,"",26,201,1266,Betatorquevirus,MN771176.1,MN771176.1_1,668,8,Betatorquevirus
MN771173.1,TTV-like mini virus,Betatorquevirus,Anelloviridae,SAfiA-71-20,93678,TTV-like mini virus,2901,"",59,306,195,Betatorquevirus,MN771173.1,MN771173.1_1,663,15,Betatorquevirus
MN771171.1,TTV-like mini virus,Betatorquevirus,Anelloviridae,SAfiA-70-26,93678,TTV-like mini virus,2781,"",54,659,571,Betatorquevirus,MN771171.1,MN771171.1_1,636,3,Betatorquevirus
MN771170.1,TTV-like mini virus,Betatorquevirus,Anelloviridae,SAfiA-696-1,93678,TTV-like mini virus,2923,"",66,177,41,Betatorquevirus,MN771170.1,MN771170.1_1,669,5,Betatorquevirus
MN771169.1,TTV-like mini virus,Betatorquevirus,Anelloviridae,SAfiA-688-3,93678,TTV-like mini virus,2849,"",5,26,340,Betatorquevirus,MN771169.1,MN771169.1_1,656,15,Betatorquevirus
MN771168.1,TTV-like mini virus,Betatorquevirus,Anelloviridae,SAfiA-687-7,93678,TTV-like mini virus,2950,"",6,655,564,Betatorquevirus,MN771168.1,MN771168.1_1,673,11,Betatorquevirus
MN771166.1,TTV-like mini virus,Betatorquevirus,Anelloviridae,SAfiA-686-17,93678,TTV-like mini virus,2860,"",77,266,443,Betatorquevirus,MN771166.1,MN771166.1_1,661,13,Betatorquevirus
MN771163.1,TTV-like mini virus,Betatorquevirus,Anelloviridae,SAfiA-676-21,93678,TTV-like mini virus,2880,"",8,189,1551,Betatorquevirus,MN771163.1,MN771163.1_1,670,17,Betatorquevirus
MN771162.1,TTV-like mini virus,Betatorquevirus,Anelloviridae,SAfiA-676-13,93678,TTV-like mini virus,2895,"",28,190,1449,Betatorquevirus,MN771162.1,MN771162.1_1,673,6,Betatorquevirus
MN771161.1,TTV-like mini virus,Betatorquevirus,Anelloviridae,SAfiA-676-11,93678,TTV-like mini virus,2927,"",28,373,1222,Betatorquevirus,MN771161.1,MN771161.1_1,687,6,Betatorquevirus
MN771159.1,TTV-like mini virus,Betatorquevirus,Anelloviridae,SAfiA-651-25,93678,TTV-like mini virus,2860,"",10,912,1700,Betatorquevirus,MN771159.1,MN771159.1_1,660,13,Betatorquevirus
MN771158.1,TTV-like mini virus,Betatorquevirus,Anelloviridae,SAfiA-642-29,93678,TTV-like mini virus,2838,"",4,404,1843,Betatorquevirus,MN771158.1,MN771158.1_1,654,10,Betatorquevirus
MN771156.1,TTV-like mini virus,Betatorquevirus,Anelloviridae,SAfiA-634-20,93678,TTV-like mini virus,2864,"",58,95,31,Betatorquevirus,MN771156.1,MN771156.1_1,666,13,Betatorquevirus
MN771155.1,TTV-like mini virus,Betatorquevirus,Anelloviridae,SAfiA-628-38,93678,TTV-like mini virus,2808,"",357,970,2008,Betatorquevirus,MN771155.1,MN771155.1_1,668,24,Betatorquevirus
MN771154.1,TTV-like mini virus,Betatorquevirus,Anelloviridae,SAfiA-625-12,93678,TTV-like mini virus,2896,"",2,623,436,Betatorquevirus,MN771154.1,MN771154.1_1,666,16,Betatorquevirus
MN771153.1,TTV-like mini virus,Betatorquevirus,Anelloviridae,SAfiA-624-10,93678,TTV-like mini virus,2881,"",263,575,1546,Betatorquevirus,MN771153.1,MN771153.1_1,668,12,Betatorquevirus
MN771151.1,TTV-like mini virus,Betatorquevirus,Anelloviridae,SAfiA-6-12,93678,TTV-like mini virus,2923,"",7,303,1241,Betatorquevirus,MN771151.1,MN771151.1_1,681,20,Betatorquevirus
MN771150.1,TTV-like mini virus,Betatorquevirus,Anelloviridae,SAfiA-611-151,93678,TTV-like mini virus,2856,"",19,286,276,Betatorquevirus,MN771150.1,MN771150.1_1,657,16,Betatorquevirus
MN771147.1,TTV-like mini virus,Betatorquevirus,Anelloviridae,SAfiA-590-79,93678,TTV-like mini virus,2836,"",229,551,1857,Betatorquevirus,MN771147.1,MN771147.1_1,667,24,Betatorquevirus
MN771145.1,TTV-like mini virus,Betatorquevirus,Anelloviridae,SAfiA-589-13,93678,TTV-like mini virus,2938,"",189,819,1171,Betatorquevirus,MN771145.1,MN771145.1_1,676,18,Betatorquevirus
MN771144.1,TTV-like mini virus,Betatorquevirus,Anelloviridae,SAfiA-587-76,93678,TTV-like mini virus,2846,"",19,602,334,Betatorquevirus,MN771144.1,MN771144.1_1,653,16,Betatorquevirus
MN771141.1,TTV-like mini virus,Betatorquevirus,Anelloviridae,SAfiA-566-25,93678,TTV-like mini virus,2803,"",84,428,160,Betatorquevirus,MN771141.1,MN771141.1_1,652,2,Betatorquevirus
MN771140.1,TTV-like mini virus,Betatorquevirus,Anelloviridae,SAfiA-564-2,93678,TTV-like mini virus,2822,"",29,955,1932,Betatorquevirus,MN771140.1,MN771140.1_1,639,21,Betatorquevirus
MN771139.1,TTV-like mini virus,Betatorquevirus,Anelloviridae,SAfiA-560-3,93678,TTV-like mini virus,3014,"",44,332,145,Betatorquevirus,MN771139.1,MN771139.1_1,680,20,Betatorquevirus
MN771137.1,TTV-like mini virus,Betatorquevirus,Anelloviridae,SAfiA-541-10,93678,TTV-like mini virus,2914,"",167,227,194,Betatorquevirus,MN771137.1,MN771137.1_1,654,19,Betatorquevirus
MN771136.1,TTV-like mini virus,Betatorquevirus,Anelloviridae,SAfiA-535-9,93678,TTV-like mini virus,2855,"",67,512,1732,Betatorquevirus,MN771136.1,MN771136.1_1,673,20,Betatorquevirus
MN771135.1,TTV-like mini virus,Betatorquevirus,Anelloviridae,SAfiA-532-11,93678,TTV-like mini virus,2869,"",89,46,638,Betatorquevirus,MN771135.1,MN771135.1_1,662,13,Betatorquevirus
MN771134.1,TTV-like mini virus,Betatorquevirus,Anelloviridae,SAfiA-52-3,93678,TTV-like mini virus,2899,"",104,856,1417,Betatorquevirus,MN771134.1,MN771134.1_1,664,21,Betatorquevirus
MN771133.1,TTV-like mini virus,Betatorquevirus,Anelloviridae,SAfiA-522-6,93678,TTV-like mini virus,2852,"",10,33,1751,Betatorquevirus,MN771133.1,MN771133.1_1,661,13,Betatorquevirus
MN771129.1,TTV-like mini virus,Betatorquevirus,Anelloviridae,SAfiA-495-11,93678,TTV-like mini virus,2932,"",145,564,1195,Betatorquevirus,MN771129.1,MN771129.1_1,687,23,Betatorquevirus
MN771123.1,TTV-like mini virus,Betatorquevirus,Anelloviridae,SAfiA-475-13,93678,TTV-like mini virus,2806,"",15,329,139,Betatorquevirus,MN771123.1,MN771123.1_1,651,5,Betatorquevirus
MN771120.1,TTV-like mini virus,Betatorquevirus,Anelloviridae,SAfiA-470-12,93678,TTV-like mini virus,2851,"",37,48,1756,Betatorquevirus,MN771120.1,MN771120.1_1,667,20,Betatorquevirus
MN771119.1,TTV-like mini virus,Betatorquevirus,Anelloviridae,SAfiA-461-9,93678,TTV-like mini virus,2892,"",15,686,1470,Betatorquevirus,MN771119.1,MN771119.1_1,657,5,Betatorquevirus
MN771117.1,TTV-like mini virus,Betatorquevirus,Anelloviridae,SAfiA-446-14,93678,TTV-like mini virus,2836,"",134,943,1856,Betatorquevirus,MN771117.1,MN771117.1_1,675,24,Betatorquevirus
MN771115.1,TTV-like mini virus,Betatorquevirus,Anelloviridae,SAfiA-410-4,93678,TTV-like mini virus,2915,"",6,242,109,Betatorquevirus,MN771115.1,MN771115.1_1,672,11,Betatorquevirus
MN771112.1,TTV-like mini virus,Betatorquevirus,Anelloviridae,SAfiA-394-12,93678,TTV-like mini virus,2879,"",125,458,1558,Betatorquevirus,MN771112.1,MN771112.1_1,670,5,Betatorquevirus
MN771111.1,TTV-like mini virus,Betatorquevirus,Anelloviridae,SAfiA-388-45,93678,TTV-like mini virus,2909,"",196,445,239,Betatorquevirus,MN771111.1,MN771111.1_1,667,16,Betatorquevirus
MN771110.1,TTV-like mini virus,Betatorquevirus,Anelloviridae,SAfiA-388-22,93678,TTV-like mini virus,2931,"",224,375,1204,Betatorquevirus,MN771110.1,MN771110.1_1,668,8,Betatorquevirus
MN771108.1,TTV-like mini virus,Betatorquevirus,Anelloviridae,SAfiA-38-7,93678,TTV-like mini virus,2901,"",222,346,1396,Betatorquevirus,MN771108.1,MN771108.1_1,673,11,Betatorquevirus
MN771106.1,TTV-like mini virus,Betatorquevirus,Anelloviridae,SAfiA-378-10,93678,TTV-like mini virus,2881,"",37,48,55,Betatorquevirus,MN771106.1,MN771106.1_1,668,20,Betatorquevirus
MN771104.1,TTV-like mini virus,Betatorquevirus,Anelloviridae,SAfiA-369-21,93678,TTV-like mini virus,2868,"",19,286,1645,Betatorquevirus,MN771104.1,MN771104.1_1,658,16,Betatorquevirus
MN771102.1,TTV-like mini virus,Betatorquevirus,Anelloviridae,SAfiA-353-11,93678,TTV-like mini virus,2824,"",92,541,1922,Betatorquevirus,MN771102.1,MN771102.1_1,642,2,Betatorquevirus
MN771098.1,TTV-like mini virus,Betatorquevirus,Anelloviridae,SAfiA-330-16,93678,TTV-like mini virus,2868,"",19,192,1644,Betatorquevirus,MN771098.1,MN771098.1_1,658,16,Betatorquevirus
MN771097.1,TTV-like mini virus,Betatorquevirus,Anelloviridae,SAfiA-330-15,93678,TTV-like mini virus,2869,"",48,23,1636,Betatorquevirus,MN771097.1,MN771097.1_1,653,19,Betatorquevirus
MN771093.1,TTV-like mini virus,Betatorquevirus,Anelloviridae,SAfiA-304-11,93678,TTV-like mini virus,2892,"",7,868,1469,Betatorquevirus,MN771093.1,MN771093.1_1,670,20,Betatorquevirus
MN771092.1,TTV-like mini virus,Betatorquevirus,Anelloviridae,SAfiA-287B-10,93678,TTV-like mini virus,2889,"",7,162,1501,Betatorquevirus,MN771092.1,MN771092.1_1,679,20,Betatorquevirus
MN771091.1,TTV-like mini virus,Betatorquevirus,Anelloviridae,SAfiA-275-62,93678,TTV-like mini virus,2810,"",229,551,1993,Betatorquevirus,MN771091.1,MN771091.1_1,667,24,Betatorquevirus
MN771089.1,TTV-like mini virus,Betatorquevirus,Anelloviridae,SAfiA-271-2,93678,TTV-like mini virus,2920,"",149,518,1258,Betatorquevirus,MN771089.1,MN771089.1_1,667,8,Betatorquevirus
MN771087.1,TTV-like mini virus,Betatorquevirus,Anelloviridae,SAfiA-245-9,93678,TTV-like mini virus,2911,"",95,405,1323,Betatorquevirus,MN771087.1,MN771087.1_1,665,17,Betatorquevirus
MN771086.1,TTV-like mini virus,Betatorquevirus,Anelloviridae,SAfiA-244-14,93678,TTV-like mini virus,2864,"",12,115,1673,Betatorquevirus,MN771086.1,MN771086.1_1,657,4,Betatorquevirus
MN771083.1,TTV-like mini virus,Betatorquevirus,Anelloviridae,SAfiA-12A-4,93678,TTV-like mini virus,2877,"",5,524,1580,Betatorquevirus,MN771083.1,MN771083.1_1,659,15,Betatorquevirus
MN771081.1,TTV-like mini virus,Betatorquevirus,Anelloviridae,SAfiA-119-8,93678,TTV-like mini virus,2908,"",6,19,505,Betatorquevirus,MN771081.1,MN771081.1_1,671,11,Betatorquevirus
MN771080.1,TTV-like mini virus,Betatorquevirus,Anelloviridae,SAfiA-113-19,93678,TTV-like mini virus,2840,"",237,533,1831,Betatorquevirus,MN771080.1,MN771080.1_1,652,2,Betatorquevirus
MN771077.1,TTV-like mini virus,Betatorquevirus,Anelloviridae,SAfiA-106A-23,93678,TTV-like mini virus,2817,"",142,150,1952,Betatorquevirus,MN771077.1,MN771077.1_1,659,17,Betatorquevirus
MN771074.1,TTV-like mini virus,Betatorquevirus,Anelloviridae,SAfiA-676-26,93678,TTV-like mini virus,2832,"",0,0,1877,Betatorquevirus,MN771074.1,MN771074.1_1,657,2,Betatorquevirus
MN771072.1,TTV-like mini virus,Betatorquevirus,Anelloviridae,SAfiA-584-17,93678,TTV-like mini virus,2865,"",237,533,1665,Betatorquevirus,MN771072.1,MN771072.1_1,652,2,Betatorquevirus
MN771070.1,TTV-like mini virus,Betatorquevirus,Anelloviridae,SAfiA-581-18,93678,TTV-like mini virus,2896,"",358,863,1442,Betatorquevirus,MN771070.1,MN771070.1_1,682,18,Betatorquevirus
MN771068.1,TTV-like mini virus,Betatorquevirus,Anelloviridae,SAfiA-528-9,93678,TTV-like mini virus,2802,"",19,977,2033,Betatorquevirus,MN771068.1,MN771068.1_1,656,16,Betatorquevirus
MN771067.1,TTV-like mini virus,Betatorquevirus,Anelloviridae,SAfiA-527-0,93678,TTV-like mini virus,3039,"",3,97,940,Betatorquevirus,MN771067.1,MN771067.1_1,674,14,Betatorquevirus
MN771066.1,TTV-like mini virus,Betatorquevirus,Anelloviridae,SAfiA-502-37,93678,TTV-like mini virus,2835,"",36,944,1859,Betatorquevirus,MN771066.1,MN771066.1_1,725,20,Betatorquevirus
MN771065.1,TTV-like mini virus,Betatorquevirus,Anelloviridae,SAfiA-460-5,93678,TTV-like mini virus,2897,"",63,15,1434,Hetorquevirus,MN771065.1,MN771065.1_1,665,27,Hetorquevirus
MN771063.1,TTV-like mini virus,Betatorquevirus,Anelloviridae,SAfiA-39-8,93678,TTV-like mini virus,2877,"",267,582,1579,Betatorquevirus,MN771063.1,MN771063.1_1,673,7,Betatorquevirus
MN771061.1,TTV-like mini virus,Betatorquevirus,Anelloviridae,SAfiA-380-54,93678,TTV-like mini virus,2842,"",92,541,1814,Betatorquevirus,MN771061.1,MN771061.1_1,642,2,Betatorquevirus
MN771059.1,TTV-like mini virus,Betatorquevirus,Anelloviridae,SAfiA-369-14,93678,TTV-like mini virus,2938,"",4,257,1170,Betatorquevirus,MN771059.1,MN771059.1_1,668,10,Betatorquevirus
MN771057.1,TTV-like mini virus,Betatorquevirus,Anelloviridae,SAfiA-353-49,93678,TTV-like mini virus,2764,"",54,16,2124,Betatorquevirus,MN771057.1,MN771057.1_1,629,3,Betatorquevirus
MN771056.1,TTV-like mini virus,Betatorquevirus,Anelloviridae,SAfiA-35-34,93678,TTV-like mini virus,2867,"",59,306,1651,Betatorquevirus,MN771056.1,MN771056.1_1,663,15,Betatorquevirus
MN771055.1,TTV-like mini virus,Betatorquevirus,Anelloviridae,SAfiA-352-26,93678,TTV-like mini virus,2810,"",92,125,1992,Betatorquevirus,MN771055.1,MN771055.1_1,644,2,Betatorquevirus
MN771051.1,TTV-like mini virus,Betatorquevirus,Anelloviridae,SAfiA-247-27,93678,TTV-like mini virus,2799,"",39,52,2039,Betatorquevirus,MN771051.1,MN771051.1_1,643,2,Betatorquevirus
MN771048.1,TTV-like mini virus,Betatorquevirus,Anelloviridae,SAfiA-604-8,93678,TTV-like mini virus,2968,"",3,50,573,Betatorquevirus,MN771048.1,MN771048.1_1,678,14,Betatorquevirus
MN771046.1,TTV-like mini virus,Betatorquevirus,Anelloviridae,SAfiA-350-18,93678,TTV-like mini virus,2910,"",231,385,1330,Betatorquevirus,MN771046.1,MN771046.1_1,667,24,Betatorquevirus
MN771045.1,TTV-like mini virus,Betatorquevirus,Anelloviridae,SAfiA-309-13,93678,TTV-like mini virus,2943,"",1,27,415,Betatorquevirus,MN771045.1,MN771045.1_1,683,10,Betatorquevirus
MN771044.1,TTV-like mini virus,Betatorquevirus,Anelloviridae,SAfiA-97-8,93678,TTV-like mini virus,2954,"",57,282,1100,Betatorquevirus,MN771044.1,MN771044.1_1,670,22,Betatorquevirus
MN771043.1,TTV-like mini virus,Betatorquevirus,Anelloviridae,SAfiA-584-10,93678,TTV-like mini virus,2934,"",282,592,299,Betatorquevirus,MN771043.1,MN771043.1_1,666,16,Betatorquevirus
MN771042.1,TTV-like mini virus,Betatorquevirus,Anelloviridae,SAfiA-388-56,93678,TTV-like mini virus,2887,"",83,595,304,Betatorquevirus,MN771042.1,MN771042.1_1,673,9,Betatorquevirus
MN771041.1,TTV-like mini virus,Betatorquevirus,Anelloviridae,SAfiA-314-30,93678,TTV-like mini virus,2749,"",288,566,2138,Betatorquevirus,MN771041.1,MN771041.1_1,651,19,Betatorquevirus
MN771039.1,TTV-like mini virus,Betatorquevirus,Anelloviridae,SAfiA-50-16,93678,TTV-like mini virus,2823,"",87,382,390,Betatorquevirus,MN771039.1,MN771039.1_1,654,2,Betatorquevirus
MN771038.1,TTV-like mini virus,Betatorquevirus,Anelloviridae,SAfiA-266-19,93678,TTV-like mini virus,2819,"",87,382,1943,Betatorquevirus,MN771038.1,MN771038.1_1,653,2,Betatorquevirus
MN771030.1,TTV-like mini virus,Betatorquevirus,Anelloviridae,SAfiA-87-21,93678,TTV-like mini virus,2938,"",146,504,1169,Betatorquevirus,MN771030.1,MN771030.1_1,679,23,Betatorquevirus
MN771027.1,TTV-like mini virus,Betatorquevirus,Anelloviridae,SAfiA-60-5,93678,TTV-like mini virus,2966,"",1,5,438,Betatorquevirus,MN771027.1,MN771027.1_1,666,10,Betatorquevirus
MN771024.1,TTV-like mini virus,Betatorquevirus,Anelloviridae,SAfiA-35-14,93678,TTV-like mini virus,2964,"",1,5,3,Betatorquevirus,MN771024.1,MN771024.1_1,665,10,Betatorquevirus
MN771023.1,TTV-like mini virus,Betatorquevirus,Anelloviridae,SAfiA-100B-26,93678,TTV-like mini virus,3003,"",28,531,975,Betatorquevirus,MN771023.1,MN771023.1_1,680,6,Betatorquevirus
MN771017.1,TTV-like mini virus,Betatorquevirus,Anelloviridae,SAfiA-378-5,93678,TTV-like mini virus,2972,"",34,703,1043,Betatorquevirus,MN771017.1,MN771017.1_1,674,22,Betatorquevirus
MN771016.1,TTV-like mini virus,Betatorquevirus,Anelloviridae,SAfiA-254-23,93678,TTV-like mini virus,2855,"",61,917,1731,Betatorquevirus,MN771016.1,MN771016.1_1,651,21,Betatorquevirus
MN771013.1,TTV-like mini virus,Betatorquevirus,Anelloviridae,SAfiA-810-49,93678,TTV-like mini virus,2890,"",42,572,1488,Betatorquevirus,MN771013.1,MN771013.1_1,670,24,Betatorquevirus
MN771009.1,TTV-like mini virus,Betatorquevirus,Anelloviridae,SAfiA-77-114,93678,TTV-like mini virus,2863,"",182,905,1678,Betatorquevirus,MN771009.1,MN771009.1_1,658,13,Betatorquevirus
MN771006.1,TTV-like mini virus,Betatorquevirus,Anelloviridae,SAfiA-632-2,93678,TTV-like mini virus,2877,"",5,224,1578,Betatorquevirus,MN771006.1,MN771006.1_1,658,15,Betatorquevirus
MN771004.1,TTV-like mini virus,Betatorquevirus,Anelloviridae,SAfiA-590-64,93678,TTV-like mini virus,2840,"",9,213,1830,Betatorquevirus,MN771004.1,MN771004.1_1,671,24,Betatorquevirus
MN770998.1,TTV-like mini virus,Betatorquevirus,Anelloviridae,SAfiA-441-3,93678,TTV-like mini virus,2959,"",10,33,366,Betatorquevirus,MN770998.1,MN770998.1_1,661,13,Betatorquevirus
MN770995.1,TTV-like mini virus,Betatorquevirus,Anelloviridae,SAfiA-388-87,93678,TTV-like mini virus,2903,"",95,308,1376,Betatorquevirus,MN770995.1,MN770995.1_1,657,17,Betatorquevirus
MN770994.1,TTV-like mini virus,Betatorquevirus,Anelloviridae,SAfiA-388-119,93678,TTV-like mini virus,2903,"",66,154,101,Betatorquevirus,MN770994.1,MN770994.1_1,668,5,Betatorquevirus
MN770993.1,TTV-like mini virus,Betatorquevirus,Anelloviridae,SAfiA-388-112,93678,TTV-like mini virus,2831,"",163,265,1883,Betatorquevirus,MN770993.1,MN770993.1_1,657,17,Betatorquevirus
MN770992.1,TTV-like mini virus,Betatorquevirus,Anelloviridae,SAfiA-370-7,93678,TTV-like mini virus,2850,"",0,253,584,Betatorquevirus,MN770992.1,MN770992.1_1,664,2,Betatorquevirus
MN770991.1,TTV-like mini virus,Betatorquevirus,Anelloviridae,SAfiA-369-28,93678,TTV-like mini virus,2841,"",101,92,1821,Betatorquevirus,MN770991.1,MN770991.1_1,664,24,Betatorquevirus
MN770990.1,TTV-like mini virus,Betatorquevirus,Anelloviridae,SAfiA-367-27,93678,TTV-like mini virus,2920,"",12,115,533,Betatorquevirus,MN770990.1,MN770990.1_1,658,4,Betatorquevirus
MN770989.1,TTV-like mini virus,Betatorquevirus,Anelloviridae,SAfiA-365-19,93678,TTV-like mini virus,2878,"",12,128,1566,Betatorquevirus,MN770989.1,MN770989.1_1,653,4,Betatorquevirus
MN770986.1,TTV-like mini virus,Betatorquevirus,Anelloviridae,SAfiA-35-54,93678,TTV-like mini virus,2855,"",90,127,447,Betatorquevirus,MN770986.1,MN770986.1_1,655,21,Betatorquevirus
MN770983.1,TTV-like mini virus,Betatorquevirus,Anelloviridae,SAfiA-349-8,93678,TTV-like mini virus,2990,"",68,305,253,Betatorquevirus,MN770983.1,MN770983.1_1,678,20,Betatorquevirus
MN770973.1,TTV-like mini virus,Betatorquevirus,Anelloviridae,SAfiA-309-19,93678,TTV-like mini virus,2873,"",5,88,261,Betatorquevirus,MN770973.1,MN770973.1_1,657,15,Betatorquevirus
MN770971.1,TTV-like mini virus,Betatorquevirus,Anelloviridae,SAfiA-275-59,93678,TTV-like mini virus,2815,"",201,349,1964,Betatorquevirus,MN770971.1,MN770971.1_1,666,24,Betatorquevirus
MN770970.1,TTV-like mini virus,Betatorquevirus,Anelloviridae,SAfiA-263-10,93678,TTV-like mini virus,2964,"",1,5,1059,Betatorquevirus,MN770970.1,MN770970.1_1,665,10,Betatorquevirus
MN770967.1,TTV-like mini virus,Betatorquevirus,Anelloviridae,SAfiA-235-44,93678,TTV-like mini virus,2839,"",101,92,1837,Betatorquevirus,MN770967.1,MN770967.1_1,664,24,Betatorquevirus
MN770966.1,TTV-like mini virus,Betatorquevirus,Anelloviridae,SAfiA-231-8,93678,TTV-like mini virus,2893,"",5,26,82,Betatorquevirus,MN770966.1,MN770966.1_1,660,15,Betatorquevirus
MN770965.1,TTV-like mini virus,Betatorquevirus,Anelloviridae,SAfiA-113-22,93678,TTV-like mini virus,2859,"",15,93,574,Betatorquevirus,MN770965.1,MN770965.1_1,655,5,Betatorquevirus
MN770963.1,TTV-like mini virus,Betatorquevirus,Anelloviridae,SAfiA-895-8,93678,TTV-like mini virus,2855,"",233,916,1730,Betatorquevirus,MN770963.1,MN770963.1_1,655,2,Betatorquevirus
MN770962.1,TTV-like mini virus,Betatorquevirus,Anelloviridae,SAfiA-859-18,93678,TTV-like mini virus,2802,"",115,243,104,Betatorquevirus,MN770962.1,MN770962.1_1,655,2,Betatorquevirus
MN770959.1,TTV-like mini virus,Betatorquevirus,Anelloviridae,SAfiA-77-190,93678,TTV-like mini virus,2750,"",12,128,2137,Betatorquevirus,MN770959.1,MN770959.1_1,653,4,Betatorquevirus
MN770958.1,TTV-like mini virus,Betatorquevirus,Anelloviridae,SAfiA-763-4,93678,TTV-like mini virus,2856,"",120,387,1726,Betatorquevirus,MN770958.1,MN770958.1_1,655,5,Betatorquevirus
MN770957.1,TTV-like mini virus,Betatorquevirus,Anelloviridae,SAfiA-646-12,93678,TTV-like mini virus,2907,"",169,847,1347,Betatorquevirus,MN770957.1,MN770957.1_1,680,18,Betatorquevirus
MN770956.1,TTV-like mini virus,Betatorquevirus,Anelloviridae,SAfiA-642-39,93678,TTV-like mini virus,2798,"",86,62,512,Betatorquevirus,MN770956.1,MN770956.1_1,659,24,Betatorquevirus
MN770952.1,TTV-like mini virus,Betatorquevirus,Anelloviridae,SAfiA-589-21,93678,TTV-like mini virus,2821,"",160,503,1938,Betatorquevirus,MN770952.1,MN770952.1_1,666,24,Betatorquevirus
MN770946.1,TTV-like mini virus,Betatorquevirus,Anelloviridae,SAfiA-51-28,93678,TTV-like mini virus,2830,"",43,251,1891,Betatorquevirus,MN770946.1,MN770946.1_1,665,24,Betatorquevirus
MN770944.1,TTV-like mini virus,Betatorquevirus,Anelloviridae,SAfiA-479-8,93678,TTV-like mini virus,2948,"",1,701,1128,Betatorquevirus,MN770944.1,MN770944.1_1,665,10,Betatorquevirus
MN770940.1,TTV-like mini virus,Betatorquevirus,Anelloviridae,SAfiA-388-88,93678,TTV-like mini virus,2849,"",42,928,1769,Betatorquevirus,MN770940.1,MN770940.1_1,665,24,Betatorquevirus
MN770937.1,TTV-like mini virus,Betatorquevirus,Anelloviridae,SAfiA-380-73,93678,TTV-like mini virus,2785,"",92,125,2078,Betatorquevirus,MN770937.1,MN770937.1_1,644,2,Betatorquevirus
MN770936.1,TTV-like mini virus,Betatorquevirus,Anelloviridae,SAfiA-380-67,93678,TTV-like mini virus,2822,"",50,114,1931,Betatorquevirus,MN770936.1,MN770936.1_1,660,5,Betatorquevirus
MN770935.1,TTV-like mini virus,Betatorquevirus,Anelloviridae,SAfiA-37-9,93678,TTV-like mini virus,2813,"",202,355,1979,Betatorquevirus,MN770935.1,MN770935.1_1,665,24,Betatorquevirus
MN770933.1,TTV-like mini virus,Betatorquevirus,Anelloviridae,SAfiA-366-12,93678,TTV-like mini virus,2873,"",284,890,1612,Betatorquevirus,MN770933.1,MN770933.1_1,664,24,Betatorquevirus
MN770928.1,TTV-like mini virus,Betatorquevirus,Anelloviridae,SAfiA-335-3,93678,TTV-like mini virus,2900,"",2,361,1408,Betatorquevirus,MN770928.1,MN770928.1_1,668,16,Betatorquevirus
MN770926.1,TTV-like mini virus,Betatorquevirus,Anelloviridae,SAfiA-31-27,93678,TTV-like mini virus,2825,"",9,66,1914,Betatorquevirus,MN770926.1,MN770926.1_1,659,24,Betatorquevirus
MN770922.1,TTV-like mini virus,Betatorquevirus,Anelloviridae,SAfiA-124-42,93678,TTV-like mini virus,2796,"",364,980,2050,Betatorquevirus,MN770922.1,MN770922.1_1,640,3,Betatorquevirus
MN770920.1,TTV-like mini virus,Betatorquevirus,Anelloviridae,SAfiA-402-4,93678,TTV-like mini virus,2970,"",37,58,1049,Betatorquevirus,MN770920.1,MN770920.1_1,683,20,Betatorquevirus
MN770919.1,TTV-like mini virus,Betatorquevirus,Anelloviridae,SAfiA-91-23,93678,TTV-like mini virus,2867,"",143,203,1650,Betatorquevirus,MN770919.1,MN770919.1_1,664,16,Betatorquevirus
MN770918.1,TTV-like mini virus,Betatorquevirus,Anelloviridae,SAfiA-87-34,93678,TTV-like mini virus,2846,"",61,68,1794,Betatorquevirus,MN770918.1,MN770918.1_1,647,21,Betatorquevirus
MN770915.1,TTV-like mini virus,Betatorquevirus,Anelloviridae,SAfiA-647-8,93678,TTV-like mini virus,2902,"",52,32,1388,Betatorquevirus,MN770915.1,MN770915.1_1,668,11,Betatorquevirus
MN770914.1,TTV-like mini virus,Betatorquevirus,Anelloviridae,SAfiA-339-8,93678,TTV-like mini virus,2888,"",5,875,1507,Betatorquevirus,MN770914.1,MN770914.1_1,665,15,Betatorquevirus
MN770913.1,TTV-like mini virus,Betatorquevirus,Anelloviridae,SAfiA-94-15,93678,TTV-like mini virus,2930,"",336,827,1208,Betatorquevirus,MN770913.1,MN770913.1_1,675,12,Betatorquevirus
MN770912.1,TTV-like mini virus,Betatorquevirus,Anelloviridae,SAfiA-526-11,93678,TTV-like mini virus,2830,"",107,76,497,Betatorquevirus,MN770912.1,MN770912.1_1,644,3,Betatorquevirus
MN770910.1,TTV-like mini virus,Betatorquevirus,Anelloviridae,SAfiA-361-37,93678,TTV-like mini virus,2827,"",43,200,1898,Betatorquevirus,MN770910.1,MN770910.1_1,664,24,Betatorquevirus
MN770908.1,TTV-like mini virus,Betatorquevirus,Anelloviridae,SAfiA-321-5,93678,TTV-like mini virus,2989,"",6,553,998,Betatorquevirus,MN770908.1,MN770908.1_1,674,11,Betatorquevirus
MN770907.1,TTV-like mini virus,Betatorquevirus,Anelloviridae,SAfiA-311-20,93678,TTV-like mini virus,2795,"",0,320,99,Betatorquevirus,MN770907.1,MN770907.1_1,659,2,Betatorquevirus
MN770906.1,TTV-like mini virus,Betatorquevirus,Anelloviridae,SAfiA-651-15,93678,TTV-like mini virus,2927,"",1,342,1221,Betatorquevirus,MN770906.1,MN770906.1_1,675,10,Betatorquevirus
MN770905.1,TTV-like mini virus,Betatorquevirus,Anelloviridae,SAfiA-326-8,93678,TTV-like mini virus,2918,"",18,694,1271,Betatorquevirus,MN770905.1,MN770905.1_1,674,17,Betatorquevirus
MN770904.1,TTV-like mini virus,Betatorquevirus,Anelloviridae,SAfiA-867-312,93678,TTV-like mini virus,2897,"",29,377,1433,Betatorquevirus,MN770904.1,MN770904.1_1,662,21,Betatorquevirus
MN770901.1,TTV-like mini virus,Betatorquevirus,Anelloviridae,SAfiA-523-13,93678,TTV-like mini virus,2879,"",81,59,14,Betatorquevirus,MN770901.1,MN770901.1_1,654,19,Betatorquevirus
MN770897.1,TTV-like mini virus,Betatorquevirus,Anelloviridae,SAfiA-421-14,93678,TTV-like mini virus,2909,"",231,385,1336,Betatorquevirus,MN770897.1,MN770897.1_1,667,24,Betatorquevirus
MN770896.1,TTV-like mini virus,Betatorquevirus,Anelloviridae,SAfiA-481-7,93678,TTV-like mini virus,2948,"",217,815,1127,Betatorquevirus,MN770896.1,MN770896.1_1,673,14,Betatorquevirus
MN770895.1,TTV-like mini virus,Betatorquevirus,Anelloviridae,SAfiA-478-24,93678,TTV-like mini virus,2873,"",95,308,1611,Betatorquevirus,MN770895.1,MN770895.1_1,656,17,Betatorquevirus
MN770894.1,TTV-like mini virus,Betatorquevirus,Anelloviridae,SAfiA-380-31,93678,TTV-like mini virus,2876,"",95,308,1586,Betatorquevirus,MN770894.1,MN770894.1_1,657,17,Betatorquevirus
MN770890.1,TTV-like mini virus,Betatorquevirus,Anelloviridae,SAfiA-610-11,93678,TTV-like mini virus,2948,"",3,143,1126,Betatorquevirus,MN770890.1,MN770890.1_1,673,14,Betatorquevirus
MN770889.1,TTV-like mini virus,Betatorquevirus,Anelloviridae,SAfiA-590-59,93678,TTV-like mini virus,2840,"",240,560,1829,Betatorquevirus,MN770889.1,MN770889.1_1,640,19,Betatorquevirus
MN770888.1,TTV-like mini virus,Betatorquevirus,Anelloviridae,SAfiA-587-10,93678,TTV-like mini virus,2998,"",269,527,981,Betatorquevirus,MN770888.1,MN770888.1_1,677,22,Betatorquevirus
MN770885.1,TTV-like mini virus,Betatorquevirus,Anelloviridae,SAfiA-402-17,93678,TTV-like mini virus,2821,"",111,109,1937,Betatorquevirus,MN770885.1,MN770885.1_1,644,2,Betatorquevirus
MN770877.1,TTV-like mini virus,Betatorquevirus,Anelloviridae,SAfiA-684-6,93678,TTV-like mini virus,2892,"",227,435,214,Betatorquevirus,MN770877.1,MN770877.1_1,655,9,Betatorquevirus
MN770876.1,TTV-like mini virus,Betatorquevirus,Anelloviridae,SAfiA-640-16,93678,TTV-like mini virus,2905,"",18,22,587,Betatorquevirus,MN770876.1,MN770876.1_1,668,17,Betatorquevirus
MN770875.1,TTV-like mini virus,Betatorquevirus,Anelloviridae,SAfiA-484-10,93678,TTV-like mini virus,2869,"",193,898,1635,Betatorquevirus,MN770875.1,MN770875.1_1,665,9,Betatorquevirus
MN770869.1,TTV-like mini virus,Betatorquevirus,Anelloviridae,SAfiA-35-41,93678,TTV-like mini virus,2875,"",40,156,1598,Betatorquevirus,MN770869.1,MN770869.1_1,664,4,Betatorquevirus
MN770868.1,TTV-like mini virus,Betatorquevirus,Anelloviridae,SAfiA-32-2,93678,TTV-like mini virus,2900,"",148,175,33,Betatorquevirus,MN770868.1,MN770868.1_1,666,22,Betatorquevirus
MN770867.1,TTV-like mini virus,Betatorquevirus,Anelloviridae,SAfiA-272-12,93678,TTV-like mini virus,2846,"",125,166,1793,Betatorquevirus,MN770867.1,MN770867.1_1,653,5,Betatorquevirus
MN770866.1,TTV-like mini virus,Betatorquevirus,Anelloviridae,SAfiA-87-29,93678,TTV-like mini virus,2894,"",51,152,1455,Betatorquevirus,MN770866.1,MN770866.1_1,663,5,Betatorquevirus
MN770865.1,TTV-like mini virus,Betatorquevirus,Anelloviridae,SAfiA-587-64,93678,TTV-like mini virus,2863,"",49,20,1677,Betatorquevirus,MN770865.1,MN770865.1_1,653,13,Betatorquevirus
MN770864.1,TTV-like mini virus,Betatorquevirus,Anelloviridae,SAfiA-514-18,93678,TTV-like mini virus,2881,"",18,191,1545,Betatorquevirus,MN770864.1,MN770864.1_1,666,17,Betatorquevirus
MN770863.1,TTV-like mini virus,Betatorquevirus,Anelloviridae,SAfiA-502-11,93678,TTV-like mini virus,2922,"",80,653,557,Betatorquevirus,MN770863.1,MN770863.1_1,672,12,Betatorquevirus
MN770862.1,TTV-like mini virus,Betatorquevirus,Anelloviridae,SAfiA-380-17,93678,TTV-like mini virus,2952,"",44,615,401,Betatorquevirus,MN770862.1,MN770862.1_1,676,20,Betatorquevirus
MN770861.1,TTV-like mini virus,Betatorquevirus,Anelloviridae,SAfiA-369-22,93678,TTV-like mini virus,2886,"",90,502,1517,Betatorquevirus,MN770861.1,MN770861.1_1,659,21,Betatorquevirus
MN770860.1,TTV-like mini virus,Betatorquevirus,Anelloviridae,SAfiA-316-19,93678,TTV-like mini virus,2911,"",37,58,1322,Betatorquevirus,MN770860.1,MN770860.1_1,681,20,Betatorquevirus
MN770859.1,TTV-like mini virus,Betatorquevirus,Anelloviridae,SAfiA-314-26,93678,TTV-like mini virus,2894,"",142,150,1454,Betatorquevirus,MN770859.1,MN770859.1_1,664,17,Betatorquevirus
MN770856.1,TTV-like mini virus,Betatorquevirus,Anelloviridae,SAfiA-573-33,93678,TTV-like mini virus,2879,"",76,168,1557,Betatorquevirus,MN770856.1,MN770856.1_1,658,12,Betatorquevirus
MN770853.1,TTV-like mini virus,Betatorquevirus,Anelloviridae,SAfiA-393-21,93678,TTV-like mini virus,2846,"",58,620,422,Betatorquevirus,MN770853.1,MN770853.1_1,662,13,Betatorquevirus
MN770849.1,TTV-like mini virus,Betatorquevirus,Anelloviridae,SAfiA-327-11,93678,TTV-like mini virus,2935,"",11,35,569,Betatorquevirus,MN770849.1,MN770849.1_1,676,12,Betatorquevirus
MN770848.1,TTV-like mini virus,Betatorquevirus,Anelloviridae,SAfiA-316-20,93678,TTV-like mini virus,2912,"",18,120,1313,Betatorquevirus,MN770848.1,MN770848.1_1,671,17,Betatorquevirus
MN770844.1,TTV-like mini virus,Betatorquevirus,Anelloviridae,SAfiA-647-6,93678,TTV-like mini virus,2906,"",6,121,157,Betatorquevirus,MN770844.1,MN770844.1_1,668,11,Betatorquevirus
MN770836.1,TTV-like mini virus,Betatorquevirus,Anelloviridae,SAfiA-873-32,93678,TTV-like mini virus,2860,"",59,438,223,Betatorquevirus,MN770836.1,MN770836.1_1,656,15,Betatorquevirus
MN770834.1,TTV-like mini virus,Betatorquevirus,Anelloviridae,SAfiA-831-8,93678,TTV-like mini virus,2931,"",26,223,1203,Betatorquevirus,MN770834.1,MN770834.1_1,665,8,Betatorquevirus
MN770828.1,TTV-like mini virus,Betatorquevirus,Anelloviridae,SAfiA-577-131,93678,TTV-like mini virus,2824,"",53,953,1921,Betatorquevirus,MN770828.1,MN770828.1_1,661,2,Betatorquevirus
MN770827.1,TTV-like mini virus,Betatorquevirus,Anelloviridae,SAfiA-571-15,93678,TTV-like mini virus,2785,"",84,247,78,Betatorquevirus,MN770827.1,MN770827.1_1,645,2,Betatorquevirus
MN770823.1,TTV-like mini virus,Betatorquevirus,Anelloviridae,SAfiA-388-82,93678,TTV-like mini virus,2853,"",8,186,1742,Betatorquevirus,MN770823.1,MN770823.1_1,666,17,Betatorquevirus
MN770822.1,TTV-like mini virus,Betatorquevirus,Anelloviridae,SAfiA-388-64,93678,TTV-like mini virus,2871,"",133,896,1624,Betatorquevirus,MN770822.1,MN770822.1_1,663,24,Betatorquevirus
MN770821.1,TTV-like mini virus,Betatorquevirus,Anelloviridae,SAfiA-388-18,93678,TTV-like mini virus,2942,"",34,312,420,Betatorquevirus,MN770821.1,MN770821.1_1,666,22,Betatorquevirus
MN770819.1,TTV-like mini virus,Betatorquevirus,Anelloviridae,SAfiA-367-32,93678,TTV-like mini virus,2830,"",9,148,1890,Betatorquevirus,MN770819.1,MN770819.1_1,661,24,Betatorquevirus
MN770817.1,TTV-like mini virus,Betatorquevirus,Anelloviridae,SAfiA-35-56,93678,TTV-like mini virus,2850,"",40,614,396,Betatorquevirus,MN770817.1,MN770817.1_1,659,4,Betatorquevirus
MN770815.1,TTV-like mini virus,Betatorquevirus,Anelloviridae,SAfiA-35-20,93678,TTV-like mini virus,2926,"",343,829,1225,Betatorquevirus,MN770815.1,MN770815.1_1,674,8,Betatorquevirus
MN770814.1,TTV-like mini virus,Betatorquevirus,Anelloviridae,SAfiA-350-30,93678,TTV-like mini virus,2845,"",59,931,1799,Betatorquevirus,MN770814.1,MN770814.1_1,659,15,Betatorquevirus
MN770813.1,TTV-like mini virus,Betatorquevirus,Anelloviridae,SAfiA-338-12,93678,TTV-like mini virus,2924,"",80,158,1234,Betatorquevirus,MN770813.1,MN770813.1_1,670,12,Betatorquevirus
MN770812.1,TTV-like mini virus,Betatorquevirus,Anelloviridae,SAfiA-326-21,93678,TTV-like mini virus,2807,"",84,321,103,Betatorquevirus,MN770812.1,MN770812.1_1,646,2,Betatorquevirus
MN770811.1,TTV-like mini virus,Betatorquevirus,Anelloviridae,SAfiA-325-26,93678,TTV-like mini virus,2804,"",242,972,2023,Betatorquevirus,MN770811.1,MN770811.1_1,652,2,Betatorquevirus
MN770809.1,TTV-like mini virus,Betatorquevirus,Anelloviridae,SAfiA-319-18,93678,TTV-like mini virus,2880,"",5,684,1549,Betatorquevirus,MN770809.1,MN770809.1_1,663,15,Betatorquevirus
MN770808.1,TTV-like mini virus,Betatorquevirus,Anelloviridae,SAfiA-311-14,93678,TTV-like mini virus,2890,"",60,182,1487,Betatorquevirus,MN770808.1,MN770808.1_1,671,20,Betatorquevirus
MN770807.1,TTV-like mini virus,Betatorquevirus,Anelloviridae,SAfiA-274-30,93678,TTV-like mini virus,2872,"",133,434,212,Betatorquevirus,MN770807.1,MN770807.1_1,671,24,Betatorquevirus
MN770805.1,TTV-like mini virus,Betatorquevirus,Anelloviridae,SAfiA-124-34,93678,TTV-like mini virus,2840,"",9,369,1828,Betatorquevirus,MN770805.1,MN770805.1_1,665,24,Betatorquevirus
MN770801.1,TTV-like mini virus,Betatorquevirus,Anelloviridae,SAfiA-94-14,93678,TTV-like mini virus,2962,"",4,577,1067,Betatorquevirus,MN770801.1,MN770801.1_1,672,10,Betatorquevirus
MN770800.1,TTV-like mini virus,Betatorquevirus,Anelloviridae,SAfiA-91-18,93678,TTV-like mini virus,2907,"",1,273,580,Betatorquevirus,MN770800.1,MN770800.1_1,672,10,Betatorquevirus
MN770795.1,TTV-like mini virus,Betatorquevirus,Anelloviridae,SAfiA-88-19,93678,TTV-like mini virus,2888,"",27,40,1506,Betatorquevirus,MN770795.1,MN770795.1_1,665,13,Betatorquevirus
MN770794.1,TTV-like mini virus,Betatorquevirus,Anelloviridae,SAfiA-87-40,93678,TTV-like mini virus,2834,"",50,13,1864,Betatorquevirus,MN770794.1,MN770794.1_1,664,5,Betatorquevirus
MN770792.1,TTV-like mini virus,Betatorquevirus,Anelloviridae,SAfiA-87-26,93678,TTV-like mini virus,2901,"",204,342,321,Betatorquevirus,MN770792.1,MN770792.1_1,667,10,Betatorquevirus
MN770790.1,TTV-like mini virus,Betatorquevirus,Anelloviridae,SAfiA-866-417,93678,TTV-like mini virus,2889,"",2,570,1500,Betatorquevirus,MN770790.1,MN770790.1_1,668,16,Betatorquevirus
MN770789.1,TTV-like mini virus,Betatorquevirus,Anelloviridae,SAfiA-865-117,93678,TTV-like mini virus,2827,"",99,418,1897,Betatorquevirus,MN770789.1,MN770789.1_1,655,2,Betatorquevirus
MN770788.1,TTV-like mini virus,Betatorquevirus,Anelloviridae,SAfiA-861-154,93678,TTV-like mini virus,2911,"",31,483,1321,Betatorquevirus,MN770788.1,MN770788.1_1,661,16,Betatorquevirus
MN770786.1,TTV-like mini virus,Betatorquevirus,Anelloviridae,SAfiA-857-189,93678,TTV-like mini virus,2949,"",23,47,1123,Betatorquevirus,MN770786.1,MN770786.1_1,673,12,Betatorquevirus
MN770783.1,TTV-like mini virus,Betatorquevirus,Anelloviridae,SAfiA-850-13,93678,TTV-like mini virus,2902,"",4,209,427,Betatorquevirus,MN770783.1,MN770783.1_1,671,10,Betatorquevirus
MN770782.1,TTV-like mini virus,Betatorquevirus,Anelloviridae,SAfiA-842-8,93678,TTV-like mini virus,2842,"",5,26,1813,Betatorquevirus,MN770782.1,MN770782.1_1,656,15,Betatorquevirus
MN770781.1,TTV-like mini virus,Betatorquevirus,Anelloviridae,SAfiA-842-5,93678,TTV-like mini virus,2925,"",52,32,83,Betatorquevirus,MN770781.1,MN770781.1_1,669,11,Betatorquevirus
MN770779.1,TTV-like mini virus,Betatorquevirus,Anelloviridae,SAfiA-833-10,93678,TTV-like mini virus,2923,"",10,94,1240,Betatorquevirus,MN770779.1,MN770779.1_1,664,13,Betatorquevirus
MN770778.1,TTV-like mini virus,Betatorquevirus,Anelloviridae,SAfiA-823-4,93678,TTV-like mini virus,2851,"",19,925,1755,Betatorquevirus,MN770778.1,MN770778.1_1,654,16,Betatorquevirus
MN770776.1,TTV-like mini virus,Betatorquevirus,Anelloviridae,SAfiA-819-15,93678,TTV-like mini virus,2908,"",17,84,169,Betatorquevirus,MN770776.1,MN770776.1_1,673,7,Betatorquevirus
MN770770.1,TTV-like mini virus,Betatorquevirus,Anelloviridae,SAfiA-803-5,93678,TTV-like mini virus,2972,"",38,147,91,Betatorquevirus,MN770770.1,MN770770.1_1,670,12,Betatorquevirus
MN770761.1,TTV-like mini virus,Betatorquevirus,Anelloviridae,SAfiA-765-7,93678,TTV-like mini virus,2881,"",133,884,1544,Betatorquevirus,MN770761.1,MN770761.1_1,674,24,Betatorquevirus
MN770760.1,TTV-like mini virus,Betatorquevirus,Anelloviridae,SAfiA-739-1,93678,TTV-like mini virus,2887,"",40,116,1513,Betatorquevirus,MN770760.1,MN770760.1_1,660,4,Betatorquevirus
MN770758.1,TTV-like mini virus,Betatorquevirus,Anelloviridae,SAfiA-73-2,93678,TTV-like mini virus,3020,"",38,86,954,Betatorquevirus,MN770758.1,MN770758.1_1,679,12,Betatorquevirus
MN770753.1,TTV-like mini virus,Betatorquevirus,Anelloviridae,SAfiA-690-3,93678,TTV-like mini virus,2902,"",80,851,1387,Betatorquevirus,MN770753.1,MN770753.1_1,671,12,Betatorquevirus
MN770750.1,TTV-like mini virus,Betatorquevirus,Anelloviridae,SAfiA-687-5,93678,TTV-like mini virus,2966,"",1,454,264,Betatorquevirus,MN770750.1,MN770750.1_1,676,10,Betatorquevirus
MN770748.1,TTV-like mini virus,Betatorquevirus,Anelloviridae,SAfiA-686-3,93678,TTV-like mini virus,2974,"",34,38,123,Betatorquevirus,MN770748.1,MN770748.1_1,507,22,Betatorquevirus
MN770740.1,TTV-like mini virus,Betatorquevirus,Anelloviridae,SAfiA-666-8,93678,TTV-like mini virus,2914,"",27,611,369,Betatorquevirus,MN770740.1,MN770740.1_1,669,13,Betatorquevirus
MN770737.1,TTV-like mini virus,Betatorquevirus,Anelloviridae,SAfiA-652-7,93678,TTV-like mini virus,2901,"",18,22,493,Betatorquevirus,MN770737.1,MN770737.1_1,668,17,Betatorquevirus
MN770736.1,TTV-like mini virus,Betatorquevirus,Anelloviridae,SAfiA-651-33,93678,TTV-like mini virus,2806,"",61,275,2016,Betatorquevirus,MN770736.1,MN770736.1_1,647,21,Betatorquevirus
MN770733.1,TTV-like mini virus,Betatorquevirus,Anelloviridae,SAfiA-646-7,93678,TTV-like mini virus,2931,"",88,826,1202,Betatorquevirus,MN770733.1,MN770733.1_1,661,10,Betatorquevirus
MN770732.1,TTV-like mini virus,Betatorquevirus,Anelloviridae,SAfiA-646-5,93678,TTV-like mini virus,2995,"",36,181,989,Betatorquevirus,MN770732.1,MN770732.1_1,681,20,Betatorquevirus
MN770728.1,TTV-like mini virus,Betatorquevirus,Anelloviridae,SAfiA-634-22,93678,TTV-like mini virus,2787,"",0,60,2073,Betatorquevirus,MN770728.1,MN770728.1_1,649,2,Betatorquevirus
MN770726.1,TTV-like mini virus,Betatorquevirus,Anelloviridae,SAfiA-630A-29,93678,TTV-like mini virus,2837,"",41,101,480,Betatorquevirus,MN770726.1,MN770726.1_1,670,25,Betatorquevirus
MN770725.1,TTV-like mini virus,Betatorquevirus,Anelloviridae,SAfiA-626-13,93678,TTV-like mini virus,2978,"",271,552,1029,Betatorquevirus,MN770725.1,MN770725.1_1,676,18,Betatorquevirus
MN770724.1,TTV-like mini virus,Betatorquevirus,Anelloviridae,SAfiA-624-14,93678,TTV-like mini virus,2874,"",144,218,1607,Betatorquevirus,MN770724.1,MN770724.1_1,648,19,Betatorquevirus
MN770719.1,TTV-like mini virus,Betatorquevirus,Anelloviridae,SAfiA-615-600,93678,TTV-like mini virus,2951,"",126,704,1113,Betatorquevirus,MN770719.1,MN770719.1_1,675,5,Betatorquevirus
MN770717.1,TTV-like mini virus,Betatorquevirus,Anelloviridae,SAfiA-610-15,93678,TTV-like mini virus,2878,"",5,88,1565,Betatorquevirus,MN770717.1,MN770717.1_1,659,15,Betatorquevirus
MN770714.1,TTV-like mini virus,Betatorquevirus,Anelloviridae,SAfiA-5A-18,93678,TTV-like mini virus,2725,"",366,998,2149,Betatorquevirus,MN770714.1,MN770714.1_1,641,2,Betatorquevirus
MN770713.1,TTV-like mini virus,Betatorquevirus,Anelloviridae,SAfiA-5A-14,93678,TTV-like mini virus,2853,"",15,394,1741,Betatorquevirus,MN770713.1,MN770713.1_1,656,5,Betatorquevirus
MN770711.1,TTV-like mini virus,Betatorquevirus,Anelloviridae,SAfiA-591-9,93678,TTV-like mini virus,2886,"",27,119,1516,Betatorquevirus,MN770711.1,MN770711.1_1,667,13,Betatorquevirus
MN770710.1,TTV-like mini virus,Betatorquevirus,Anelloviridae,SAfiA-590-63,93678,TTV-like mini virus,2834,"",48,680,1863,Betatorquevirus,MN770710.1,MN770710.1_1,643,19,Betatorquevirus
MN770708.1,TTV-like mini virus,Betatorquevirus,Anelloviridae,SAfiA-590-54,93678,TTV-like mini virus,2855,"",90,127,1729,Betatorquevirus,MN770708.1,MN770708.1_1,655,21,Betatorquevirus
MN770707.1,TTV-like mini virus,Betatorquevirus,Anelloviridae,SAfiA-590-46,93678,TTV-like mini virus,2879,"",147,885,1556,Betatorquevirus,MN770707.1,MN770707.1_1,668,7,Betatorquevirus
MN770706.1,TTV-like mini virus,Betatorquevirus,Anelloviridae,SAfiA-590-42,93678,TTV-like mini virus,2897,"",17,352,1432,Betatorquevirus,MN770706.1,MN770706.1_1,673,7,Betatorquevirus
MN770703.1,TTV-like mini virus,Betatorquevirus,Anelloviridae,SAfiA-587-95,93678,TTV-like mini virus,2808,"",99,674,2007,Betatorquevirus,MN770703.1,MN770703.1_1,655,2,Betatorquevirus
MN770702.1,TTV-like mini virus,Betatorquevirus,Anelloviridae,SAfiA-587-9,93678,TTV-like mini virus,2999,"",3,414,978,Betatorquevirus,MN770702.1,MN770702.1_1,675,14,Betatorquevirus
MN770701.1,TTV-like mini virus,Betatorquevirus,Anelloviridae,SAfiA-587-42,93678,TTV-like mini virus,2908,"",18,366,1342,Betatorquevirus,MN770701.1,MN770701.1_1,669,17,Betatorquevirus
MN770700.1,TTV-like mini virus,Betatorquevirus,Anelloviridae,SAfiA-587-25,93678,TTV-like mini virus,2943,"",1,27,457,Betatorquevirus,MN770700.1,MN770700.1_1,683,10,Betatorquevirus
MN770698.1,TTV-like mini virus,Betatorquevirus,Anelloviridae,SAfiA-587-124,93678,TTV-like mini virus,2808,"",370,969,2006,Betatorquevirus,MN770698.1,MN770698.1_1,651,2,Betatorquevirus
MN770697.1,TTV-like mini virus,Betatorquevirus,Anelloviridae,SAfiA-584-8,93678,TTV-like mini virus,2968,"",38,86,1052,Betatorquevirus,MN770697.1,MN770697.1_1,679,12,Betatorquevirus
MN770696.1,TTV-like mini virus,Betatorquevirus,Anelloviridae,SAfiA-583-16,93678,TTV-like mini virus,2813,"",0,214,1978,Betatorquevirus,MN770696.1,MN770696.1_1,655,2,Betatorquevirus
MN770695.1,TTV-like mini virus,Betatorquevirus,Anelloviridae,SAfiA-583-13,93678,TTV-like mini virus,2859,"",15,394,1709,Betatorquevirus,MN770695.1,MN770695.1_1,658,5,Betatorquevirus
MN770692.1,TTV-like mini virus,Betatorquevirus,Anelloviridae,SAfiA-581-39,93678,TTV-like mini virus,2801,"",115,243,626,Betatorquevirus,MN770692.1,MN770692.1_1,655,2,Betatorquevirus
MN770687.1,TTV-like mini virus,Betatorquevirus,Anelloviridae,SAfiA-577-89,93678,TTV-like mini virus,2904,"",69,56,392,Betatorquevirus,MN770687.1,MN770687.1_1,667,19,Betatorquevirus
MN770685.1,TTV-like mini virus,Betatorquevirus,Anelloviridae,SAfiA-577-185,93678,TTV-like mini virus,2831,"",164,468,1882,Betatorquevirus,MN770685.1,MN770685.1_1,649,21,Betatorquevirus
MN770684.1,TTV-like mini virus,Betatorquevirus,Anelloviridae,SAfiA-577-129,93678,TTV-like mini virus,2824,"",291,569,1920,Betatorquevirus,MN770684.1,MN770684.1_1,650,2,Betatorquevirus
MN770683.1,TTV-like mini virus,Betatorquevirus,Anelloviridae,SAfiA-577-109,93678,TTV-like mini virus,2893,"",51,152,1465,Betatorquevirus,MN770683.1,MN770683.1_1,663,5,Betatorquevirus
MN770682.1,TTV-like mini virus,Betatorquevirus,Anelloviridae,SAfiA-577-106,93678,TTV-like mini virus,2856,"",219,415,428,Betatorquevirus,MN770682.1,MN770682.1_1,662,5,Betatorquevirus
MN770678.1,TTV-like mini virus,Betatorquevirus,Anelloviridae,SAfiA-57-40,93678,TTV-like mini virus,2853,"",229,922,1740,Betatorquevirus,MN770678.1,MN770678.1_1,668,24,Betatorquevirus
MN770673.1,TTV-like mini virus,Betatorquevirus,Anelloviridae,SAfiA-573-24,93678,TTV-like mini virus,2900,"",4,233,1407,Betatorquevirus,MN770673.1,MN770673.1_1,662,10,Betatorquevirus
MN770672.1,TTV-like mini virus,Betatorquevirus,Anelloviridae,SAfiA-573-19,93678,TTV-like mini virus,2988,"",271,552,1002,Betatorquevirus,MN770672.1,MN770672.1_1,676,18,Betatorquevirus
MN770671.1,TTV-like mini virus,Betatorquevirus,Anelloviridae,SAfiA-572-34,93678,TTV-like mini virus,2825,"",236,638,519,Betatorquevirus,MN770671.1,MN770671.1_1,647,19,Betatorquevirus
MN770670.1,TTV-like mini virus,Betatorquevirus,Anelloviridae,SAfiA-572-18,93678,TTV-like mini virus,2971,"",22,17,381,Betatorquevirus,MN770670.1,MN770670.1_1,674,11,Betatorquevirus
MN770663.1,TTV-like mini virus,Betatorquevirus,Anelloviridae,SAfiA-558-8,93678,TTV-like mini virus,2904,"",1,563,1370,Betatorquevirus,MN770663.1,MN770663.1_1,665,10,Betatorquevirus
MN770662.1,TTV-like mini virus,Betatorquevirus,Anelloviridae,SAfiA-552-22,93678,TTV-like mini virus,2884,"",147,586,1530,Betatorquevirus,MN770662.1,MN770662.1_1,671,7,Betatorquevirus
MN770660.1,TTV-like mini virus,Betatorquevirus,Anelloviridae,SAfiA-542-31,93678,TTV-like mini virus,2872,"",19,891,1616,Betatorquevirus,MN770660.1,MN770660.1_1,664,16,Betatorquevirus
MN770659.1,TTV-like mini virus,Betatorquevirus,Anelloviridae,SAfiA-542-25,93678,TTV-like mini virus,2942,"",3,67,1148,Betatorquevirus,MN770659.1,MN770659.1_1,680,14,Betatorquevirus
MN770658.1,TTV-like mini virus,Betatorquevirus,Anelloviridae,SAfiA-542-20,93678,TTV-like mini virus,2945,"",26,155,1142,Betatorquevirus,MN770658.1,MN770658.1_1,666,8,Betatorquevirus
MN770656.1,TTV-like mini virus,Betatorquevirus,Anelloviridae,SAfiA-536-4,93678,TTV-like mini virus,2937,"",166,820,1175,Betatorquevirus,MN770656.1,MN770656.1_1,683,18,Betatorquevirus
MN770655.1,TTV-like mini virus,Betatorquevirus,Anelloviridae,SAfiA-536-10,93678,TTV-like mini virus,2811,"",160,400,1987,Betatorquevirus,MN770655.1,MN770655.1_1,664,24,Betatorquevirus
MN770653.1,TTV-like mini virus,Betatorquevirus,Anelloviridae,SAfiA-532-12,93678,TTV-like mini virus,2819,"",78,25,350,Betatorquevirus,MN770653.1,MN770653.1_1,636,3,Betatorquevirus
MN770652.1,TTV-like mini virus,Betatorquevirus,Anelloviridae,SAfiA-529-16,93678,TTV-like mini virus,2793,"",131,165,2059,Betatorquevirus,MN770652.1,MN770652.1_1,648,2,Betatorquevirus
MN770651.1,TTV-like mini virus,Betatorquevirus,Anelloviridae,SAfiA-523-9,93678,TTV-like mini virus,2922,"",1,132,113,Betatorquevirus,MN770651.1,MN770651.1_1,671,10,Betatorquevirus
MN770650.1,TTV-like mini virus,Betatorquevirus,Anelloviridae,SAfiA-521-7,93678,TTV-like mini virus,3018,"",38,86,956,Betatorquevirus,MN770650.1,MN770650.1_1,679,12,Betatorquevirus
MN770649.1,TTV-like mini virus,Betatorquevirus,Anelloviridae,SAfiA-521-10,93678,TTV-like mini virus,2921,"",195,481,1254,Betatorquevirus,MN770649.1,MN770649.1_1,670,16,Betatorquevirus
MN770647.1,TTV-like mini virus,Betatorquevirus,Anelloviridae,SAfiA-51-21,93678,TTV-like mini virus,2926,"",1,273,1224,Betatorquevirus,MN770647.1,MN770647.1_1,671,10,Betatorquevirus
MN770646.1,TTV-like mini virus,Betatorquevirus,Anelloviridae,SAfiA-511-14,93678,TTV-like mini virus,2836,"",0,528,1855,Betatorquevirus,MN770646.1,MN770646.1_1,662,2,Betatorquevirus
MN770644.1,TTV-like mini virus,Betatorquevirus,Anelloviridae,SAfiA-500-26,93678,TTV-like mini virus,2928,"",1,110,1217,Betatorquevirus,MN770644.1,MN770644.1_1,676,10,Betatorquevirus
MN770632.1,TTV-like mini virus,Betatorquevirus,Anelloviridae,SAfiA-454-6,93678,TTV-like mini virus,2898,"",182,858,1421,Betatorquevirus,MN770632.1,MN770632.1_1,661,13,Betatorquevirus
MN770631.1,TTV-like mini virus,Betatorquevirus,Anelloviridae,SAfiA-446-11,93678,TTV-like mini virus,2905,"",2,605,345,Betatorquevirus,MN770631.1,MN770631.1_1,672,16,Betatorquevirus
MN770630.1,TTV-like mini virus,Betatorquevirus,Anelloviridae,SAfiA-445-4,93678,TTV-like mini virus,2955,"",37,48,504,Betatorquevirus,MN770630.1,MN770630.1_1,666,20,Betatorquevirus
MN770627.1,TTV-like mini virus,Betatorquevirus,Anelloviridae,SAfiA-435-5,93678,TTV-like mini virus,2865,"",48,23,1664,Betatorquevirus,MN770627.1,MN770627.1_1,654,19,Betatorquevirus
MN770626.1,TTV-like mini virus,Betatorquevirus,Anelloviridae,SAfiA-427-5,93678,TTV-like mini virus,2892,"",21,229,131,Betatorquevirus,MN770626.1,MN770626.1_1,664,4,Betatorquevirus
MN770624.1,TTV-like mini virus,Betatorquevirus,Anelloviridae,SAfiA-418-16,93678,TTV-like mini virus,2897,"",1,102,558,Betatorquevirus,MN770624.1,MN770624.1_1,663,10,Betatorquevirus
MN770623.1,TTV-like mini virus,Betatorquevirus,Anelloviridae,SAfiA-402-6,93678,TTV-like mini virus,2962,"",11,802,1066,Betatorquevirus,MN770623.1,MN770623.1_1,677,12,Betatorquevirus
MN770622.1,TTV-like mini virus,Betatorquevirus,Anelloviridae,SAfiA-401-33,93678,TTV-like mini virus,2769,"",7,398,2114,Betatorquevirus,MN770622.1,MN770622.1_1,682,20,Betatorquevirus
MN770617.1,TTV-like mini virus,Betatorquevirus,Anelloviridae,SAfiA-398-15,93678,TTV-like mini virus,2947,"",34,38,1132,Betatorquevirus,MN770617.1,MN770617.1_1,674,22,Betatorquevirus
MN770614.1,TTV-like mini virus,Betatorquevirus,Anelloviridae,SAfiA-39-3,93678,TTV-like mini virus,2904,"",1,563,1369,Betatorquevirus,MN770614.1,MN770614.1_1,665,10,Betatorquevirus
MN770610.1,TTV-like mini virus,Betatorquevirus,Anelloviridae,SAfiA-388-86,93678,TTV-like mini virus,2913,"",31,481,1303,Betatorquevirus,MN770610.1,MN770610.1_1,666,16,Betatorquevirus
MN770608.1,TTV-like mini virus,Betatorquevirus,Anelloviridae,SAfiA-388-66,93678,TTV-like mini virus,2873,"",144,218,1610,Betatorquevirus,MN770608.1,MN770608.1_1,540,19,Betatorquevirus
MN770607.1,TTV-like mini virus,Betatorquevirus,Anelloviridae,SAfiA-388-59,93678,TTV-like mini virus,2884,"",17,880,1529,Betatorquevirus,MN770607.1,MN770607.1_1,666,7,Betatorquevirus
MN770603.1,TTV-like mini virus,Betatorquevirus,Anelloviridae,SAfiA-388-39,93678,TTV-like mini virus,2907,"",345,846,1346,Betatorquevirus,MN770603.1,MN770603.1_1,671,18,Betatorquevirus
MN770602.1,TTV-like mini virus,Betatorquevirus,Anelloviridae,SAfiA-388-34,93678,TTV-like mini virus,2910,"",18,120,1329,Betatorquevirus,MN770602.1,MN770602.1_1,671,17,Betatorquevirus
MN770601.1,TTV-like mini virus,Betatorquevirus,Anelloviridae,SAfiA-388-25,93678,TTV-like mini virus,2933,"",140,635,500,Betatorquevirus,MN770601.1,MN770601.1_1,672,5,Betatorquevirus
MN770600.1,TTV-like mini virus,Betatorquevirus,Anelloviridae,SAfiA-388-155,93678,TTV-like mini virus,2813,"",45,610,368,Betatorquevirus,MN770600.1,MN770600.1_1,643,2,Betatorquevirus
MN770598.1,TTV-like mini virus,Betatorquevirus,Anelloviridae,SAfiA-388-132,93678,TTV-like mini virus,2871,"",87,895,1623,Betatorquevirus,MN770598.1,MN770598.1_1,653,2,Betatorquevirus
MN770597.1,TTV-like mini virus,Betatorquevirus,Anelloviridae,SAfiA-388-130,93678,TTV-like mini virus,2821,"",50,114,348,Betatorquevirus,MN770597.1,MN770597.1_1,660,5,Betatorquevirus
MN770593.1,TTV-like mini virus,Betatorquevirus,Anelloviridae,SAfiA-388-109,93678,TTV-like mini virus,2895,"",61,502,1448,Betatorquevirus,MN770593.1,MN770593.1_1,657,21,Betatorquevirus
MN770590.1,TTV-like mini virus,Betatorquevirus,Anelloviridae,SAfiA-383-1,93678,TTV-like mini virus,2915,"",2,640,524,Betatorquevirus,MN770590.1,MN770590.1_1,587,16,Betatorquevirus
MN770589.1,TTV-like mini virus,Betatorquevirus,Anelloviridae,SAfiA-380-62,93678,TTV-like mini virus,2853,"",46,499,1739,Betatorquevirus,MN770589.1,MN770589.1_1,665,17,Betatorquevirus
MN770588.1,TTV-like mini virus,Betatorquevirus,Anelloviridae,SAfiA-380-53,93678,TTV-like mini virus,2815,"",102,675,1963,Betatorquevirus,MN770588.1,MN770588.1_1,652,25,Betatorquevirus
MN770585.1,TTV-like mini virus,Betatorquevirus,Anelloviridae,SAfiA-37-6,93678,TTV-like mini virus,2896,"",30,448,242,Betatorquevirus,MN770585.1,MN770585.1_1,674,7,Betatorquevirus
MN770584.1,TTV-like mini virus,Betatorquevirus,Anelloviridae,SAfiA-373-17,93678,TTV-like mini virus,2874,"",21,648,540,Betatorquevirus,MN770584.1,MN770584.1_1,662,4,Betatorquevirus
MN770581.1,TTV-like mini virus,Betatorquevirus,Anelloviridae,SAfiA-367-21,93678,TTV-like mini virus,2940,"",129,347,343,Betatorquevirus,MN770581.1,MN770581.1_1,676,8,Betatorquevirus
MN770579.1,TTV-like mini virus,Betatorquevirus,Anelloviridae,SAfiA-362-9,93678,TTV-like mini virus,2953,"",57,282,1109,Betatorquevirus,MN770579.1,MN770579.1_1,670,22,Betatorquevirus
MN770577.1,TTV-like mini virus,Betatorquevirus,Anelloviridae,SAfiA-362-23,93678,TTV-like mini virus,2790,"",131,165,2068,Betatorquevirus,MN770577.1,MN770577.1_1,647,2,Betatorquevirus
MN770576.1,TTV-like mini virus,Betatorquevirus,Anelloviridae,SAfiA-361-33,93678,TTV-like mini virus,2825,"",9,556,1913,Betatorquevirus,MN770576.1,MN770576.1_1,661,24,Betatorquevirus
MN770569.1,TTV-like mini virus,Betatorquevirus,Anelloviridae,SAfiA-35-43,93678,TTV-like mini virus,2901,"",18,22,234,Betatorquevirus,MN770569.1,MN770569.1_1,668,17,Betatorquevirus
MN770567.1,TTV-like mini virus,Betatorquevirus,Anelloviridae,SAfiA-353-122,93678,TTV-like mini virus,2586,"",85,37,2187,Betatorquevirus,MN770567.1,MN770567.1_1,644,2,Betatorquevirus
MN770565.1,TTV-like mini virus,Betatorquevirus,Anelloviridae,SAfiA-352-14,93678,TTV-like mini virus,2840,"",82,378,1827,Betatorquevirus,MN770565.1,MN770565.1_1,656,19,Betatorquevirus
MN770564.1,TTV-like mini virus,Betatorquevirus,Anelloviridae,SAfiA-352-10,93678,TTV-like mini virus,2946,"",149,396,1139,Betatorquevirus,MN770564.1,MN770564.1_1,668,8,Betatorquevirus
MN770563.1,TTV-like mini virus,Betatorquevirus,Anelloviridae,SAfiA-350-24,93678,TTV-like mini virus,2902,"",277,574,1386,Betatorquevirus,MN770563.1,MN770563.1_1,666,8,Betatorquevirus
MN770560.1,TTV-like mini virus,Betatorquevirus,Anelloviridae,SAfiA-349-46,93678,TTV-like mini virus,2735,"",373,997,2147,Betatorquevirus,MN770560.1,MN770560.1_1,644,2,Betatorquevirus
MN770559.1,TTV-like mini virus,Betatorquevirus,Anelloviridae,SAfiA-349-31,93678,TTV-like mini virus,2891,"",182,601,333,Betatorquevirus,MN770559.1,MN770559.1_1,664,13,Betatorquevirus
MN770558.1,TTV-like mini virus,Betatorquevirus,Anelloviridae,SAfiA-349-13,93678,TTV-like mini virus,2942,"",189,416,1147,Betatorquevirus,MN770558.1,MN770558.1_1,676,18,Betatorquevirus
MN770556.1,TTV-like mini virus,Betatorquevirus,Anelloviridae,SAfiA-345-9,93678,TTV-like mini virus,2933,"",162,297,1191,Betatorquevirus,MN770556.1,MN770556.1_1,672,11,Betatorquevirus
MN770555.1,TTV-like mini virus,Betatorquevirus,Anelloviridae,SAfiA-342-14,93678,TTV-like mini virus,2905,"",18,120,1361,Betatorquevirus,MN770555.1,MN770555.1_1,669,17,Betatorquevirus
MN770554.1,TTV-like mini virus,Betatorquevirus,Anelloviridae,SAfiA-342-12,93678,TTV-like mini virus,2896,"",18,386,426,Betatorquevirus,MN770554.1,MN770554.1_1,667,17,Betatorquevirus
MN770552.1,TTV-like mini virus,Betatorquevirus,Anelloviridae,SAfiA-341-16,93678,TTV-like mini virus,2841,"",39,65,1820,Betatorquevirus,MN770552.1,MN770552.1_1,652,2,Betatorquevirus
MN770546.1,TTV-like mini virus,Betatorquevirus,Anelloviridae,SAfiA-33-16,93678,TTV-like mini virus,2897,"",164,259,1431,Betatorquevirus,MN770546.1,MN770546.1_1,652,21,Betatorquevirus
MN770544.1,TTV-like mini virus,Betatorquevirus,Anelloviridae,SAfiA-331-16,93678,TTV-like mini virus,2908,"",69,56,1341,Betatorquevirus,MN770544.1,MN770544.1_1,668,19,Betatorquevirus
MN770543.1,TTV-like mini virus,Betatorquevirus,Anelloviridae,SAfiA-330-8,93678,TTV-like mini virus,2911,"",52,32,252,Betatorquevirus,MN770543.1,MN770543.1_1,671,11,Betatorquevirus
MN770541.1,TTV-like mini virus,Betatorquevirus,Anelloviridae,SAfiA-330-4,93678,TTV-like mini virus,2998,"",7,440,227,Betatorquevirus,MN770541.1,MN770541.1_1,680,20,Betatorquevirus
MN770538.1,TTV-like mini virus,Betatorquevirus,Anelloviridae,SAfiA-327-15,93678,TTV-like mini virus,2899,"",106,142,556,Betatorquevirus,MN770538.1,MN770538.1_1,669,16,Betatorquevirus
MN770537.1,TTV-like mini virus,Betatorquevirus,Anelloviridae,SAfiA-327-14,93678,TTV-like mini virus,2900,"",17,690,1406,Betatorquevirus,MN770537.1,MN770537.1_1,670,7,Betatorquevirus
MN770535.1,TTV-like mini virus,Betatorquevirus,Anelloviridae,SAfiA-325-19,93678,TTV-like mini virus,2871,"",242,339,1622,Betatorquevirus,MN770535.1,MN770535.1_1,651,2,Betatorquevirus
MN770533.1,TTV-like mini virus,Betatorquevirus,Anelloviridae,SAfiA-324-18,93678,TTV-like mini virus,2844,"",274,584,1804,Betatorquevirus,MN770533.1,MN770533.1_1,664,5,Betatorquevirus
MN770532.1,TTV-like mini virus,Betatorquevirus,Anelloviridae,SAfiA-321-7,93678,TTV-like mini virus,2954,"",36,809,1099,Betatorquevirus,MN770532.1,MN770532.1_1,669,20,Betatorquevirus
MN770531.1,TTV-like mini virus,Betatorquevirus,Anelloviridae,SAfiA-32-1,93678,TTV-like mini virus,2897,"",1,102,42,Betatorquevirus,MN770531.1,MN770531.1_1,663,10,Betatorquevirus
MN770529.1,TTV-like mini virus,Betatorquevirus,Anelloviridae,SAfiA-319-15,93678,TTV-like mini virus,2949,"",28,427,1122,Betatorquevirus,MN770529.1,MN770529.1_1,679,6,Betatorquevirus
MN770527.1,TTV-like mini virus,Betatorquevirus,Anelloviridae,SAfiA-316-14,93678,TTV-like mini virus,2924,"",22,460,1233,Betatorquevirus,MN770527.1,MN770527.1_1,673,11,Betatorquevirus
MN770526.1,TTV-like mini virus,Betatorquevirus,Anelloviridae,SAfiA-314-21,93678,TTV-like mini virus,2784,"",92,125,2080,Betatorquevirus,MN770526.1,MN770526.1_1,644,2,Betatorquevirus
MN770525.1,TTV-like mini virus,Betatorquevirus,Anelloviridae,SAfiA-312-9,93678,TTV-like mini virus,2891,"",76,168,80,Betatorquevirus,MN770525.1,MN770525.1_1,662,12,Betatorquevirus
MN770520.1,TTV-like mini virus,Betatorquevirus,Anelloviridae,SAfiA-306B-32,93678,TTV-like mini virus,2824,"",61,275,582,Betatorquevirus,MN770520.1,MN770520.1_1,645,21,Betatorquevirus
MN770519.1,TTV-like mini virus,Betatorquevirus,Anelloviridae,SAfiA-306A-56,93678,TTV-like mini virus,2580,"",333,191,2192,Betatorquevirus,MN770519.1,MN770519.1_1,664,17,Betatorquevirus
MN770516.1,TTV-like mini virus,Betatorquevirus,Anelloviridae,SAfiA-304-14,93678,TTV-like mini virus,2768,"",54,542,2117,Betatorquevirus,MN770516.1,MN770516.1_1,627,3,Betatorquevirus
MN770515.1,TTV-like mini virus,Betatorquevirus,Anelloviridae,SAfiA-304-12,93678,TTV-like mini virus,2921,"",6,121,1253,Betatorquevirus,MN770515.1,MN770515.1_1,667,11,Betatorquevirus
MN770514.1,TTV-like mini virus,Betatorquevirus,Anelloviridae,SAfiA-304-10,93678,TTV-like mini virus,2948,"",10,14,45,Betatorquevirus,MN770514.1,MN770514.1_1,663,13,Betatorquevirus
MN770513.1,TTV-like mini virus,Betatorquevirus,Anelloviridae,SAfiA-301-16,93678,TTV-like mini virus,2753,"",85,37,2134,Betatorquevirus,MN770513.1,MN770513.1_1,644,2,Betatorquevirus
MN770511.1,TTV-like mini virus,Betatorquevirus,Anelloviridae,SAfiA-277-40,93678,TTV-like mini virus,2761,"",60,182,2129,Betatorquevirus,MN770511.1,MN770511.1_1,673,20,Betatorquevirus
MN770508.1,TTV-like mini virus,Betatorquevirus,Anelloviridae,SAfiA-274-17,93678,TTV-like mini virus,2928,"",1,407,399,Betatorquevirus,MN770508.1,MN770508.1_1,673,10,Betatorquevirus
MN770507.1,TTV-like mini virus,Betatorquevirus,Anelloviridae,SAfiA-274-15,93678,TTV-like mini virus,2935,"",40,613,395,Betatorquevirus,MN770507.1,MN770507.1_1,665,4,Betatorquevirus
MN770506.1,TTV-like mini virus,Betatorquevirus,Anelloviridae,SAfiA-273-7,93678,TTV-like mini virus,2817,"",102,172,138,Betatorquevirus,MN770506.1,MN770506.1_1,653,25,Betatorquevirus
MN770503.1,TTV-like mini virus,Betatorquevirus,Anelloviridae,SAfiA-267-16,93678,TTV-like mini virus,2870,"",5,277,1632,Betatorquevirus,MN770503.1,MN770503.1_1,660,15,Betatorquevirus
MN770502.1,TTV-like mini virus,Betatorquevirus,Anelloviridae,SAfiA-267-15,93678,TTV-like mini virus,2899,"",4,209,1416,Betatorquevirus,MN770502.1,MN770502.1_1,669,10,Betatorquevirus
MN770501.1,TTV-like mini virus,Betatorquevirus,Anelloviridae,SAfiA-266-9,93678,TTV-like mini virus,2845,"",125,166,164,Betatorquevirus,MN770501.1,MN770501.1_1,653,5,Betatorquevirus
MN770500.1,TTV-like mini virus,Betatorquevirus,Anelloviridae,SAfiA-265-23,93678,TTV-like mini virus,2768,"",111,677,2116,Betatorquevirus,MN770500.1,MN770500.1_1,648,2,Betatorquevirus
MN770497.1,TTV-like mini virus,Betatorquevirus,Anelloviridae,SAfiA-263-19,93678,TTV-like mini virus,2831,"",9,465,1881,Betatorquevirus,MN770497.1,MN770497.1_1,661,24,Betatorquevirus
MN770495.1,TTV-like mini virus,Betatorquevirus,Anelloviridae,SAfiA-262-10,93678,TTV-like mini virus,2863,"",26,155,1676,Betatorquevirus,MN770495.1,MN770495.1_1,665,8,Betatorquevirus
MN770490.1,TTV-like mini virus,Betatorquevirus,Anelloviridae,SAfiA-251-13,93678,TTV-like mini virus,2988,"",36,167,151,Betatorquevirus,MN770490.1,MN770490.1_1,670,20,Betatorquevirus
MN770489.1,TTV-like mini virus,Betatorquevirus,Anelloviridae,SAfiA-251-11,93678,TTV-like mini virus,2965,"",7,799,1057,Betatorquevirus,MN770489.1,MN770489.1_1,674,20,Betatorquevirus
MN770486.1,TTV-like mini virus,Betatorquevirus,Anelloviridae,SAfiA-245-24,93678,TTV-like mini virus,2780,"",85,37,2093,Betatorquevirus,MN770486.1,MN770486.1_1,644,2,Betatorquevirus
MN770485.1,TTV-like mini virus,Betatorquevirus,Anelloviridae,SAfiA-245-19,93678,TTV-like mini virus,2902,"",4,257,159,Betatorquevirus,MN770485.1,MN770485.1_1,669,10,Betatorquevirus
MN770484.1,TTV-like mini virus,Betatorquevirus,Anelloviridae,SAfiA-245-18,93678,TTV-like mini virus,2875,"",97,210,213,Betatorquevirus,MN770484.1,MN770484.1_1,671,16,Betatorquevirus
MN770483.1,TTV-like mini virus,Betatorquevirus,Anelloviridae,SAfiA-244-6,93678,TTV-like mini virus,2995,"",36,181,988,Betatorquevirus,MN770483.1,MN770483.1_1,681,20,Betatorquevirus
MN770482.1,TTV-like mini virus,Betatorquevirus,Anelloviridae,SAfiA-242-25,93678,TTV-like mini virus,2864,"",100,54,559,Betatorquevirus,MN770482.1,MN770482.1_1,656,24,Betatorquevirus
MN770480.1,TTV-like mini virus,Betatorquevirus,Anelloviridae,SAfiA-241-23,93678,TTV-like mini virus,2852,"",15,93,1750,Betatorquevirus,MN770480.1,MN770480.1_1,655,5,Betatorquevirus
MN770479.1,TTV-like mini virus,Betatorquevirus,Anelloviridae,SAfiA-238-14,93678,TTV-like mini virus,2845,"",15,103,6,Betatorquevirus,MN770479.1,MN770479.1_1,652,5,Betatorquevirus
MN770478.1,TTV-like mini virus,Betatorquevirus,Anelloviridae,SAfiA-235-52,93678,TTV-like mini virus,2780,"",85,37,184,Betatorquevirus,MN770478.1,MN770478.1_1,644,2,Betatorquevirus
MN770476.1,TTV-like mini virus,Betatorquevirus,Anelloviridae,SAfiA-234-8,93678,TTV-like mini virus,2951,"",38,323,110,Betatorquevirus,MN770476.1,MN770476.1_1,675,12,Betatorquevirus
MN770475.1,TTV-like mini virus,Betatorquevirus,Anelloviridae,SAfiA-232-9,93678,TTV-like mini virus,2994,"",62,410,992,Betatorquevirus,MN770475.1,MN770475.1_1,689,23,Betatorquevirus
MN770472.1,TTV-like mini virus,Betatorquevirus,Anelloviridae,SAfiA-229-11,93678,TTV-like mini virus,2829,"",9,539,1894,Betatorquevirus,MN770472.1,MN770472.1_1,663,24,Betatorquevirus
MN770470.1,TTV-like mini virus,Betatorquevirus,Anelloviridae,SAfiA-224-31,93678,TTV-like mini virus,2855,"",151,449,248,Betatorquevirus,MN770470.1,MN770470.1_1,657,3,Betatorquevirus
MN770469.1,TTV-like mini virus,Betatorquevirus,Anelloviridae,SAfiA-224-28,93678,TTV-like mini virus,2847,"",5,26,1788,Betatorquevirus,MN770469.1,MN770469.1_1,654,15,Betatorquevirus
MN770468.1,TTV-like mini virus,Betatorquevirus,Anelloviridae,SAfiA-224-26,93678,TTV-like mini virus,2909,"",168,228,1335,Betatorquevirus,MN770468.1,MN770468.1_1,662,9,Betatorquevirus
MN770466.1,TTV-like mini virus,Betatorquevirus,Anelloviridae,SAfiA-12A-5,93678,TTV-like mini virus,2769,"",236,991,2113,Betatorquevirus,MN770466.1,MN770466.1_1,653,19,Betatorquevirus
MN770465.1,TTV-like mini virus,Betatorquevirus,Anelloviridae,SAfiA-128A-26,93678,TTV-like mini virus,2877,"",12,128,302,Betatorquevirus,MN770465.1,MN770465.1_1,653,4,Betatorquevirus
MN770464.1,TTV-like mini virus,Betatorquevirus,Anelloviridae,SAfiA-128A-25,93678,TTV-like mini virus,2889,"",4,272,1499,Betatorquevirus,MN770464.1,MN770464.1_1,668,10,Betatorquevirus
MN770463.1,TTV-like mini virus,Betatorquevirus,Anelloviridae,SAfiA-124-33,93678,TTV-like mini virus,2850,"",15,93,1761,Betatorquevirus,MN770463.1,MN770463.1_1,655,5,Betatorquevirus
MN770459.1,TTV-like mini virus,Betatorquevirus,Anelloviridae,SAfiA-122-8,93678,TTV-like mini virus,2914,"",6,841,1296,Betatorquevirus,MN770459.1,MN770459.1_1,672,11,Betatorquevirus
MN770458.1,TTV-like mini virus,Betatorquevirus,Anelloviridae,SAfiA-122-6,93678,TTV-like mini virus,2994,"",62,327,133,Betatorquevirus,MN770458.1,MN770458.1_1,692,23,Betatorquevirus
MN770457.1,TTV-like mini virus,Betatorquevirus,Anelloviridae,SAfiA-119-6,93678,TTV-like mini virus,2931,"",1,407,1201,Betatorquevirus,MN770457.1,MN770457.1_1,674,10,Betatorquevirus
MN770456.1,TTV-like mini virus,Betatorquevirus,Anelloviridae,SAfiA-116-21,93678,TTV-like mini virus,2907,"",6,121,344,Betatorquevirus,MN770456.1,MN770456.1_1,668,11,Betatorquevirus
MN770455.1,TTV-like mini virus,Betatorquevirus,Anelloviridae,SAfiA-11-33,93678,TTV-like mini virus,2805,"",43,251,2018,Betatorquevirus,MN770455.1,MN770455.1_1,662,24,Betatorquevirus
MN770452.1,TTV-like mini virus,Betatorquevirus,Anelloviridae,SAfiA-108-26,93678,TTV-like mini virus,2796,"",131,165,2047,Betatorquevirus,MN770452.1,MN770452.1_1,649,2,Betatorquevirus
MN770451.1,TTV-like mini virus,Betatorquevirus,Anelloviridae,SAfiA-107-19,93678,TTV-like mini virus,2901,"",67,512,1395,Betatorquevirus,MN770451.1,MN770451.1_1,671,20,Betatorquevirus
MN770447.1,TTV-like mini virus,Betatorquevirus,Anelloviridae,SAfiA-104-13,93678,TTV-like mini virus,2852,"",8,681,1749,Betatorquevirus,MN770447.1,MN770447.1_1,662,17,Betatorquevirus
MN770446.1,TTV-like mini virus,Betatorquevirus,Anelloviridae,SAfiA-552-34,93678,TTV-like mini virus,2802,"",43,260,2031,Betatorquevirus,MN770446.1,MN770446.1_1,663,24,Betatorquevirus
MN770440.1,TTV-like mini virus,Betatorquevirus,Anelloviridae,SAfiA-285B-2,93678,TTV-like mini virus,2814,"",42,21,1972,Betatorquevirus,MN770440.1,MN770440.1_1,664,24,Betatorquevirus
MN770437.1,TTV-like mini virus,Betatorquevirus,Anelloviridae,SAfiA-567-19,93678,TTV-like mini virus,2897,"",21,267,1430,Betatorquevirus,MN770437.1,MN770437.1_1,668,4,Betatorquevirus
MN770436.1,TTV-like mini virus,Betatorquevirus,Anelloviridae,SAfiA-388-133,93678,TTV-like mini virus,2800,"",241,978,2037,Betatorquevirus,MN770436.1,MN770436.1_1,665,24,Betatorquevirus
MN770435.1,TTV-like mini virus,Betatorquevirus,Anelloviridae,SAfiA-321-8,93678,TTV-like mini virus,2950,"",26,201,98,Betatorquevirus,MN770435.1,MN770435.1_1,668,8,Betatorquevirus
MN770433.1,TTV-like mini virus,Betatorquevirus,Anelloviridae,SAfiA-468-9,93678,TTV-like mini virus,2876,"",114,450,254,Betatorquevirus,MN770433.1,MN770433.1_1,669,23,Betatorquevirus
MN770432.1,TTV-like mini virus,Betatorquevirus,Anelloviridae,SAfiA-40-4,93678,TTV-like mini virus,2824,"",199,628,450,Betatorquevirus,MN770432.1,MN770432.1_1,667,24,Betatorquevirus
MN770431.1,TTV-like mini virus,Betatorquevirus,Anelloviridae,SAfiA-301-14,93678,TTV-like mini virus,2804,"",9,148,2022,Betatorquevirus,MN770431.1,MN770431.1_1,660,24,Betatorquevirus
MN770430.1,TTV-like mini virus,Betatorquevirus,Anelloviridae,SAfiA-587-81,93678,TTV-like mini virus,2826,"",43,200,1901,Betatorquevirus,MN770430.1,MN770430.1_1,664,24,Betatorquevirus
MN770429.1,TTV-like mini virus,Betatorquevirus,Anelloviridae,SAfiA-49-16,93678,TTV-like mini virus,2825,"",9,951,1912,Betatorquevirus,MN770429.1,MN770429.1_1,663,24,Betatorquevirus
MN770428.1,TTV-like mini virus,Betatorquevirus,Anelloviridae,SAfiA-646-15,93678,TTV-like mini virus,2841,"",101,92,88,Betatorquevirus,MN770428.1,MN770428.1_1,664,24,Betatorquevirus
MN770426.1,TTV-like mini virus,Betatorquevirus,Anelloviridae,SAfiA-369-11,93678,TTV-like mini virus,2967,"",1,5,400,Betatorquevirus,MN770426.1,MN770426.1_1,666,10,Betatorquevirus
MN770425.1,TTV-like mini virus,Betatorquevirus,Anelloviridae,SAfiA-640-12,93678,TTV-like mini virus,2922,"",4,652,554,Betatorquevirus,MN770425.1,MN770425.1_1,664,10,Betatorquevirus
MN770422.1,TTV-like mini virus,Betatorquevirus,Anelloviridae,SAfiA-682-5,93678,TTV-like mini virus,2876,"",230,208,322,Betatorquevirus,MN770422.1,MN770422.1_1,662,15,Betatorquevirus
MN770421.1,TTV-like mini virus,Betatorquevirus,Anelloviridae,SAfiA-536-7,93678,TTV-like mini virus,2884,"",23,28,1528,Betatorquevirus,MN770421.1,MN770421.1_1,666,12,Betatorquevirus
MN770420.1,TTV-like mini virus,Betatorquevirus,Anelloviridae,SAfiA-350-36,93678,TTV-like mini virus,2876,"",5,208,1584,Betatorquevirus,MN770420.1,MN770420.1_1,662,15,Betatorquevirus
MN770419.1,TTV-like mini virus,Betatorquevirus,Anelloviridae,SAfiA-307-5,93678,TTV-like mini virus,2861,"",196,910,1692,Betatorquevirus,MN770419.1,MN770419.1_1,660,16,Betatorquevirus
MN770418.1,TTV-like mini virus,Betatorquevirus,Anelloviridae,SAfiA-287B-11,93678,TTV-like mini virus,2828,"",50,13,206,Betatorquevirus,MN770418.1,MN770418.1_1,661,5,Betatorquevirus
MN770416.1,TTV-like mini virus,Betatorquevirus,Anelloviridae,SAfiA-88-25,93678,TTV-like mini virus,2857,"",58,220,1716,Betatorquevirus,MN770416.1,MN770416.1_1,671,13,Betatorquevirus
MN770415.1,TTV-like mini virus,Betatorquevirus,Anelloviridae,SAfiA-88-16,93678,TTV-like mini virus,2901,"",18,689,1394,Betatorquevirus,MN770415.1,MN770415.1_1,668,17,Betatorquevirus
MN770413.1,TTV-like mini virus,Betatorquevirus,Anelloviridae,SAfiA-854-10,93678,TTV-like mini virus,2931,"",2,250,1200,Betatorquevirus,MN770413.1,MN770413.1_1,676,16,Betatorquevirus
MN770411.1,TTV-like mini virus,Betatorquevirus,Anelloviridae,SAfiA-795-11,93678,TTV-like mini virus,2988,"",33,1,64,Betatorquevirus,MN770411.1,MN770411.1_1,668,5,Betatorquevirus
MN770410.1,TTV-like mini virus,Betatorquevirus,Anelloviridae,SAfiA-794-3,93678,TTV-like mini virus,2912,"",40,843,1312,Betatorquevirus,MN770410.1,MN770410.1_1,668,4,Betatorquevirus
MN770408.1,TTV-like mini virus,Betatorquevirus,Anelloviridae,SAfiA-789-6,93678,TTV-like mini virus,2851,"",15,93,561,Betatorquevirus,MN770408.1,MN770408.1_1,655,5,Betatorquevirus
MN770407.1,TTV-like mini virus,Betatorquevirus,Anelloviridae,SAfiA-787-7,93678,TTV-like mini virus,2945,"",6,164,167,Betatorquevirus,MN770407.1,MN770407.1_1,680,11,Betatorquevirus
MN770406.1,TTV-like mini virus,Betatorquevirus,Anelloviridae,SAfiA-787-13,93678,TTV-like mini virus,2902,"",167,227,1385,Betatorquevirus,MN770406.1,MN770406.1_1,654,19,Betatorquevirus
MN770405.1,TTV-like mini virus,Betatorquevirus,Anelloviridae,SAfiA-787-10,93678,TTV-like mini virus,2812,"",53,217,144,Betatorquevirus,MN770405.1,MN770405.1_1,655,2,Betatorquevirus
MN770403.1,TTV-like mini virus,Betatorquevirus,Anelloviridae,SAfiA-77-92,93678,TTV-like mini virus,2913,"",11,558,1302,Betatorquevirus,MN770403.1,MN770403.1_1,677,12,Betatorquevirus
MN770401.1,TTV-like mini virus,Betatorquevirus,Anelloviridae,SAfiA-77-120,93678,TTV-like mini virus,2856,"",58,220,1725,Betatorquevirus,MN770401.1,MN770401.1_1,671,13,Betatorquevirus
MN770398.1,TTV-like mini virus,Betatorquevirus,Anelloviridae,SAfiA-701-9,93678,TTV-like mini virus,2849,"",94,927,1768,Betatorquevirus,MN770398.1,MN770398.1_1,658,4,Betatorquevirus
MN770396.1,TTV-like mini virus,Betatorquevirus,Anelloviridae,SAfiA-680-4,93678,TTV-like mini virus,2948,"",88,517,1125,Betatorquevirus,MN770396.1,MN770396.1_1,674,10,Betatorquevirus
MN770395.1,TTV-like mini virus,Betatorquevirus,Anelloviridae,SAfiA-676-31,93678,TTV-like mini virus,2781,"",85,37,303,Betatorquevirus,MN770395.1,MN770395.1_1,644,2,Betatorquevirus
MN770393.1,TTV-like mini virus,Betatorquevirus,Anelloviridae,SAfiA-668-2,93678,TTV-like mini virus,2977,"",6,117,296,Betatorquevirus,MN770393.1,MN770393.1_1,670,11,Betatorquevirus
MN770392.1,TTV-like mini virus,Betatorquevirus,Anelloviridae,SAfiA-644-9,93678,TTV-like mini virus,2825,"",41,222,1911,Betatorquevirus,MN770392.1,MN770392.1_1,676,25,Betatorquevirus
MN770390.1,TTV-like mini virus,Betatorquevirus,Anelloviridae,SAfiA-615-676,93678,TTV-like mini virus,2862,"",8,153,393,Betatorquevirus,MN770390.1,MN770390.1_1,665,17,Betatorquevirus
MN770389.1,TTV-like mini virus,Betatorquevirus,Anelloviridae,SAfiA-6-15,93678,TTV-like mini virus,2837,"",0,0,1845,Betatorquevirus,MN770389.1,MN770389.1_1,659,2,Betatorquevirus
MN770386.1,TTV-like mini virus,Betatorquevirus,Anelloviridae,SAfiA-590-58,93678,TTV-like mini virus,2845,"",274,584,1798,Betatorquevirus,MN770386.1,MN770386.1_1,664,5,Betatorquevirus
MN770384.1,TTV-like mini virus,Betatorquevirus,Anelloviridae,SAfiA-587-51,93678,TTV-like mini virus,2887,"",147,471,1512,Betatorquevirus,MN770384.1,MN770384.1_1,667,7,Betatorquevirus
MN770383.1,TTV-like mini virus,Betatorquevirus,Anelloviridae,SAfiA-587-19,93678,TTV-like mini virus,2954,"",3,546,1098,Betatorquevirus,MN770383.1,MN770383.1_1,665,14,Betatorquevirus
MN770382.1,TTV-like mini virus,Betatorquevirus,Anelloviridae,SAfiA-578-6,93678,TTV-like mini virus,2938,"",11,337,536,Betatorquevirus,MN770382.1,MN770382.1_1,669,12,Betatorquevirus
MN770379.1,TTV-like mini virus,Betatorquevirus,Anelloviridae,SAfiA-565-10,93678,TTV-like mini virus,2923,"",28,373,468,Betatorquevirus,MN770379.1,MN770379.1_1,682,6,Betatorquevirus
MN770378.1,TTV-like mini virus,Betatorquevirus,Anelloviridae,SAfiA-564-3,93678,TTV-like mini virus,2844,"",171,932,1803,Betatorquevirus,MN770378.1,MN770378.1_1,673,18,Betatorquevirus
MN770375.1,TTV-like mini virus,Betatorquevirus,Anelloviridae,SAfiA-552-23,93678,TTV-like mini virus,2877,"",95,308,1577,Betatorquevirus,MN770375.1,MN770375.1_1,657,17,Betatorquevirus
MN770374.1,TTV-like mini virus,Betatorquevirus,Anelloviridae,SAfiA-542-39,93678,TTV-like mini virus,2888,"",4,91,539,Betatorquevirus,MN770374.1,MN770374.1_1,663,10,Betatorquevirus
MN770371.1,TTV-like mini virus,Betatorquevirus,Anelloviridae,SAfiA-512-7,93678,TTV-like mini virus,2877,"",40,156,1576,Betatorquevirus,MN770371.1,MN770371.1_1,664,4,Betatorquevirus
MN770367.1,TTV-like mini virus,Betatorquevirus,Anelloviridae,SAfiA-427-3,93678,TTV-like mini virus,2900,"",110,238,148,Betatorquevirus,MN770367.1,MN770367.1_1,676,7,Betatorquevirus
MN770366.1,TTV-like mini virus,Betatorquevirus,Anelloviridae,SAfiA-42-3,93678,TTV-like mini virus,2901,"",10,315,550,Betatorquevirus,MN770366.1,MN770366.1_1,657,13,Betatorquevirus
MN770364.1,TTV-like mini virus,Betatorquevirus,Anelloviridae,SAfiA-388-62,93678,TTV-like mini virus,2883,"",18,191,1537,Betatorquevirus,MN770364.1,MN770364.1_1,666,17,Betatorquevirus
MN770362.1,TTV-like mini virus,Betatorquevirus,Anelloviridae,SAfiA-388-128,93678,TTV-like mini virus,2893,"",95,372,1464,Betatorquevirus,MN770362.1,MN770362.1_1,670,17,Betatorquevirus
MN770361.1,TTV-like mini virus,Betatorquevirus,Anelloviridae,SAfiA-388-125,93678,TTV-like mini virus,2845,"",18,366,1797,Betatorquevirus,MN770361.1,MN770361.1_1,666,17,Betatorquevirus
MN770360.1,TTV-like mini virus,Betatorquevirus,Anelloviridae,SAfiA-387-4,93678,TTV-like mini virus,2891,"",80,869,1480,Betatorquevirus,MN770360.1,MN770360.1_1,670,12,Betatorquevirus
MN770359.1,TTV-like mini virus,Betatorquevirus,Anelloviridae,SAfiA-387-1,93678,TTV-like mini virus,2958,"",38,330,141,Betatorquevirus,MN770359.1,MN770359.1_1,680,12,Betatorquevirus
MN770357.1,TTV-like mini virus,Betatorquevirus,Anelloviridae,SAfiA-369-12,93678,TTV-like mini virus,2962,"",4,577,1065,Betatorquevirus,MN770357.1,MN770357.1_1,672,10,Betatorquevirus
MN770355.1,TTV-like mini virus,Betatorquevirus,Anelloviridae,SAfiA-361-28,93678,TTV-like mini virus,2847,"",46,188,1787,Betatorquevirus,MN770355.1,MN770355.1_1,669,17,Betatorquevirus
MN770353.1,TTV-like mini virus,Betatorquevirus,Anelloviridae,SAfiA-360-15,93678,TTV-like mini virus,2902,"",69,56,645,Betatorquevirus,MN770353.1,MN770353.1_1,666,19,Betatorquevirus
MN770352.1,TTV-like mini virus,Betatorquevirus,Anelloviridae,SAfiA-352-13,93678,TTV-like mini virus,2867,"",12,240,1649,Betatorquevirus,MN770352.1,MN770352.1_1,659,4,Betatorquevirus
MN770351.1,TTV-like mini virus,Betatorquevirus,Anelloviridae,SAfiA-346-30,93678,TTV-like mini virus,2882,"",5,474,1541,Betatorquevirus,MN770351.1,MN770351.1_1,663,15,Betatorquevirus
MN770350.1,TTV-like mini virus,Betatorquevirus,Anelloviridae,SAfiA-346-22,93678,TTV-like mini virus,2824,"",18,191,1919,Betatorquevirus,MN770350.1,MN770350.1_1,664,17,Betatorquevirus
MN770349.1,TTV-like mini virus,Betatorquevirus,Anelloviridae,SAfiA-338-13,93678,TTV-like mini virus,2972,"",11,654,562,Betatorquevirus,MN770349.1,MN770349.1_1,672,12,Betatorquevirus
MN770347.1,TTV-like mini virus,Betatorquevirus,Anelloviridae,SAfiA-334-17,93678,TTV-like mini virus,2891,"",1,571,1479,Betatorquevirus,MN770347.1,MN770347.1_1,661,10,Betatorquevirus
MN770346.1,TTV-like mini virus,Betatorquevirus,Anelloviridae,SAfiA-332-4,93678,TTV-like mini virus,2920,"",169,296,454,Betatorquevirus,MN770346.1,MN770346.1_1,677,18,Betatorquevirus
MN770345.1,TTV-like mini virus,Betatorquevirus,Anelloviridae,SAfiA-33-15,93678,TTV-like mini virus,2929,"",7,364,1214,Betatorquevirus,MN770345.1,MN770345.1_1,674,20,Betatorquevirus
MN770344.1,TTV-like mini virus,Betatorquevirus,Anelloviridae,SAfiA-330-12,93678,TTV-like mini virus,2856,"",114,619,421,Betatorquevirus,MN770344.1,MN770344.1_1,668,23,Betatorquevirus
MN770342.1,TTV-like mini virus,Betatorquevirus,Anelloviridae,SAfiA-27-9,93678,TTV-like mini virus,2921,"",17,183,176,Betatorquevirus,MN770342.1,MN770342.1_1,678,7,Betatorquevirus
MN770341.1,TTV-like mini virus,Betatorquevirus,Anelloviridae,SAfiA-278-7,93678,TTV-like mini virus,2929,"",11,138,24,Betatorquevirus,MN770341.1,MN770341.1_1,673,12,Betatorquevirus
MN770338.1,TTV-like mini virus,Betatorquevirus,Anelloviridae,SAfiA-235-21,93678,TTV-like mini virus,2937,"",31,483,1174,Betatorquevirus,MN770338.1,MN770338.1_1,665,16,Betatorquevirus
MN770337.1,TTV-like mini virus,Betatorquevirus,Anelloviridae,SAfiA-234-12,93678,TTV-like mini virus,2895,"",18,22,86,Betatorquevirus,MN770337.1,MN770337.1_1,667,17,Betatorquevirus
MN770336.1,TTV-like mini virus,Betatorquevirus,Anelloviridae,SAfiA-100A-28,93678,TTV-like mini virus,2914,"",130,42,1295,Betatorquevirus,MN770336.1,MN770336.1_1,674,7,Betatorquevirus
MN770335.1,TTV-like mini virus,Betatorquevirus,Anelloviridae,SAfiA-87-32,93678,TTV-like mini virus,2861,"",48,23,1691,Betatorquevirus,MN770335.1,MN770335.1_1,653,19,Betatorquevirus
MN770334.1,TTV-like mini virus,Betatorquevirus,Anelloviridae,SAfiA-865-110,93678,TTV-like mini virus,2859,"",49,20,1708,Betatorquevirus,MN770334.1,MN770334.1_1,652,13,Betatorquevirus
MN770333.1,TTV-like mini virus,Betatorquevirus,Anelloviridae,SAfiA-842-3,93678,TTV-like mini virus,2939,"",11,270,1166,Betatorquevirus,MN770333.1,MN770333.1_1,673,12,Betatorquevirus
MN770332.1,TTV-like mini virus,Betatorquevirus,Anelloviridae,SAfiA-791-116,93678,TTV-like mini virus,2883,"",91,324,122,Betatorquevirus,MN770332.1,MN770332.1_1,659,15,Betatorquevirus
MN770331.1,TTV-like mini virus,Betatorquevirus,Anelloviridae,SAfiA-765-10,93678,TTV-like mini virus,2895,"",21,229,1447,Betatorquevirus,MN770331.1,MN770331.1_1,665,4,Betatorquevirus
MN770330.1,TTV-like mini virus,Betatorquevirus,Anelloviridae,SAfiA-69B-45,93678,TTV-like mini virus,2873,"",120,439,225,Betatorquevirus,MN770330.1,MN770330.1_1,657,5,Betatorquevirus
MN770328.1,TTV-like mini virus,Betatorquevirus,Anelloviridae,SAfiA-666-11,93678,TTV-like mini virus,2907,"",29,316,1344,Betatorquevirus,MN770328.1,MN770328.1_1,670,21,Betatorquevirus
MN770324.1,TTV-like mini virus,Betatorquevirus,Anelloviridae,SAfiA-587-39,93678,TTV-like mini virus,2916,"",2,292,1283,Betatorquevirus,MN770324.1,MN770324.1_1,668,16,Betatorquevirus
MN770323.1,TTV-like mini virus,Betatorquevirus,Anelloviridae,SAfiA-581-11,93678,TTV-like mini virus,2920,"",2,612,389,Betatorquevirus,MN770323.1,MN770323.1_1,674,16,Betatorquevirus
MN770322.1,TTV-like mini virus,Betatorquevirus,Anelloviridae,SAfiA-573-25,93678,TTV-like mini virus,2902,"",105,540,1384,Betatorquevirus,MN770322.1,MN770322.1_1,665,5,Betatorquevirus
MN770320.1,TTV-like mini virus,Betatorquevirus,Anelloviridae,SAfiA-55-16,93678,TTV-like mini virus,2917,"",6,63,1276,Betatorquevirus,MN770320.1,MN770320.1_1,667,11,Betatorquevirus
MN770318.1,TTV-like mini virus,Betatorquevirus,Anelloviridae,SAfiA-514-29,93678,TTV-like mini virus,2821,"",111,109,1936,Betatorquevirus,MN770318.1,MN770318.1_1,645,2,Betatorquevirus
MN770317.1,TTV-like mini virus,Betatorquevirus,Anelloviridae,SAfiA-491-15,93678,TTV-like mini virus,2870,"",5,70,156,Betatorquevirus,MN770317.1,MN770317.1_1,658,15,Betatorquevirus
MN770312.1,TTV-like mini virus,Betatorquevirus,Anelloviridae,SAfiA-4-20,93678,TTV-like mini virus,2838,"",107,76,66,Betatorquevirus,MN770312.1,MN770312.1_1,644,3,Betatorquevirus
MN770308.1,TTV-like mini virus,Betatorquevirus,Anelloviridae,SAfiA-401-22,93678,TTV-like mini virus,2862,"",29,909,1685,Betatorquevirus,MN770308.1,MN770308.1_1,653,21,Betatorquevirus
MN770307.1,TTV-like mini virus,Betatorquevirus,Anelloviridae,SAfiA-388-50,93678,TTV-like mini virus,2959,"",139,309,458,Betatorquevirus,MN770307.1,MN770307.1_1,670,12,Betatorquevirus
MN770305.1,TTV-like mini virus,Betatorquevirus,Anelloviridae,SAfiA-388-20,93678,TTV-like mini virus,2946,"",3,67,224,Betatorquevirus,MN770305.1,MN770305.1_1,680,14,Betatorquevirus
MN770303.1,TTV-like mini virus,Betatorquevirus,Anelloviridae,SAfiA-350-39,93678,TTV-like mini virus,2824,"",185,291,338,Betatorquevirus,MN770303.1,MN770303.1_1,661,5,Betatorquevirus
MN770302.1,TTV-like mini virus,Betatorquevirus,Anelloviridae,SAfiA-350-17,93678,TTV-like mini virus,2939,"",3,67,1165,Betatorquevirus,MN770302.1,MN770302.1_1,678,14,Betatorquevirus
MN770301.1,TTV-like mini virus,Betatorquevirus,Anelloviridae,SAfiA-34-7,93678,TTV-like mini virus,2944,"",10,94,588,Betatorquevirus,MN770301.1,MN770301.1_1,662,13,Betatorquevirus
MN770297.1,TTV-like mini virus,Betatorquevirus,Anelloviridae,SAfiA-327-3,93678,TTV-like mini virus,2937,"",222,346,1173,Betatorquevirus,MN770297.1,MN770297.1_1,676,11,Betatorquevirus
MN770293.1,TTV-like mini virus,Betatorquevirus,Anelloviridae,SAfiA-274-24,93678,TTV-like mini virus,2916,"",80,158,482,Betatorquevirus,MN770293.1,MN770293.1_1,667,12,Betatorquevirus
MN770285.1,TTV-like mini virus,Betatorquevirus,Anelloviridae,SAfiA-125-14,93678,TTV-like mini virus,2916,"",10,94,1282,Betatorquevirus,MN770285.1,MN770285.1_1,662,13,Betatorquevirus
MN770283.1,TTV-like mini virus,Betatorquevirus,Anelloviridae,SAfiA-122-9,93678,TTV-like mini virus,2898,"",17,84,1420,Betatorquevirus,MN770283.1,MN770283.1_1,672,7,Betatorquevirus
MN770282.1,TTV-like mini virus,Betatorquevirus,Anelloviridae,SAfiA-116-18,93678,TTV-like mini virus,2944,"",22,176,35,Betatorquevirus,MN770282.1,MN770282.1_1,678,11,Betatorquevirus
MN770279.1,TTV-like mini virus,Betatorquevirus,Anelloviridae,SAfiA-10-11,93678,TTV-like mini virus,2912,"",17,183,1311,Betatorquevirus,MN770279.1,MN770279.1_1,673,7,Betatorquevirus
MN770277.1,TTV-like mini virus,Betatorquevirus,Anelloviridae,SAfiA-87-49,93678,TTV-like mini virus,2771,"",92,125,2111,Betatorquevirus,MN770277.1,MN770277.1_1,644,2,Betatorquevirus
MN770273.1,TTV-like mini virus,Betatorquevirus,Anelloviridae,SAfiA-824-3,93678,TTV-like mini virus,2802,"",191,313,180,Betatorquevirus,MN770273.1,MN770273.1_1,640,3,Betatorquevirus
MN770267.1,TTV-like mini virus,Betatorquevirus,Anelloviridae,SAfiA-587-393,93678,TTV-like mini virus,2859,"",26,155,1707,Betatorquevirus,MN770267.1,MN770267.1_1,628,8,Betatorquevirus
MN770266.1,TTV-like mini virus,Betatorquevirus,Anelloviridae,SAfiA-587-311,93678,TTV-like mini virus,2711,"",54,16,2154,Betatorquevirus,MN770266.1,MN770266.1_1,634,3,Betatorquevirus
MN770265.1,TTV-like mini virus,Betatorquevirus,Anelloviridae,SAfiA-573-45,93678,TTV-like mini virus,2774,"",238,593,300,Betatorquevirus,MN770265.1,MN770265.1_1,649,2,Betatorquevirus
MN770264.1,TTV-like mini virus,Betatorquevirus,Anelloviridae,SAfiA-569-46,93678,TTV-like mini virus,2819,"",15,43,132,Betatorquevirus,MN770264.1,MN770264.1_1,650,5,Betatorquevirus
MN770262.1,TTV-like mini virus,Betatorquevirus,Anelloviridae,SAfiA-552-25,93678,TTV-like mini virus,2881,"",15,207,1543,Betatorquevirus,MN770262.1,MN770262.1_1,664,5,Betatorquevirus
MN770260.1,TTV-like mini virus,Betatorquevirus,Anelloviridae,SAfiA-393-24,93678,TTV-like mini virus,2819,"",15,43,577,Betatorquevirus,MN770260.1,MN770260.1_1,650,5,Betatorquevirus
MN770259.1,TTV-like mini virus,Betatorquevirus,Anelloviridae,SAfiA-388-143,93678,TTV-like mini virus,2764,"",54,16,2123,Betatorquevirus,MN770259.1,MN770259.1_1,629,3,Betatorquevirus
MN770252.1,TTV-like mini virus,Betatorquevirus,Anelloviridae,SAfiA-327-10,93678,TTV-like mini virus,2939,"",3,143,1164,Betatorquevirus,MN770252.1,MN770252.1_1,675,14,Betatorquevirus
MN770250.1,TTV-like mini virus,Betatorquevirus,Anelloviridae,SAfiA-316-24,93678,TTV-like mini virus,2907,"",12,294,163,Betatorquevirus,MN770250.1,MN770250.1_1,660,4,Betatorquevirus
MN770249.1,TTV-like mini virus,Betatorquevirus,Anelloviridae,SAfiA-315-23,93678,TTV-like mini virus,2778,"",54,16,2095,Betatorquevirus,MN770249.1,MN770249.1_1,633,3,Betatorquevirus
MN770248.1,TTV-like mini virus,Betatorquevirus,Anelloviridae,SAfiA-300-21,93678,TTV-like mini virus,2863,"",132,133,293,Betatorquevirus,MN770248.1,MN770248.1_1,672,27,Hetorquevirus
MN770246.1,TTV-like mini virus,Betatorquevirus,Anelloviridae,SAfiA-236-2,93678,TTV-like mini virus,2863,"",12,314,217,Betatorquevirus,MN770246.1,MN770246.1_1,657,4,Betatorquevirus
MN770244.1,TTV-like mini virus,Betatorquevirus,Anelloviridae,SAfiA-230-12,93678,TTV-like mini virus,2887,"",96,161,211,Betatorquevirus,MN770244.1,MN770244.1_1,669,7,Betatorquevirus
MN770243.1,TTV-like mini virus,Betatorquevirus,Anelloviridae,SAfiA-124-41,93678,TTV-like mini virus,2764,"",54,16,2122,Betatorquevirus,MN770243.1,MN770243.1_1,629,3,Betatorquevirus
MN770239.1,TTV-like mini virus,Betatorquevirus,Anelloviridae,SAfiA-453-9,93678,TTV-like mini virus,2872,"",83,90,30,Betatorquevirus,MN770239.1,MN770239.1_1,669,9,Betatorquevirus
MN770238.1,TTV-like mini virus,Betatorquevirus,Anelloviridae,SAfiA-388-36,93678,TTV-like mini virus,2923,"",37,58,1239,Betatorquevirus,MN770238.1,MN770238.1_1,685,20,Betatorquevirus
MN770236.1,TTV-like mini virus,Betatorquevirus,Anelloviridae,SAfiA-254-15,93678,TTV-like mini virus,2982,"",62,794,1022,Betatorquevirus,MN770236.1,MN770236.1_1,681,23,Betatorquevirus
MN770235.1,TTV-like mini virus,Betatorquevirus,Anelloviridae,SAfiA-233-10,93678,TTV-like mini virus,2949,"",145,814,1121,Betatorquevirus,MN770235.1,MN770235.1_1,684,23,Betatorquevirus
MN770234.1,TTV-like mini virus,Betatorquevirus,Anelloviridae,SAfiA-514-16,93678,TTV-like mini virus,2887,"",164,259,1511,Betatorquevirus,MN770234.1,MN770234.1_1,650,21,Betatorquevirus
MN770233.1,TTV-like mini virus,Betatorquevirus,Anelloviridae,SAfiA-49-15,93678,TTV-like mini virus,2831,"",124,232,255,Betatorquevirus,MN770233.1,MN770233.1_1,656,24,Betatorquevirus
MN770232.1,TTV-like mini virus,Betatorquevirus,Anelloviridae,SAfiA-578-11,93678,TTV-like mini virus,2919,"",30,163,274,Betatorquevirus,MN770232.1,MN770232.1_1,680,7,Betatorquevirus
MN770231.1,TTV-like mini virus,Betatorquevirus,Anelloviridae,SAfiA-577-88,93678,TTV-like mini virus,2919,"",30,163,1265,Betatorquevirus,MN770231.1,MN770231.1_1,680,7,Betatorquevirus
MN770230.1,TTV-like mini virus,Betatorquevirus,Anelloviridae,SAfiA-297-97,93678,TTV-like mini virus,2832,"",9,496,1876,Betatorquevirus,MN770230.1,MN770230.1_1,666,24,Betatorquevirus
MN770229.1,TTV-like mini virus,Betatorquevirus,Anelloviridae,SAfiA-404-10,93678,TTV-like mini virus,2844,"",200,557,1802,Betatorquevirus,MN770229.1,MN770229.1_1,667,24,Betatorquevirus
MN770228.1,TTV-like mini virus,Betatorquevirus,Anelloviridae,SAfiA-402-19,93678,TTV-like mini virus,2842,"",200,557,1812,Betatorquevirus,MN770228.1,MN770228.1_1,667,24,Betatorquevirus
MN770227.1,TTV-like mini virus,Betatorquevirus,Anelloviridae,SAfiA-39-4,93678,TTV-like mini virus,2933,"",188,302,406,Betatorquevirus,MN770227.1,MN770227.1_1,672,22,Betatorquevirus
MN770224.1,TTV-like mini virus,Betatorquevirus,Anelloviridae,SAfiA-833-8,93678,TTV-like mini virus,2886,"",239,455,265,Betatorquevirus,MN770224.1,MN770224.1_1,674,24,Betatorquevirus
MN770220.1,TTV-like mini virus,Betatorquevirus,Anelloviridae,SAfiA-55-13,93678,TTV-like mini virus,2897,"",90,624,437,Betatorquevirus,MN770220.1,MN770220.1_1,657,21,Betatorquevirus
MN770219.1,TTV-like mini virus,Betatorquevirus,Anelloviridae,SAfiA-388-100,93678,TTV-like mini virus,2841,"",9,213,1819,Betatorquevirus,MN770219.1,MN770219.1_1,671,24,Betatorquevirus
MN770218.1,TTV-like mini virus,Betatorquevirus,Anelloviridae,SAfiA-367-22,93678,TTV-like mini virus,2919,"",30,163,1264,Betatorquevirus,MN770218.1,MN770218.1_1,680,7,Betatorquevirus
MN770217.1,TTV-like mini virus,Betatorquevirus,Anelloviridae,SAfiA-275-29,93678,TTV-like mini virus,2957,"",1,5,1092,Betatorquevirus,MN770217.1,MN770217.1_1,669,10,Betatorquevirus
MN770216.1,TTV-like mini virus,Betatorquevirus,Anelloviridae,SAfiA-263-12,93678,TTV-like mini virus,2919,"",30,163,1263,Betatorquevirus,MN770216.1,MN770216.1_1,680,7,Betatorquevirus
MN770214.1,TTV-like mini virus,Betatorquevirus,Anelloviridae,SAfiA-121-13,93678,TTV-like mini virus,2894,"",180,865,1453,Betatorquevirus,MN770214.1,MN770214.1_1,671,9,Betatorquevirus
MN770213.1,TTV-like mini virus,Betatorquevirus,Anelloviridae,SAfiA-572-21,93678,TTV-like mini virus,2922,"",67,442,229,Betatorquevirus,MN770213.1,MN770213.1_1,568,20,Betatorquevirus
MN770209.1,TTV-like mini virus,Betatorquevirus,Anelloviridae,SAfiA-87-45,93678,TTV-like mini virus,2854,"",233,919,1735,Betatorquevirus,MN770209.1,MN770209.1_1,650,2,Betatorquevirus
MN770204.1,TTV-like mini virus,Betatorquevirus,Anelloviridae,SAfiA-670-5,93678,TTV-like mini virus,2945,"",28,322,107,Betatorquevirus,MN770204.1,MN770204.1_1,679,6,Betatorquevirus
MN770202.1,TTV-like mini virus,Betatorquevirus,Anelloviridae,SAfiA-628-25,93678,TTV-like mini virus,2952,"",3,429,162,Betatorquevirus,MN770202.1,MN770202.1_1,676,14,Betatorquevirus
MN770201.1,TTV-like mini virus,Betatorquevirus,Anelloviridae,SAfiA-615-694,93678,TTV-like mini virus,2911,"",37,58,1320,Betatorquevirus,MN770201.1,MN770201.1_1,681,20,Betatorquevirus
MN770199.1,TTV-like mini virus,Betatorquevirus,Anelloviridae,SAfiA-51-9,93678,TTV-like mini virus,2976,"",3,45,247,Betatorquevirus,MN770199.1,MN770199.1_1,678,14,Betatorquevirus
MN770196.1,TTV-like mini virus,Betatorquevirus,Anelloviridae,SAfiA-442-9,93678,TTV-like mini virus,2960,"",68,305,1083,Betatorquevirus,MN770196.1,MN770196.1_1,677,20,Betatorquevirus
MN770194.1,TTV-like mini virus,Betatorquevirus,Anelloviridae,SAfiA-413-6,93678,TTV-like mini virus,2833,"",118,113,1871,Betatorquevirus,MN770194.1,MN770194.1_1,669,24,Betatorquevirus
MN770193.1,TTV-like mini virus,Betatorquevirus,Anelloviridae,SAfiA-388-26,93678,TTV-like mini virus,2923,"",2,184,246,Betatorquevirus,MN770193.1,MN770193.1_1,679,16,Betatorquevirus
MN770191.1,TTV-like mini virus,Betatorquevirus,Anelloviridae,SAfiA-388-110,93678,TTV-like mini virus,2877,"",8,83,1575,Betatorquevirus,MN770191.1,MN770191.1_1,661,17,Betatorquevirus
MN770190.1,TTV-like mini virus,Betatorquevirus,Anelloviridae,SAfiA-38-5,93678,TTV-like mini virus,2938,"",67,53,168,Betatorquevirus,MN770190.1,MN770190.1_1,670,20,Betatorquevirus
MN770189.1,TTV-like mini virus,Betatorquevirus,Anelloviridae,SAfiA-380-68,93678,TTV-like mini virus,2817,"",0,214,1950,Betatorquevirus,MN770189.1,MN770189.1_1,656,2,Betatorquevirus
MN770187.1,TTV-like mini virus,Betatorquevirus,Anelloviridae,SAfiA-369-26,93678,TTV-like mini virus,2810,"",0,0,1990,Betatorquevirus,MN770187.1,MN770187.1_1,659,2,Betatorquevirus
MN770185.1,TTV-like mini virus,Betatorquevirus,Anelloviridae,SAfiA-349-15,93678,TTV-like mini virus,2939,"",3,626,441,Betatorquevirus,MN770185.1,MN770185.1_1,673,14,Betatorquevirus
MN770184.1,TTV-like mini virus,Betatorquevirus,Anelloviridae,SAfiA-326-3,93678,TTV-like mini virus,2997,"",269,527,983,Betatorquevirus,MN770184.1,MN770184.1_1,676,22,Betatorquevirus
MN770181.1,TTV-like mini virus,Betatorquevirus,Anelloviridae,SAfiA-317-7,93678,TTV-like mini virus,2906,"",4,209,528,Betatorquevirus,MN770181.1,MN770181.1_1,671,10,Betatorquevirus
MN770179.1,TTV-like mini virus,Betatorquevirus,Anelloviridae,SAfiA-275-30,93678,TTV-like mini virus,2944,"",181,143,1143,Betatorquevirus,MN770179.1,MN770179.1_1,674,14,Betatorquevirus
MN770177.1,TTV-like mini virus,Betatorquevirus,Anelloviridae,SAfiA-118-5,93678,TTV-like mini virus,2906,"",4,41,1351,Betatorquevirus,MN770177.1,MN770177.1_1,668,10,Betatorquevirus
MN770174.1,TTV-like mini virus,Betatorquevirus,Anelloviridae,SAfiA-867-318,93678,TTV-like mini virus,2912,"",18,120,95,Betatorquevirus,MN770174.1,MN770174.1_1,671,17,Betatorquevirus
MN770172.1,TTV-like mini virus,Betatorquevirus,Anelloviridae,SAfiA-77-88,93678,TTV-like mini virus,2950,"",37,58,1117,Betatorquevirus,MN770172.1,MN770172.1_1,685,20,Betatorquevirus
MN770170.1,TTV-like mini virus,Betatorquevirus,Anelloviridae,SAfiA-692-0,93678,TTV-like mini virus,2992,"",6,117,199,Betatorquevirus,MN770170.1,MN770170.1_1,666,11,Betatorquevirus
MN770168.1,TTV-like mini virus,Betatorquevirus,Anelloviridae,SAfiA-684-10,93678,TTV-like mini virus,2832,"",29,947,1875,Betatorquevirus,MN770168.1,MN770168.1_1,658,21,Betatorquevirus
MN770164.1,TTV-like mini virus,Betatorquevirus,Anelloviridae,SAfiA-651-29,93678,TTV-like mini virus,2864,"",46,188,1671,Betatorquevirus,MN770164.1,MN770164.1_1,669,17,Betatorquevirus
MN770161.1,TTV-like mini virus,Betatorquevirus,Anelloviridae,SAfiA-610-8,93678,TTV-like mini virus,3020,"",38,86,57,Betatorquevirus,MN770161.1,MN770161.1_1,679,12,Betatorquevirus
MN770160.1,TTV-like mini virus,Betatorquevirus,Anelloviridae,SAfiA-604-5,93678,TTV-like mini virus,2994,"",34,786,991,Betatorquevirus,MN770160.1,MN770160.1_1,669,22,Betatorquevirus
MN770154.1,TTV-like mini virus,Betatorquevirus,Anelloviridae,SAfiA-548-10,93678,TTV-like mini virus,2869,"",4,432,186,Betatorquevirus,MN770154.1,MN770154.1_1,660,10,Betatorquevirus
MN770153.1,TTV-like mini virus,Betatorquevirus,Anelloviridae,SAfiA-504-7,93678,TTV-like mini virus,2891,"",10,94,1478,Betatorquevirus,MN770153.1,MN770153.1_1,662,13,Betatorquevirus
MN770149.1,TTV-like mini virus,Betatorquevirus,Anelloviridae,SAfiA-388-49,93678,TTV-like mini virus,2897,"",17,352,1429,Betatorquevirus,MN770149.1,MN770149.1_1,673,7,Betatorquevirus
MN770148.1,TTV-like mini virus,Betatorquevirus,Anelloviridae,SAfiA-388-145,93678,TTV-like mini virus,2810,"",45,7,330,Betatorquevirus,MN770148.1,MN770148.1_1,642,2,Betatorquevirus
MN770147.1,TTV-like mini virus,Betatorquevirus,Anelloviridae,SAfiA-380-38,93678,TTV-like mini virus,2923,"",37,58,1238,Betatorquevirus,MN770147.1,MN770147.1_1,685,20,Betatorquevirus
MN770146.1,TTV-like mini virus,Betatorquevirus,Anelloviridae,SAfiA-37-8,93678,TTV-like mini virus,2834,"",39,65,111,Betatorquevirus,MN770146.1,MN770146.1_1,649,2,Betatorquevirus
MN770145.1,TTV-like mini virus,Betatorquevirus,Anelloviridae,SAfiA-374-7,93678,TTV-like mini virus,2907,"",2,141,509,Betatorquevirus,MN770145.1,MN770145.1_1,670,16,Betatorquevirus
MN770143.1,TTV-like mini virus,Betatorquevirus,Anelloviridae,SAfiA-35-35,93678,TTV-like mini virus,2879,"",19,192,416,Betatorquevirus,MN770143.1,MN770143.1_1,661,16,Betatorquevirus
MN770140.1,TTV-like mini virus,Betatorquevirus,Anelloviridae,SAfiA-331-19,93678,TTV-like mini virus,2884,"",37,58,1527,Betatorquevirus,MN770140.1,MN770140.1_1,681,20,Betatorquevirus
MN770138.1,TTV-like mini virus,Betatorquevirus,Anelloviridae,SAfiA-313B-30,93678,TTV-like mini virus,2830,"",0,3,1889,Betatorquevirus,MN770138.1,MN770138.1_1,659,2,Betatorquevirus
MN770137.1,TTV-like mini virus,Betatorquevirus,Anelloviridae,SAfiA-313A-25,93678,TTV-like mini virus,2911,"",37,58,1319,Betatorquevirus,MN770137.1,MN770137.1_1,681,20,Betatorquevirus
MN770136.1,TTV-like mini virus,Betatorquevirus,Anelloviridae,SAfiA-31-21,93678,TTV-like mini virus,2899,"",40,156,135,Betatorquevirus,MN770136.1,MN770136.1_1,664,4,Betatorquevirus
MN770134.1,TTV-like mini virus,Betatorquevirus,Anelloviridae,SAfiA-297-101,93678,TTV-like mini virus,2867,"",69,374,1648,Betatorquevirus,MN770134.1,MN770134.1_1,645,19,Betatorquevirus
MN770133.1,TTV-like mini virus,Betatorquevirus,Anelloviridae,SAfiA-275-58,93678,TTV-like mini virus,2814,"",69,374,1971,Betatorquevirus,MN770133.1,MN770133.1_1,645,19,Betatorquevirus
MN770132.1,TTV-like mini virus,Betatorquevirus,Anelloviridae,SAfiA-275-31,93678,TTV-like mini virus,2809,"",45,7,277,Betatorquevirus,MN770132.1,MN770132.1_1,642,2,Betatorquevirus
MN770131.1,TTV-like mini virus,Betatorquevirus,Anelloviridae,SAfiA-267-9,93678,TTV-like mini virus,2985,"",22,17,16,Betatorquevirus,MN770131.1,MN770131.1_1,675,11,Betatorquevirus
MN770129.1,TTV-like mini virus,Betatorquevirus,Anelloviridae,SAfiA-235-48,93678,TTV-like mini virus,2826,"",172,255,583,Betatorquevirus,MN770129.1,MN770129.1_1,639,3,Betatorquevirus
MN770128.1,TTV-like mini virus,Betatorquevirus,Anelloviridae,SAfiA-225-3,93678,TTV-like mini virus,2957,"",34,317,405,Betatorquevirus,MN770128.1,MN770128.1_1,670,22,Betatorquevirus
MN770127.1,TTV-like mini virus,Betatorquevirus,Anelloviridae,SAfiA-100A-24,93678,TTV-like mini virus,2942,"",34,312,327,Betatorquevirus,MN770127.1,MN770127.1_1,666,22,Betatorquevirus
MN770125.1,TTV-like mini virus,Betatorquevirus,Anelloviridae,SAfiA-94-26,93678,TTV-like mini virus,2839,"",4,404,585,Betatorquevirus,MN770125.1,MN770125.1_1,654,10,Betatorquevirus
MN770124.1,TTV-like mini virus,Betatorquevirus,Anelloviridae,SAfiA-94-10,93678,TTV-like mini virus,2972,"",44,129,115,Betatorquevirus,MN770124.1,MN770124.1_1,678,20,Betatorquevirus
MN770123.1,TTV-like mini virus,Betatorquevirus,Anelloviridae,SAfiA-89-6,93678,TTV-like mini virus,2874,"",4,692,1605,Betatorquevirus,MN770123.1,MN770123.1_1,665,10,Betatorquevirus
MN770122.1,TTV-like mini virus,Betatorquevirus,Anelloviridae,SAfiA-88-26,93678,TTV-like mini virus,2848,"",104,89,1782,Betatorquevirus,MN770122.1,MN770122.1_1,656,21,Betatorquevirus
MN770121.1,TTV-like mini virus,Betatorquevirus,Anelloviridae,SAfiA-87-54,93678,TTV-like mini virus,2782,"",86,62,2085,Betatorquevirus,MN770121.1,MN770121.1_1,663,24,Betatorquevirus
MN770119.1,TTV-like mini virus,Betatorquevirus,Anelloviridae,SAfiA-859-9,93678,TTV-like mini virus,2889,"",5,409,1498,Betatorquevirus,MN770119.1,MN770119.1_1,662,15,Betatorquevirus
MN770118.1,TTV-like mini virus,Betatorquevirus,Anelloviridae,SAfiA-81-28,93678,TTV-like mini virus,2811,"",82,75,1986,Betatorquevirus,MN770118.1,MN770118.1_1,653,19,Betatorquevirus
MN770114.1,TTV-like mini virus,Betatorquevirus,Anelloviridae,SAfiA-686-15,93678,TTV-like mini virus,2878,"",287,600,332,Betatorquevirus,MN770114.1,MN770114.1_1,662,22,Betatorquevirus
MN770112.1,TTV-like mini virus,Betatorquevirus,Anelloviridae,SAfiA-676-2,93678,TTV-like mini virus,3046,"",3,50,510,Betatorquevirus,MN770112.1,MN770112.1_1,688,14,Betatorquevirus
MN770111.1,TTV-like mini virus,Betatorquevirus,Anelloviridae,SAfiA-67-2,93678,TTV-like mini virus,2838,"",60,258,285,Betatorquevirus,MN770111.1,MN770111.1_1,667,20,Betatorquevirus
MN770109.1,TTV-like mini virus,Betatorquevirus,Anelloviridae,SAfiA-650-7,93678,TTV-like mini virus,2889,"",87,634,498,Betatorquevirus,MN770109.1,MN770109.1_1,651,2,Betatorquevirus
MN770108.1,TTV-like mini virus,Betatorquevirus,Anelloviridae,SAfiA-646-10,93678,TTV-like mini virus,2840,"",98,61,263,Betatorquevirus,MN770108.1,MN770108.1_1,648,2,Betatorquevirus
MN770106.1,TTV-like mini virus,Betatorquevirus,Anelloviridae,SAfiA-628-41,93678,TTV-like mini virus,2866,"",46,29,1656,Betatorquevirus,MN770106.1,MN770106.1_1,665,17,Betatorquevirus
MN770105.1,TTV-like mini virus,Betatorquevirus,Anelloviridae,SAfiA-628-26,93678,TTV-like mini virus,2915,"",10,839,1288,Betatorquevirus,MN770105.1,MN770105.1_1,661,13,Betatorquevirus
MN770104.1,TTV-like mini virus,Betatorquevirus,Anelloviridae,SAfiA-611-157,93678,TTV-like mini virus,2821,"",48,488,1935,Betatorquevirus,MN770104.1,MN770104.1_1,642,19,Betatorquevirus
MN770103.1,TTV-like mini virus,Betatorquevirus,Anelloviridae,SAfiA-611-142,93678,TTV-like mini virus,2897,"",7,513,1428,Betatorquevirus,MN770103.1,MN770103.1_1,675,20,Betatorquevirus
MN770101.1,TTV-like mini virus,Betatorquevirus,Anelloviridae,SAfiA-609-15,93678,TTV-like mini virus,2852,"",46,499,1748,Betatorquevirus,MN770101.1,MN770101.1_1,665,17,Betatorquevirus
MN770099.1,TTV-like mini virus,Betatorquevirus,Anelloviridae,SAfiA-590-68,93678,TTV-like mini virus,2802,"",235,344,2030,Betatorquevirus,MN770099.1,MN770099.1_1,671,24,Betatorquevirus
MN770097.1,TTV-like mini virus,Betatorquevirus,Anelloviridae,SAfiA-587-43,93678,TTV-like mini virus,2915,"",149,518,1287,Betatorquevirus,MN770097.1,MN770097.1_1,666,8,Betatorquevirus
MN770094.1,TTV-like mini virus,Betatorquevirus,Anelloviridae,SAfiA-581-41,93678,TTV-like mini virus,2848,"",104,89,1781,Betatorquevirus,MN770094.1,MN770094.1_1,656,21,Betatorquevirus
MN770093.1,TTV-like mini virus,Betatorquevirus,Anelloviridae,SAfiA-581-25,93678,TTV-like mini virus,2845,"",94,307,316,Betatorquevirus,MN770093.1,MN770093.1_1,665,4,Betatorquevirus
MN770092.1,TTV-like mini virus,Betatorquevirus,Anelloviridae,SAfiA-581-13,93678,TTV-like mini virus,2918,"",280,837,1270,Betatorquevirus,MN770092.1,MN770092.1_1,680,25,Betatorquevirus
MN770091.1,TTV-like mini virus,Betatorquevirus,Anelloviridae,SAfiA-574-5,93678,TTV-like mini virus,2952,"",198,325,126,Betatorquevirus,MN770091.1,MN770091.1_1,684,27,Hetorquevirus
MN770088.1,TTV-like mini virus,Betatorquevirus,Anelloviridae,SAfiA-558-10,93678,TTV-like mini virus,2845,"",94,307,1796,Betatorquevirus,MN770088.1,MN770088.1_1,665,4,Betatorquevirus
MN770087.1,TTV-like mini virus,Betatorquevirus,Anelloviridae,SAfiA-555-10,93678,TTV-like mini virus,2923,"",31,34,1237,Betatorquevirus,MN770087.1,MN770087.1_1,667,16,Betatorquevirus
MN770086.1,TTV-like mini virus,Betatorquevirus,Anelloviridae,SAfiA-542-36,93678,TTV-like mini virus,2836,"",118,113,178,Betatorquevirus,MN770086.1,MN770086.1_1,668,24,Betatorquevirus
MN770082.1,TTV-like mini virus,Betatorquevirus,Anelloviridae,SAfiA-500-16,93678,TTV-like mini virus,2974,"",34,38,1041,Betatorquevirus,MN770082.1,MN770082.1_1,674,22,Betatorquevirus
MN770081.1,TTV-like mini virus,Betatorquevirus,Anelloviridae,SAfiA-488-5,93678,TTV-like mini virus,2960,"",57,130,1082,Betatorquevirus,MN770081.1,MN770081.1_1,671,22,Betatorquevirus
MN770080.1,TTV-like mini virus,Betatorquevirus,Anelloviridae,SAfiA-47-8,93678,TTV-like mini virus,2933,"",3,278,1190,Betatorquevirus,MN770080.1,MN770080.1_1,667,14,Betatorquevirus
MN770078.1,TTV-like mini virus,Betatorquevirus,Anelloviridae,SAfiA-434-6,93678,TTV-like mini virus,2843,"",346,933,1807,Betatorquevirus,MN770078.1,MN770078.1_1,662,16,Betatorquevirus
MN770077.1,TTV-like mini virus,Betatorquevirus,Anelloviridae,SAfiA-434-5,93678,TTV-like mini virus,2863,"",58,904,1675,Betatorquevirus,MN770077.1,MN770077.1_1,664,13,Betatorquevirus
MN770075.1,TTV-like mini virus,Betatorquevirus,Anelloviridae,SAfiA-4-12,93678,TTV-like mini virus,2933,"",180,824,1189,Betatorquevirus,MN770075.1,MN770075.1_1,684,9,Betatorquevirus
MN770072.1,TTV-like mini virus,Betatorquevirus,Anelloviridae,SAfiA-388-123,93678,TTV-like mini virus,2823,"",237,954,1929,Betatorquevirus,MN770072.1,MN770072.1_1,656,2,Betatorquevirus
MN770071.1,TTV-like mini virus,Betatorquevirus,Anelloviridae,SAfiA-388-102,93678,TTV-like mini virus,2808,"",201,968,2005,Betatorquevirus,MN770071.1,MN770071.1_1,672,24,Betatorquevirus
MN770069.1,TTV-like mini virus,Betatorquevirus,Anelloviridae,SAfiA-376-26,93678,TTV-like mini virus,2849,"",61,68,1767,Betatorquevirus,MN770069.1,MN770069.1_1,648,21,Betatorquevirus
MN770067.1,TTV-like mini virus,Betatorquevirus,Anelloviridae,SAfiA-367-33,93678,TTV-like mini virus,2866,"",81,505,1655,Betatorquevirus,MN770067.1,MN770067.1_1,654,19,Betatorquevirus
MN770064.1,TTV-like mini virus,Betatorquevirus,Anelloviridae,SAfiA-359-21,93678,TTV-like mini virus,2851,"",97,924,1754,Betatorquevirus,MN770064.1,MN770064.1_1,667,16,Betatorquevirus
MN770063.1,TTV-like mini virus,Betatorquevirus,Anelloviridae,SAfiA-35-44,93678,TTV-like mini virus,2918,"",22,261,1269,Betatorquevirus,MN770063.1,MN770063.1_1,671,11,Betatorquevirus
MN770062.1,TTV-like mini virus,Betatorquevirus,Anelloviridae,SAfiA-354-0,93678,TTV-like mini virus,2901,"",2,629,466,Betatorquevirus,MN770062.1,MN770062.1_1,664,16,Betatorquevirus
MN770061.1,TTV-like mini virus,Betatorquevirus,Anelloviridae,SAfiA-353-19,93678,TTV-like mini virus,2934,"",145,564,1182,Betatorquevirus,MN770061.1,MN770061.1_1,688,23,Betatorquevirus
MN770060.1,TTV-like mini virus,Betatorquevirus,Anelloviridae,SAfiA-353-18,93678,TTV-like mini virus,2982,"",38,147,1021,Betatorquevirus,MN770060.1,MN770060.1_1,670,12,Betatorquevirus
MN770059.1,TTV-like mini virus,Betatorquevirus,Anelloviridae,SAfiA-35-28,93678,TTV-like mini virus,2900,"",30,389,1405,Betatorquevirus,MN770059.1,MN770059.1_1,674,7,Betatorquevirus
MN770056.1,TTV-like mini virus,Betatorquevirus,Anelloviridae,SAfiA-349-24,93678,TTV-like mini virus,2916,"",52,300,267,Betatorquevirus,MN770056.1,MN770056.1_1,674,11,Betatorquevirus
MN770053.1,TTV-like mini virus,Betatorquevirus,Anelloviridae,SAfiA-333-17,93678,TTV-like mini virus,2865,"",59,264,1663,Betatorquevirus,MN770053.1,MN770053.1_1,655,15,Betatorquevirus
MN770051.1,TTV-like mini virus,Betatorquevirus,Anelloviridae,SAfiA-314-18,93678,TTV-like mini virus,2959,"",139,309,318,Betatorquevirus,MN770051.1,MN770051.1_1,670,12,Betatorquevirus
MN770050.1,TTV-like mini virus,Betatorquevirus,Anelloviridae,SAfiA-311-17,93678,TTV-like mini virus,2836,"",46,29,1854,Betatorquevirus,MN770050.1,MN770050.1_1,664,17,Betatorquevirus
MN770049.1,TTV-like mini virus,Betatorquevirus,Anelloviridae,SAfiA-306B-9,93678,TTV-like mini virus,2967,"",140,310,215,Betatorquevirus,MN770049.1,MN770049.1_1,675,5,Betatorquevirus
MN770046.1,TTV-like mini virus,Betatorquevirus,Anelloviridae,SAfiA-275-43,93678,TTV-like mini virus,2886,"",225,636,506,Betatorquevirus,MN770046.1,MN770046.1_1,670,7,Betatorquevirus
MN770045.1,TTV-like mini virus,Betatorquevirus,Anelloviridae,SAfiA-275-24,93678,TTV-like mini virus,2978,"",108,796,1028,Betatorquevirus,MN770045.1,MN770045.1_1,681,18,Betatorquevirus
MN770044.1,TTV-like mini virus,Betatorquevirus,Anelloviridae,SAfiA-274-12,93678,TTV-like mini virus,2974,"",34,38,36,Betatorquevirus,MN770044.1,MN770044.1_1,674,22,Betatorquevirus
MN770040.1,TTV-like mini virus,Betatorquevirus,Anelloviridae,SAfiA-235-37,93678,TTV-like mini virus,2914,"",47,588,1293,Betatorquevirus,MN770040.1,MN770040.1_1,685,20,Betatorquevirus
MN770037.1,TTV-like mini virus,Betatorquevirus,Anelloviridae,SAfiA-227-10,93678,TTV-like mini virus,2950,"",28,427,501,Betatorquevirus,MN770037.1,MN770037.1_1,679,6,Betatorquevirus
MN770036.1,TTV-like mini virus,Betatorquevirus,Anelloviridae,SAfiA-224-13,93678,TTV-like mini virus,2963,"",150,178,49,Betatorquevirus,MN770036.1,MN770036.1_1,677,22,Betatorquevirus
MN770034.1,TTV-like mini virus,Betatorquevirus,Anelloviridae,SAfiA-121-16,93678,TTV-like mini virus,2802,"",371,976,2029,Betatorquevirus,MN770034.1,MN770034.1_1,653,2,Betatorquevirus
MN770031.1,TTV-like mini virus,Betatorquevirus,Anelloviridae,SAfiA-113-25,93678,TTV-like mini virus,2838,"",98,61,1842,Betatorquevirus,MN770031.1,MN770031.1_1,648,2,Betatorquevirus
MN770030.1,TTV-like mini virus,Betatorquevirus,Anelloviridae,SAfiA-102-43,93678,TTV-like mini virus,2987,"",33,1,1011,Betatorquevirus,MN770030.1,MN770030.1_1,668,5,Betatorquevirus
MN770028.1,TTV-like mini virus,Betatorquevirus,Anelloviridae,SAfiA-87-35,93678,TTV-like mini virus,2849,"",49,359,1766,Betatorquevirus,MN770028.1,MN770028.1_1,651,13,Betatorquevirus
MN770026.1,TTV-like mini virus,Betatorquevirus,Anelloviridae,SAfiA-861-163,93678,TTV-like mini virus,2874,"",144,218,251,Betatorquevirus,MN770026.1,MN770026.1_1,648,19,Betatorquevirus
MN770024.1,TTV-like mini virus,Betatorquevirus,Anelloviridae,SAfiA-857-191,93678,TTV-like mini virus,2889,"",2,570,1497,Betatorquevirus,MN770024.1,MN770024.1_1,668,16,Betatorquevirus
MN770019.1,TTV-like mini virus,Betatorquevirus,Anelloviridae,SAfiA-833-13,93678,TTV-like mini virus,2905,"",1,36,1360,Betatorquevirus,MN770019.1,MN770019.1_1,667,10,Betatorquevirus
MN770017.1,TTV-like mini virus,Betatorquevirus,Anelloviridae,SAfiA-813-453,93678,TTV-like mini virus,2876,"",4,91,205,Betatorquevirus,MN770017.1,MN770017.1_1,659,10,Betatorquevirus
MN770015.1,TTV-like mini virus,Betatorquevirus,Anelloviridae,SAfiA-795-16,93678,TTV-like mini virus,2858,"",49,359,549,Betatorquevirus,MN770015.1,MN770015.1_1,649,13,Betatorquevirus
MN770011.1,TTV-like mini virus,Betatorquevirus,Anelloviridae,SAfiA-774-154,93678,TTV-like mini virus,2938,"",31,131,58,Betatorquevirus,MN770011.1,MN770011.1_1,666,16,Betatorquevirus
MN770009.1,TTV-like mini virus,Betatorquevirus,Anelloviridae,SAfiA-766-283,93678,TTV-like mini virus,2889,"",149,873,1496,Betatorquevirus,MN770009.1,MN770009.1_1,665,8,Betatorquevirus
MN770005.1,TTV-like mini virus,Betatorquevirus,Anelloviridae,SAfiA-75-298,93678,TTV-like mini virus,2825,"",61,950,1910,Betatorquevirus,MN770005.1,MN770005.1_1,650,21,Betatorquevirus
MN770002.1,TTV-like mini virus,Betatorquevirus,Anelloviridae,SAfiA-71-12,93678,TTV-like mini virus,2929,"",326,696,1213,Betatorquevirus,MN770002.1,MN770002.1_1,664,10,Betatorquevirus
MN769998.1,TTV-like mini virus,Betatorquevirus,Anelloviridae,SAfiA-680-3,93678,TTV-like mini virus,2952,"",4,49,9,Betatorquevirus,MN769998.1,MN769998.1_1,673,10,Betatorquevirus
MN769997.1,TTV-like mini virus,Betatorquevirus,Anelloviridae,SAfiA-674-8,93678,TTV-like mini virus,2824,"",15,43,543,Betatorquevirus,MN769997.1,MN769997.1_1,654,5,Betatorquevirus
MN769994.1,TTV-like mini virus,Betatorquevirus,Anelloviridae,SAfiA-658-3,93678,TTV-like mini virus,2974,"",126,169,1040,Betatorquevirus,MN769994.1,MN769994.1_1,676,5,Betatorquevirus
MN769993.1,TTV-like mini virus,Betatorquevirus,Anelloviridae,SAfiA-651-19,93678,TTV-like mini virus,2897,"",18,357,1427,Betatorquevirus,MN769993.1,MN769993.1_1,667,17,Betatorquevirus
MN769991.1,TTV-like mini virus,Betatorquevirus,Anelloviridae,SAfiA-647-7,93678,TTV-like mini virus,2902,"",4,272,232,Betatorquevirus,MN769991.1,MN769991.1_1,672,10,Betatorquevirus
MN769985.1,TTV-like mini virus,Betatorquevirus,Anelloviridae,SAfiA-616-5,93678,TTV-like mini virus,3040,"",3,97,28,Betatorquevirus,MN769985.1,MN769985.1_1,674,14,Betatorquevirus
MN769983.1,TTV-like mini virus,Betatorquevirus,Anelloviridae,SAfiA-61-5,93678,TTV-like mini virus,2928,"",1,110,314,Betatorquevirus,MN769983.1,MN769983.1_1,676,10,Betatorquevirus
MN769981.1,TTV-like mini virus,Betatorquevirus,Anelloviridae,SAfiA-604-12,93678,TTV-like mini virus,2905,"",129,850,1359,Betatorquevirus,MN769981.1,MN769981.1_1,671,8,Betatorquevirus
MN769978.1,TTV-like mini virus,Betatorquevirus,Anelloviridae,SAfiA-595-15,93678,TTV-like mini virus,2918,"",79,180,51,Betatorquevirus,MN769978.1,MN769978.1_1,664,4,Betatorquevirus
MN769977.1,TTV-like mini virus,Betatorquevirus,Anelloviridae,SAfiA-594-62,93678,TTV-like mini virus,2977,"",108,159,73,Betatorquevirus,MN769977.1,MN769977.1_1,686,18,Betatorquevirus
MN769976.1,TTV-like mini virus,Betatorquevirus,Anelloviridae,SAfiA-590-95,93678,TTV-like mini virus,2782,"",54,16,2084,Betatorquevirus,MN769976.1,MN769976.1_1,635,3,Betatorquevirus
MN769974.1,TTV-like mini virus,Betatorquevirus,Anelloviridae,SAfiA-590-52,93678,TTV-like mini virus,2891,"",281,469,1477,Betatorquevirus,MN769974.1,MN769974.1_1,677,18,Betatorquevirus
MN769973.1,TTV-like mini virus,Betatorquevirus,Anelloviridae,SAfiA-590-39,93678,TTV-like mini virus,2903,"",26,399,1375,Betatorquevirus,MN769973.1,MN769973.1_1,670,8,Betatorquevirus
MN769972.1,TTV-like mini virus,Betatorquevirus,Anelloviridae,SAfiA-590-36,93678,TTV-like mini virus,2913,"",3,546,1301,Betatorquevirus,MN769972.1,MN769972.1_1,666,14,Betatorquevirus
MN769971.1,TTV-like mini virus,Betatorquevirus,Anelloviridae,SAfiA-587-92,93678,TTV-like mini virus,2812,"",69,966,1983,Betatorquevirus,MN769971.1,MN769971.1_1,644,19,Betatorquevirus
MN769969.1,TTV-like mini virus,Betatorquevirus,Anelloviridae,SAfiA-587-83,93678,TTV-like mini virus,2885,"",4,91,1521,Betatorquevirus,MN769969.1,MN769969.1_1,662,10,Betatorquevirus
MN769968.1,TTV-like mini virus,Betatorquevirus,Anelloviridae,SAfiA-587-30,93678,TTV-like mini virus,2962,"",3,579,1064,Betatorquevirus,MN769968.1,MN769968.1_1,676,14,Betatorquevirus
MN769967.1,TTV-like mini virus,Betatorquevirus,Anelloviridae,SAfiA-587-27,93678,TTV-like mini virus,2941,"",88,517,1156,Betatorquevirus,MN769967.1,MN769967.1_1,672,10,Betatorquevirus
MN769966.1,TTV-like mini virus,Betatorquevirus,Anelloviridae,SAfiA-587-20,93678,TTV-like mini virus,2976,"",3,45,1037,Betatorquevirus,MN769966.1,MN769966.1_1,678,14,Betatorquevirus
MN769962.1,TTV-like mini virus,Betatorquevirus,Anelloviridae,SAfiA-577-114,93678,TTV-like mini virus,2905,"",1,36,1358,Betatorquevirus,MN769962.1,MN769962.1_1,667,10,Betatorquevirus
MN769958.1,TTV-like mini virus,Betatorquevirus,Anelloviridae,SAfiA-574-15,93678,TTV-like mini virus,2905,"",1,36,192,Betatorquevirus,MN769958.1,MN769958.1_1,667,10,Betatorquevirus
MN769954.1,TTV-like mini virus,Betatorquevirus,Anelloviridae,SAfiA-57-29,93678,TTV-like mini virus,2861,"",48,23,1690,Betatorquevirus,MN769954.1,MN769954.1_1,653,19,Betatorquevirus
MN769951.1,TTV-like mini virus,Betatorquevirus,Anelloviridae,SAfiA-569-3,93678,TTV-like mini virus,2933,"",146,256,1188,Betatorquevirus,MN769951.1,MN769951.1_1,682,23,Betatorquevirus
MN769950.1,TTV-like mini virus,Betatorquevirus,Anelloviridae,SAfiA-567-20,93678,TTV-like mini virus,2920,"",1,77,469,Betatorquevirus,MN769950.1,MN769950.1_1,672,10,Betatorquevirus
MN769949.1,TTV-like mini virus,Betatorquevirus,Anelloviridae,SAfiA-565-9,93678,TTV-like mini virus,2933,"",146,256,1187,Betatorquevirus,MN769949.1,MN769949.1_1,682,23,Betatorquevirus
MN769945.1,TTV-like mini virus,Betatorquevirus,Anelloviridae,SAfiA-552-28,93678,TTV-like mini virus,2836,"",285,942,1853,Betatorquevirus,MN769945.1,MN769945.1_1,544,24,Betatorquevirus
MN769940.1,TTV-like mini virus,Betatorquevirus,Anelloviridae,SAfiA-414-14,93678,TTV-like mini virus,2895,"",193,341,1446,Betatorquevirus,MN769940.1,MN769940.1_1,671,9,Betatorquevirus
MN769939.1,TTV-like mini virus,Betatorquevirus,Anelloviridae,SAfiA-413-3,93678,TTV-like mini virus,2950,"",23,47,1116,Betatorquevirus,MN769939.1,MN769939.1_1,673,12,Betatorquevirus
MN769931.1,TTV-like mini virus,Betatorquevirus,Anelloviridae,SAfiA-388-65,93678,TTV-like mini virus,2875,"",185,291,1597,Betatorquevirus,MN769931.1,MN769931.1_1,660,5,Betatorquevirus
MN769930.1,TTV-like mini virus,Betatorquevirus,Anelloviridae,SAfiA-388-53,93678,TTV-like mini virus,2891,"",55,254,1476,Betatorquevirus,MN769930.1,MN769930.1_1,664,10,Betatorquevirus
MN769928.1,TTV-like mini virus,Betatorquevirus,Anelloviridae,SAfiA-388-38,93678,TTV-like mini virus,2908,"",26,596,308,Betatorquevirus,MN769928.1,MN769928.1_1,668,8,Betatorquevirus
MN769927.1,TTV-like mini virus,Betatorquevirus,Anelloviridae,SAfiA-388-33,93678,TTV-like mini virus,2951,"",232,390,404,Betatorquevirus,MN769927.1,MN769927.1_1,671,8,Betatorquevirus
MN769926.1,TTV-like mini virus,Betatorquevirus,Anelloviridae,SAfiA-388-29,93678,TTV-like mini virus,2928,"",1,452,260,Betatorquevirus,MN769926.1,MN769926.1_1,674,10,Betatorquevirus
MN769925.1,TTV-like mini virus,Betatorquevirus,Anelloviridae,SAfiA-388-21,93678,TTV-like mini virus,2931,"",11,137,655,Betatorquevirus,MN769925.1,MN769925.1_1,675,12,Betatorquevirus
MN769924.1,TTV-like mini virus,Betatorquevirus,Anelloviridae,SAfiA-388-159,93678,TTV-like mini virus,2724,"",54,16,2150,Betatorquevirus,MN769924.1,MN769924.1_1,630,3,Betatorquevirus
MN769923.1,TTV-like mini virus,Betatorquevirus,Anelloviridae,SAfiA-380-35,93678,TTV-like mini virus,2865,"",49,20,1662,Betatorquevirus,MN769923.1,MN769923.1_1,654,13,Betatorquevirus
MN769921.1,TTV-like mini virus,Betatorquevirus,Anelloviridae,SAfiA-366-10,93678,TTV-like mini virus,2902,"",21,244,230,Betatorquevirus,MN769921.1,MN769921.1_1,511,4,Betatorquevirus
MN769918.1,TTV-like mini virus,Betatorquevirus,Anelloviridae,SAfiA-353-26,93678,TTV-like mini virus,2909,"",88,845,1334,Betatorquevirus,MN769918.1,MN769918.1_1,665,10,Betatorquevirus
MN769917.1,TTV-like mini virus,Betatorquevirus,Anelloviridae,SAfiA-35-26,93678,TTV-like mini virus,2933,"",146,256,1186,Betatorquevirus,MN769917.1,MN769917.1_1,682,23,Betatorquevirus
MN769914.1,TTV-like mini virus,Betatorquevirus,Anelloviridae,SAfiA-35-17,93678,TTV-like mini virus,2939,"",3,143,1163,Betatorquevirus,MN769914.1,MN769914.1_1,674,14,Betatorquevirus
MN769911.1,TTV-like mini virus,Betatorquevirus,Anelloviridae,SAfiA-349-34,93678,TTV-like mini virus,2922,"",55,140,1249,Betatorquevirus,MN769911.1,MN769911.1_1,661,10,Betatorquevirus
MN769910.1,TTV-like mini virus,Betatorquevirus,Anelloviridae,SAfiA-349-30,93678,TTV-like mini virus,2897,"",4,859,1426,Betatorquevirus,MN769910.1,MN769910.1_1,670,10,Betatorquevirus
MN769905.1,TTV-like mini virus,Betatorquevirus,Anelloviridae,SAfiA-346-26,93678,TTV-like mini virus,2892,"",4,426,1467,Betatorquevirus,MN769905.1,MN769905.1_1,670,10,Betatorquevirus
MN769904.1,TTV-like mini virus,Betatorquevirus,Anelloviridae,SAfiA-346-15,93678,TTV-like mini virus,2932,"",129,424,288,Betatorquevirus,MN769904.1,MN769904.1_1,675,8,Betatorquevirus
MN769903.1,TTV-like mini virus,Betatorquevirus,Anelloviridae,SAfiA-346-12,93678,TTV-like mini virus,2980,"",3,143,1026,Betatorquevirus,MN769903.1,MN769903.1_1,674,14,Betatorquevirus
MN769901.1,TTV-like mini virus,Betatorquevirus,Anelloviridae,SAfiA-335-4,93678,TTV-like mini virus,2875,"",1,571,1596,Betatorquevirus,MN769901.1,MN769901.1_1,661,10,Betatorquevirus
MN769900.1,TTV-like mini virus,Betatorquevirus,Anelloviridae,SAfiA-329-3,93678,TTV-like mini virus,2922,"",1,132,654,Betatorquevirus,MN769900.1,MN769900.1_1,671,10,Betatorquevirus
MN769897.1,TTV-like mini virus,Betatorquevirus,Anelloviridae,SAfiA-316-27,93678,TTV-like mini virus,2858,"",292,599,315,Betatorquevirus,MN769897.1,MN769897.1_1,667,24,Betatorquevirus
MN769891.1,TTV-like mini virus,Betatorquevirus,Anelloviridae,SAfiA-298-13,93678,TTV-like mini virus,2900,"",26,399,289,Betatorquevirus,MN769891.1,MN769891.1_1,669,8,Betatorquevirus
MN769890.1,TTV-like mini virus,Betatorquevirus,Anelloviridae,SAfiA-297-96,93678,TTV-like mini virus,2909,"",57,476,1333,Betatorquevirus,MN769890.1,MN769890.1_1,669,22,Betatorquevirus
MN769888.1,TTV-like mini virus,Betatorquevirus,Anelloviridae,SAfiA-297-86,93678,TTV-like mini virus,2983,"",161,793,1017,Betatorquevirus,MN769888.1,MN769888.1_1,675,12,Betatorquevirus
MN769887.1,TTV-like mini virus,Betatorquevirus,Anelloviridae,SAfiA-279-7,93678,TTV-like mini virus,2869,"",55,100,568,Betatorquevirus,MN769887.1,MN769887.1_1,660,10,Betatorquevirus
MN769886.1,TTV-like mini virus,Betatorquevirus,Anelloviridae,SAfiA-275-54,93678,TTV-like mini virus,2840,"",240,560,1826,Betatorquevirus,MN769886.1,MN769886.1_1,640,19,Betatorquevirus
MN769882.1,TTV-like mini virus,Betatorquevirus,Anelloviridae,SAfiA-260-3,93678,TTV-like mini virus,2973,"",3,45,26,Betatorquevirus,MN769882.1,MN769882.1_1,682,14,Betatorquevirus
MN769881.1,TTV-like mini virus,Betatorquevirus,Anelloviridae,SAfiA-254-19,93678,TTV-like mini virus,2922,"",1,132,1248,Betatorquevirus,MN769881.1,MN769881.1_1,671,10,Betatorquevirus
MN769876.1,TTV-like mini virus,Betatorquevirus,Anelloviridae,SAfiA-245-10,93678,TTV-like mini virus,2907,"",4,233,90,Betatorquevirus,MN769876.1,MN769876.1_1,664,10,Betatorquevirus
MN769874.1,TTV-like mini virus,Betatorquevirus,Anelloviridae,SAfiA-241-22,93678,TTV-like mini virus,2905,"",1,36,53,Betatorquevirus,MN769874.1,MN769874.1_1,667,10,Betatorquevirus
MN769872.1,TTV-like mini virus,Betatorquevirus,Anelloviridae,SAfiA-232-16,93678,TTV-like mini virus,2951,"",129,347,1112,Betatorquevirus,MN769872.1,MN769872.1_1,675,8,Betatorquevirus
MN769870.1,TTV-like mini virus,Betatorquevirus,Anelloviridae,SAfiA-225-8,93678,TTV-like mini virus,2870,"",153,179,50,Betatorquevirus,MN769870.1,MN769870.1_1,668,25,Betatorquevirus
MN769867.1,TTV-like mini virus,Betatorquevirus,Anelloviridae,SAfiA-125-12,93678,TTV-like mini virus,2949,"",3,104,8,Betatorquevirus,MN769867.1,MN769867.1_1,671,14,Betatorquevirus
MN769864.1,TTV-like mini virus,Betatorquevirus,Anelloviridae,SAfiA-124-17,93678,TTV-like mini virus,2934,"",181,443,233,Betatorquevirus,MN769864.1,MN769864.1_1,666,14,Betatorquevirus
MN769863.1,TTV-like mini virus,Betatorquevirus,Anelloviridae,SAfiA-123-22,93678,TTV-like mini virus,2896,"",1,254,1441,Betatorquevirus,MN769863.1,MN769863.1_1,666,10,Betatorquevirus
MN769862.1,TTV-like mini virus,Betatorquevirus,Anelloviridae,SAfiA-123-19,93678,TTV-like mini virus,2911,"",83,844,1318,Betatorquevirus,MN769862.1,MN769862.1_1,675,9,Betatorquevirus
MN769860.1,TTV-like mini virus,Betatorquevirus,Anelloviridae,SAfiA-11-27,93678,TTV-like mini virus,2862,"",4,470,1684,Betatorquevirus,MN769860.1,MN769860.1_1,653,10,Betatorquevirus
MN769859.1,TTV-like mini virus,Betatorquevirus,Anelloviridae,SAfiA-11-21,93678,TTV-like mini virus,2959,"",145,807,1085,Betatorquevirus,MN769859.1,MN769859.1_1,689,23,Betatorquevirus
MN769858.1,TTV-like mini virus,Betatorquevirus,Anelloviridae,SAfiA-110-13,93678,TTV-like mini virus,2859,"",49,20,70,Betatorquevirus,MN769858.1,MN769858.1_1,652,13,Betatorquevirus
MN769857.1,TTV-like mini virus,Betatorquevirus,Anelloviridae,SAfiA-108-17,93678,TTV-like mini virus,2922,"",1,132,1247,Betatorquevirus,MN769857.1,MN769857.1_1,671,10,Betatorquevirus
MN769855.1,TTV-like mini virus,Betatorquevirus,Anelloviridae,SAfiA-102-49,93678,TTV-like mini virus,2858,"",204,914,1715,Betatorquevirus,MN769855.1,MN769855.1_1,656,10,Betatorquevirus
MN769854.1,TTV-like mini virus,Betatorquevirus,Anelloviridae,SAfiA-10-15,93678,TTV-like mini virus,2863,"",4,457,269,Betatorquevirus,MN769854.1,MN769854.1_1,664,10,Betatorquevirus
MN769853.1,TTV-like mini virus,Betatorquevirus,Anelloviridae,SAfiA-92-20,93678,TTV-like mini virus,2853,"",368,921,1738,Betatorquevirus,MN769853.1,MN769853.1_1,664,25,Betatorquevirus
MN769852.1,TTV-like mini virus,Betatorquevirus,Anelloviridae,SAfiA-888-6,93678,TTV-like mini virus,2875,"",88,136,1595,Betatorquevirus,MN769852.1,MN769852.1_1,651,10,Betatorquevirus
MN769850.1,TTV-like mini virus,Betatorquevirus,Anelloviridae,SAfiA-535-8,93678,TTV-like mini virus,2912,"",55,140,1310,Betatorquevirus,MN769850.1,MN769850.1_1,660,10,Betatorquevirus
MN769849.1,TTV-like mini virus,Betatorquevirus,Anelloviridae,SAfiA-53-3,93678,TTV-like mini virus,2907,"",4,41,77,Betatorquevirus,MN769849.1,MN769849.1_1,671,10,Betatorquevirus
MN769843.1,TTV-like mini virus,Betatorquevirus,Anelloviridae,SAfiA-493-6,93678,TTV-like mini virus,2826,"",159,658,570,Betatorquevirus,MN769843.1,MN769843.1_1,664,24,Betatorquevirus
MN769842.1,TTV-like mini virus,Betatorquevirus,Anelloviridae,SAfiA-488-8,93678,TTV-like mini virus,2895,"",4,426,581,Betatorquevirus,MN769842.1,MN769842.1_1,670,10,Betatorquevirus
MN769840.1,TTV-like mini virus,Betatorquevirus,Anelloviridae,SAfiA-482-6,93678,TTV-like mini virus,2860,"",49,20,455,Betatorquevirus,MN769840.1,MN769840.1_1,652,13,Betatorquevirus
MN769838.1,TTV-like mini virus,Betatorquevirus,Anelloviridae,SAfiA-461-7,93678,TTV-like mini virus,2897,"",5,441,228,Betatorquevirus,MN769838.1,MN769838.1_1,665,15,Betatorquevirus
MN769837.1,TTV-like mini virus,Betatorquevirus,Anelloviridae,SAfiA-587-3,93678,TTV-like mini virus,2883,"",22,882,1536,Betatorquevirus,MN769837.1,MN769837.1_1,672,11,Betatorquevirus
MN769836.1,TTV-like mini virus,Betatorquevirus,Anelloviridae,SAfiA-388-3,93678,TTV-like mini virus,2903,"",17,84,1374,Betatorquevirus,MN769836.1,MN769836.1_1,672,7,Betatorquevirus
MN769832.1,TTV-like mini virus,Betatorquevirus,Anelloviridae,SAfiA-122-12,93678,TTV-like mini virus,2923,"",4,151,270,Betatorquevirus,MN769832.1,MN769832.1_1,672,10,Betatorquevirus
MN769828.1,TTV-like mini virus,Betatorquevirus,Anelloviridae,SAfiA-98-14,93678,TTV-like mini virus,2949,"",11,328,134,Betatorquevirus,MN769828.1,MN769828.1_1,677,12,Betatorquevirus
MN769824.1,TTV-like mini virus,Betatorquevirus,Anelloviridae,SAfiA-94-30,93678,TTV-like mini virus,2864,"",8,683,1670,Betatorquevirus,MN769824.1,MN769824.1_1,664,17,Betatorquevirus
MN769818.1,TTV-like mini virus,Betatorquevirus,Anelloviridae,SAfiA-8A-24,93678,TTV-like mini virus,2934,"",6,604,339,Betatorquevirus,MN769818.1,MN769818.1_1,678,11,Betatorquevirus
MN769816.1,TTV-like mini virus,Betatorquevirus,Anelloviridae,SAfiA-896-3,93678,TTV-like mini virus,2814,"",134,962,1970,Betatorquevirus,MN769816.1,MN769816.1_1,671,24,Betatorquevirus
MN769810.1,TTV-like mini virus,Betatorquevirus,Anelloviridae,SAfiA-886-8,93678,TTV-like mini virus,2851,"",159,923,1753,Betatorquevirus,MN769810.1,MN769810.1_1,669,24,Betatorquevirus
MN769809.1,TTV-like mini virus,Betatorquevirus,Anelloviridae,SAfiA-88-33,93678,TTV-like mini virus,2783,"",0,0,2082,Betatorquevirus,MN769809.1,MN769809.1_1,659,2,Betatorquevirus
MN769806.1,TTV-like mini virus,Betatorquevirus,Anelloviridae,SAfiA-88-27,93678,TTV-like mini virus,2885,"",147,586,1520,Betatorquevirus,MN769806.1,MN769806.1_1,671,7,Betatorquevirus
MN769805.1,TTV-like mini virus,Betatorquevirus,Anelloviridae,SAfiA-88-21,93678,TTV-like mini virus,2871,"",19,894,1621,Betatorquevirus,MN769805.1,MN769805.1_1,664,16,Betatorquevirus
MN769804.1,TTV-like mini virus,Betatorquevirus,Anelloviridae,SAfiA-88-14,93678,TTV-like mini virus,2882,"",12,226,647,Betatorquevirus,MN769804.1,MN769804.1_1,664,4,Betatorquevirus
MN769802.1,TTV-like mini virus,Betatorquevirus,Anelloviridae,SAfiA-879-6,93678,TTV-like mini virus,2971,"",47,798,1047,Betatorquevirus,MN769802.1,MN769802.1_1,682,20,Betatorquevirus
MN769801.1,TTV-like mini virus,Betatorquevirus,Anelloviridae,SAfiA-87-50,93678,TTV-like mini virus,2830,"",49,948,1888,Betatorquevirus,MN769801.1,MN769801.1_1,650,13,Betatorquevirus
MN769797.1,TTV-like mini virus,Betatorquevirus,Anelloviridae,SAfiA-87-44,93678,TTV-like mini virus,2811,"",82,75,1985,Betatorquevirus,MN769797.1,MN769797.1_1,653,19,Betatorquevirus
MN769796.1,TTV-like mini virus,Betatorquevirus,Anelloviridae,SAfiA-87-42,93678,TTV-like mini virus,2824,"",111,109,1918,Betatorquevirus,MN769796.1,MN769796.1_1,646,2,Betatorquevirus
MN769795.1,TTV-like mini virus,Betatorquevirus,Anelloviridae,SAfiA-87-41,93678,TTV-like mini virus,2821,"",134,956,1934,Betatorquevirus,MN769795.1,MN769795.1_1,673,24,Betatorquevirus
MN769794.1,TTV-like mini virus,Betatorquevirus,Anelloviridae,SAfiA-87-39,93678,TTV-like mini virus,2837,"",0,197,307,Betatorquevirus,MN769794.1,MN769794.1_1,662,2,Betatorquevirus
MN769793.1,TTV-like mini virus,Betatorquevirus,Anelloviridae,SAfiA-87-37,93678,TTV-like mini virus,2856,"",58,220,1723,Betatorquevirus,MN769793.1,MN769793.1_1,671,13,Betatorquevirus
MN769790.1,TTV-like mini virus,Betatorquevirus,Anelloviridae,SAfiA-873-34,93678,TTV-like mini virus,2826,"",111,339,1900,Betatorquevirus,MN769790.1,MN769790.1_1,653,2,Betatorquevirus
MN769789.1,TTV-like mini virus,Betatorquevirus,Anelloviridae,SAfiA-87-24,93678,TTV-like mini virus,2938,"",12,226,363,Betatorquevirus,MN769789.1,MN769789.1_1,664,4,Betatorquevirus
MN769788.1,TTV-like mini virus,Betatorquevirus,Anelloviridae,SAfiA-87-23,93678,TTV-like mini virus,2930,"",36,520,1207,Betatorquevirus,MN769788.1,MN769788.1_1,670,20,Betatorquevirus
MN769785.1,TTV-like mini virus,Betatorquevirus,Anelloviridae,SAfiA-870-11,93678,TTV-like mini virus,2856,"",77,78,478,Betatorquevirus,MN769785.1,MN769785.1_1,662,13,Betatorquevirus
MN769782.1,TTV-like mini virus,Betatorquevirus,Anelloviridae,SAfiA-867-309,93678,TTV-like mini virus,2874,"",8,83,1604,Betatorquevirus,MN769782.1,MN769782.1_1,658,17,Betatorquevirus
MN769780.1,TTV-like mini virus,Betatorquevirus,Anelloviridae,SAfiA-867-290,93678,TTV-like mini virus,2987,"",33,1,1010,Betatorquevirus,MN769780.1,MN769780.1_1,668,5,Betatorquevirus
MN769776.1,TTV-like mini virus,Betatorquevirus,Anelloviridae,SAfiA-859-22,93678,TTV-like mini virus,2808,"",134,336,2004,Betatorquevirus,MN769776.1,MN769776.1_1,668,24,Betatorquevirus
MN769774.1,TTV-like mini virus,Betatorquevirus,Anelloviridae,SAfiA-858-95,93678,TTV-like mini virus,2910,"",166,285,1328,Betatorquevirus,MN769774.1,MN769774.1_1,672,18,Betatorquevirus
MN769773.1,TTV-like mini virus,Betatorquevirus,Anelloviridae,SAfiA-858-94,93678,TTV-like mini virus,2791,"",61,68,2064,Betatorquevirus,MN769773.1,MN769773.1_1,646,21,Betatorquevirus
MN769772.1,TTV-like mini virus,Betatorquevirus,Anelloviridae,SAfiA-858-91,93678,TTV-like mini virus,2878,"",59,281,1564,Betatorquevirus,MN769772.1,MN769772.1_1,660,15,Betatorquevirus
MN769768.1,TTV-like mini virus,Betatorquevirus,Anelloviridae,SAfiA-857-180,93678,TTV-like mini virus,2977,"",7,401,1034,Betatorquevirus,MN769768.1,MN769768.1_1,677,20,Betatorquevirus
MN769763.1,TTV-like mini virus,Betatorquevirus,Anelloviridae,SAfiA-844-3,93678,TTV-like mini virus,2922,"",7,833,1246,Betatorquevirus,MN769763.1,MN769763.1_1,679,20,Betatorquevirus
MN769756.1,TTV-like mini virus,Betatorquevirus,Anelloviridae,SAfiA-823-7,93678,TTV-like mini virus,2836,"",134,941,1852,Betatorquevirus,MN769756.1,MN769756.1_1,673,24,Betatorquevirus
MN769749.1,TTV-like mini virus,Betatorquevirus,Anelloviridae,SAfiA-813-461,93678,TTV-like mini virus,2855,"",29,127,563,Betatorquevirus,MN769749.1,MN769749.1_1,655,21,Betatorquevirus
MN769748.1,TTV-like mini virus,Betatorquevirus,Anelloviridae,SAfiA-812-38,93678,TTV-like mini virus,2969,"",68,73,65,Betatorquevirus,MN769748.1,MN769748.1_1,683,20,Betatorquevirus
MN769747.1,TTV-like mini virus,Betatorquevirus,Anelloviridae,SAfiA-810-50,93678,TTV-like mini virus,2869,"",19,479,1634,Betatorquevirus,MN769747.1,MN769747.1_1,662,16,Betatorquevirus
MN769746.1,TTV-like mini virus,Betatorquevirus,Anelloviridae,SAfiA-810-48,93678,TTV-like mini virus,2960,"",4,49,560,Betatorquevirus,MN769746.1,MN769746.1_1,673,10,Betatorquevirus
MN769742.1,TTV-like mini virus,Betatorquevirus,Anelloviridae,SAfiA-803-13,93678,TTV-like mini virus,2883,"",102,881,1535,Betatorquevirus,MN769742.1,MN769742.1_1,665,25,Betatorquevirus
MN769739.1,TTV-like mini virus,Betatorquevirus,Anelloviridae,SAfiA-797-28,93678,TTV-like mini virus,2917,"",95,405,1274,Betatorquevirus,MN769739.1,MN769739.1_1,664,17,Betatorquevirus
MN769738.1,TTV-like mini virus,Betatorquevirus,Anelloviridae,SAfiA-79-5,93678,TTV-like mini virus,2869,"",5,70,1633,Betatorquevirus,MN769738.1,MN769738.1_1,658,15,Betatorquevirus
MN769737.1,TTV-like mini virus,Betatorquevirus,Anelloviridae,SAfiA-789-11,93678,TTV-like mini virus,2826,"",9,66,1899,Betatorquevirus,MN769737.1,MN769737.1_1,659,24,Betatorquevirus
MN769734.1,TTV-like mini virus,Betatorquevirus,Anelloviridae,SAfiA-780-10,93678,TTV-like mini virus,2912,"",2,334,152,Betatorquevirus,MN769734.1,MN769734.1_1,672,16,Betatorquevirus
MN769733.1,TTV-like mini virus,Betatorquevirus,Anelloviridae,SAfiA-779-29,93678,TTV-like mini virus,2841,"",29,937,1818,Betatorquevirus,MN769733.1,MN769733.1_1,563,21,Betatorquevirus
MN769732.1,TTV-like mini virus,Betatorquevirus,Anelloviridae,SAfiA-778-20,93678,TTV-like mini virus,2900,"",113,304,1404,Betatorquevirus,MN769732.1,MN769732.1_1,666,4,Betatorquevirus
MN769730.1,TTV-like mini virus,Betatorquevirus,Anelloviridae,SAfiA-772-18,93678,TTV-like mini virus,2872,"",0,0,1615,Betatorquevirus,MN769730.1,MN769730.1_1,671,2,Betatorquevirus
MN769722.1,TTV-like mini virus,Betatorquevirus,Anelloviridae,SAfiA-757-5,93678,TTV-like mini virus,2910,"",2,421,424,Betatorquevirus,MN769722.1,MN769722.1_1,670,16,Betatorquevirus
MN769721.1,TTV-like mini virus,Betatorquevirus,Anelloviridae,SAfiA-74-2,93678,TTV-like mini virus,2953,"",31,299,1108,Betatorquevirus,MN769721.1,MN769721.1_1,668,16,Betatorquevirus
MN769719.1,TTV-like mini virus,Betatorquevirus,Anelloviridae,SAfiA-731-9,93678,TTV-like mini virus,2808,"",86,419,351,Betatorquevirus,MN769719.1,MN769719.1_1,662,24,Betatorquevirus
MN769716.1,TTV-like mini virus,Betatorquevirus,Anelloviridae,SAfiA-72-7,93678,TTV-like mini virus,2812,"",19,965,1982,Betatorquevirus,MN769716.1,MN769716.1_1,655,16,Betatorquevirus
MN769713.1,TTV-like mini virus,Betatorquevirus,Anelloviridae,SAfiA-721-22,93678,TTV-like mini virus,2823,"",9,465,1928,Betatorquevirus,MN769713.1,MN769713.1_1,659,24,Betatorquevirus
MN769711.1,TTV-like mini virus,Betatorquevirus,Anelloviridae,SAfiA-71-8,93678,TTV-like mini virus,2955,"",7,401,1095,Betatorquevirus,MN769711.1,MN769711.1_1,677,20,Betatorquevirus
MN769706.1,TTV-like mini virus,Betatorquevirus,Anelloviridae,SAfiA-70-18,93678,TTV-like mini virus,2839,"",40,284,1835,Betatorquevirus,MN769706.1,MN769706.1_1,661,4,Betatorquevirus
MN769705.1,TTV-like mini virus,Betatorquevirus,Anelloviridae,SAfiA-701-7,93678,TTV-like mini virus,2952,"",28,451,257,Betatorquevirus,MN769705.1,MN769705.1_1,679,6,Betatorquevirus
MN769702.1,TTV-like mini virus,Betatorquevirus,Anelloviridae,SAfiA-69B-34,93678,TTV-like mini virus,2987,"",33,1,118,Betatorquevirus,MN769702.1,MN769702.1_1,668,5,Betatorquevirus
MN769701.1,TTV-like mini virus,Betatorquevirus,Anelloviridae,SAfiA-699-11,93678,TTV-like mini virus,2877,"",170,216,185,Betatorquevirus,MN769701.1,MN769701.1_1,668,25,Betatorquevirus
MN769695.1,TTV-like mini virus,Betatorquevirus,Anelloviridae,SAfiA-690-4,93678,TTV-like mini virus,2968,"",47,236,140,Betatorquevirus,MN769695.1,MN769695.1_1,676,20,Betatorquevirus
MN769694.1,TTV-like mini virus,Betatorquevirus,Anelloviridae,SAfiA-690-2,93678,TTV-like mini virus,2916,"",6,63,465,Betatorquevirus,MN769694.1,MN769694.1_1,671,11,Betatorquevirus
MN769692.1,TTV-like mini virus,Betatorquevirus,Anelloviridae,SAfiA-686-13,93678,TTV-like mini virus,2903,"",2,211,449,Betatorquevirus,MN769692.1,MN769692.1_1,669,16,Betatorquevirus
MN769690.1,TTV-like mini virus,Betatorquevirus,Anelloviridae,SAfiA-685-13,93678,TTV-like mini virus,2932,"",195,422,1194,Betatorquevirus,MN769690.1,MN769690.1_1,666,16,Betatorquevirus
MN769686.1,TTV-like mini virus,Betatorquevirus,Anelloviridae,SAfiA-679-16,93678,TTV-like mini virus,2847,"",0,82,124,Betatorquevirus,MN769686.1,MN769686.1_1,660,2,Betatorquevirus
MN769684.1,TTV-like mini virus,Betatorquevirus,Anelloviridae,SAfiA-679-14,93678,TTV-like mini virus,2884,"",27,119,81,Betatorquevirus,MN769684.1,MN769684.1_1,666,13,Betatorquevirus
MN769682.1,TTV-like mini virus,Betatorquevirus,Anelloviridae,SAfiA-679-10,93678,TTV-like mini virus,2890,"",141,146,1486,Betatorquevirus,MN769682.1,MN769682.1_1,661,5,Betatorquevirus
MN769680.1,TTV-like mini virus,Betatorquevirus,Anelloviridae,SAfiA-677-7,93678,TTV-like mini virus,2914,"",36,500,1292,Betatorquevirus,MN769680.1,MN769680.1_1,675,20,Betatorquevirus
MN769678.1,TTV-like mini virus,Betatorquevirus,Anelloviridae,SAfiA-676-27,93678,TTV-like mini virus,2825,"",50,114,1909,Betatorquevirus,MN769678.1,MN769678.1_1,660,5,Betatorquevirus
MN769676.1,TTV-like mini virus,Betatorquevirus,Anelloviridae,SAfiA-676-14,93678,TTV-like mini virus,2911,"",2,621,429,Betatorquevirus,MN769676.1,MN769676.1_1,670,16,Betatorquevirus
MN769671.1,TTV-like mini virus,Betatorquevirus,Anelloviridae,SAfiA-670-7,93678,TTV-like mini virus,2875,"",17,219,578,Betatorquevirus,MN769671.1,MN769671.1_1,663,7,Betatorquevirus
MN769670.1,TTV-like mini virus,Betatorquevirus,Anelloviridae,SAfiA-6-7,93678,TTV-like mini virus,2906,"",7,848,1350,Betatorquevirus,MN769670.1,MN769670.1_1,678,20,Betatorquevirus
MN769667.1,TTV-like mini virus,Betatorquevirus,Anelloviridae,SAfiA-661-0,93678,TTV-like mini virus,2889,"",5,573,1495,Betatorquevirus,MN769667.1,MN769667.1_1,665,15,Betatorquevirus
MN769666.1,TTV-like mini virus,Betatorquevirus,Anelloviridae,SAfiA-6-6,93678,TTV-like mini virus,2960,"",145,515,1081,Betatorquevirus,MN769666.1,MN769666.1_1,685,23,Betatorquevirus
MN769665.1,TTV-like mini virus,Betatorquevirus,Anelloviridae,SAfiA-659-16,93678,TTV-like mini virus,2798,"",53,217,2042,Betatorquevirus,MN769665.1,MN769665.1_1,656,2,Betatorquevirus
MN769663.1,TTV-like mini virus,Betatorquevirus,Anelloviridae,SAfiA-656-8,93678,TTV-like mini virus,2914,"",161,578,1291,Betatorquevirus,MN769663.1,MN769663.1_1,666,12,Betatorquevirus
MN769662.1,TTV-like mini virus,Betatorquevirus,Anelloviridae,SAfiA-655-47,93678,TTV-like mini virus,2848,"",8,51,259,Betatorquevirus,MN769662.1,MN769662.1_1,661,17,Betatorquevirus
MN769661.1,TTV-like mini virus,Betatorquevirus,Anelloviridae,SAfiA-651-27,93678,TTV-like mini virus,2868,"",8,319,92,Betatorquevirus,MN769661.1,MN769661.1_1,663,17,Betatorquevirus
MN769659.1,TTV-like mini virus,Betatorquevirus,Anelloviridae,SAfiA-651-23,93678,TTV-like mini virus,2940,"",113,124,1159,Betatorquevirus,MN769659.1,MN769659.1_1,664,4,Betatorquevirus
MN769658.1,TTV-like mini virus,Betatorquevirus,Anelloviridae,SAfiA-650-6,93678,TTV-like mini virus,2920,"",80,158,1257,Betatorquevirus,MN769658.1,MN769658.1_1,668,12,Betatorquevirus
MN769651.1,TTV-like mini virus,Betatorquevirus,Anelloviridae,SAfiA-647-10,93678,TTV-like mini virus,2825,"",81,59,377,Betatorquevirus,MN769651.1,MN769651.1_1,654,19,Betatorquevirus
MN769650.1,TTV-like mini virus,Betatorquevirus,Anelloviridae,SAfiA-646-13,93678,TTV-like mini virus,2856,"",183,288,370,Betatorquevirus,MN769650.1,MN769650.1_1,657,17,Betatorquevirus
MN769649.1,TTV-like mini virus,Betatorquevirus,Anelloviridae,SAfiA-646-11,93678,TTV-like mini virus,2895,"",63,15,120,Hetorquevirus,MN769649.1,MN769649.1_1,664,27,Hetorquevirus
MN769648.1,TTV-like mini virus,Betatorquevirus,Anelloviridae,SAfiA-644-8,93678,TTV-like mini virus,2843,"",9,397,1806,Betatorquevirus,MN769648.1,MN769648.1_1,665,24,Betatorquevirus
MN769647.1,TTV-like mini virus,Betatorquevirus,Anelloviridae,SAfiA-644-7,93678,TTV-like mini virus,2861,"",102,657,567,Betatorquevirus,MN769647.1,MN769647.1_1,655,25,Betatorquevirus
MN769642.1,TTV-like mini virus,Betatorquevirus,Anelloviridae,SAfiA-642-22,93678,TTV-like mini virus,2908,"",29,316,237,Betatorquevirus,MN769642.1,MN769642.1_1,670,21,Betatorquevirus
MN769641.1,TTV-like mini virus,Betatorquevirus,Anelloviridae,SAfiA-640-6,93678,TTV-like mini virus,2987,"",33,1,1009,Betatorquevirus,MN769641.1,MN769641.1_1,668,5,Betatorquevirus
MN769639.1,TTV-like mini virus,Betatorquevirus,Anelloviridae,SAfiA-639-1506,93678,TTV-like mini virus,2900,"",76,139,29,Betatorquevirus,MN769639.1,MN769639.1_1,669,12,Betatorquevirus
MN769633.1,TTV-like mini virus,Betatorquevirus,Anelloviridae,SAfiA-628-39,93678,TTV-like mini virus,2842,"",19,192,1811,Betatorquevirus,MN769633.1,MN769633.1_1,658,16,Betatorquevirus
MN769632.1,TTV-like mini virus,Betatorquevirus,Anelloviridae,SAfiA-626-27,93678,TTV-like mini virus,2832,"",12,57,1874,Betatorquevirus,MN769632.1,MN769632.1_1,653,4,Betatorquevirus
MN769630.1,TTV-like mini virus,Betatorquevirus,Anelloviridae,SAfiA-625-6,93678,TTV-like mini virus,2941,"",67,53,1155,Betatorquevirus,MN769630.1,MN769630.1_1,671,20,Betatorquevirus
MN769629.1,TTV-like mini virus,Betatorquevirus,Anelloviridae,SAfiA-622-8,93678,TTV-like mini virus,2844,"",15,679,1801,Betatorquevirus,MN769629.1,MN769629.1_1,654,5,Betatorquevirus
MN769627.1,TTV-like mini virus,Betatorquevirus,Anelloviridae,SAfiA-619-12,93678,TTV-like mini virus,2911,"",2,135,1317,Betatorquevirus,MN769627.1,MN769627.1_1,674,16,Betatorquevirus
MN769625.1,TTV-like mini virus,Betatorquevirus,Anelloviridae,SAfiA-618-9,93678,TTV-like mini virus,2888,"",2,874,1505,Betatorquevirus,MN769625.1,MN769625.1_1,669,16,Betatorquevirus
MN769621.1,TTV-like mini virus,Betatorquevirus,Anelloviridae,SAfiA-6-16,93678,TTV-like mini virus,2835,"",8,31,1858,Betatorquevirus,MN769621.1,MN769621.1_1,666,17,Betatorquevirus
MN769620.1,TTV-like mini virus,Betatorquevirus,Anelloviridae,SAfiA-615-708,93678,TTV-like mini virus,2825,"",9,66,1908,Betatorquevirus,MN769620.1,MN769620.1_1,659,24,Betatorquevirus
MN769619.1,TTV-like mini virus,Betatorquevirus,Anelloviridae,SAfiA-615-695,93678,TTV-like mini virus,2837,"",41,101,48,Betatorquevirus,MN769619.1,MN769619.1_1,670,25,Betatorquevirus
MN769618.1,TTV-like mini virus,Betatorquevirus,Anelloviridae,SAfiA-615-686,93678,TTV-like mini virus,2840,"",82,378,1825,Betatorquevirus,MN769618.1,MN769618.1_1,656,19,Betatorquevirus
MN769617.1,TTV-like mini virus,Betatorquevirus,Anelloviridae,SAfiA-615-657,93678,TTV-like mini virus,2887,"",5,876,1510,Betatorquevirus,MN769617.1,MN769617.1_1,662,15,Betatorquevirus
MN769616.1,TTV-like mini virus,Betatorquevirus,Anelloviridae,SAfiA-61-40,93678,TTV-like mini virus,2742,"",37,48,2142,Betatorquevirus,MN769616.1,MN769616.1_1,668,20,Betatorquevirus
MN769615.1,TTV-like mini virus,Betatorquevirus,Anelloviridae,SAfiA-61-4,93678,TTV-like mini virus,2955,"",28,522,1094,Betatorquevirus,MN769615.1,MN769615.1_1,685,6,Betatorquevirus
MN769614.1,TTV-like mini virus,Betatorquevirus,Anelloviridae,SAfiA-6-14,93678,TTV-like mini virus,2884,"",10,698,1526,Betatorquevirus,MN769614.1,MN769614.1_1,667,13,Betatorquevirus
MN769612.1,TTV-like mini virus,Betatorquevirus,Anelloviridae,SAfiA-613-0,93678,TTV-like mini virus,2946,"",28,816,1138,Betatorquevirus,MN769612.1,MN769612.1_1,681,6,Betatorquevirus
MN769611.1,TTV-like mini virus,Betatorquevirus,Anelloviridae,SAfiA-6-13,93678,TTV-like mini virus,2856,"",8,31,1722,Betatorquevirus,MN769611.1,MN769611.1_1,664,17,Betatorquevirus
MN769608.1,TTV-like mini virus,Betatorquevirus,Anelloviridae,SAfiA-611-162,93678,TTV-like mini virus,2824,"",348,952,1917,Betatorquevirus,MN769608.1,MN769608.1_1,660,13,Betatorquevirus
MN769606.1,TTV-like mini virus,Betatorquevirus,Anelloviridae,SAfiA-611-145,93678,TTV-like mini virus,2899,"",29,377,1414,Betatorquevirus,MN769606.1,MN769606.1_1,662,21,Betatorquevirus
MN769605.1,TTV-like mini virus,Betatorquevirus,Anelloviridae,SAfiA-611-129,93678,TTV-like mini virus,2994,"",108,159,990,Betatorquevirus,MN769605.1,MN769605.1_1,686,18,Betatorquevirus
MN769602.1,TTV-like mini virus,Betatorquevirus,Anelloviridae,SAfiA-610-17,93678,TTV-like mini virus,2809,"",45,7,2001,Betatorquevirus,MN769602.1,MN769602.1_1,642,2,Betatorquevirus
MN769600.1,TTV-like mini virus,Betatorquevirus,Anelloviridae,SAfiA-609-6,93678,TTV-like mini virus,2960,"",7,417,451,Betatorquevirus,MN769600.1,MN769600.1_1,675,20,Betatorquevirus
MN769599.1,TTV-like mini virus,Betatorquevirus,Anelloviridae,SAfiA-609-17,93678,TTV-like mini virus,2904,"",6,63,172,Betatorquevirus,MN769599.1,MN769599.1_1,668,11,Betatorquevirus
MN769598.1,TTV-like mini virus,Betatorquevirus,Anelloviridae,SAfiA-609-13,93678,TTV-like mini virus,2946,"",23,72,1137,Betatorquevirus,MN769598.1,MN769598.1_1,669,12,Betatorquevirus
MN769597.1,TTV-like mini virus,Betatorquevirus,Anelloviridae,SAfiA-605-0,93678,TTV-like mini virus,2914,"",23,840,1290,Betatorquevirus,MN769597.1,MN769597.1_1,667,12,Betatorquevirus
MN769596.1,TTV-like mini virus,Betatorquevirus,Anelloviridae,SAfiA-604-9,93678,TTV-like mini virus,2949,"",347,813,1120,Betatorquevirus,MN769596.1,MN769596.1_1,688,22,Betatorquevirus
MN769589.1,TTV-like mini virus,Betatorquevirus,Anelloviridae,SAfiA-597-8,93678,TTV-like mini virus,2912,"",2,134,79,Betatorquevirus,MN769589.1,MN769589.1_1,672,16,Betatorquevirus
MN769587.1,TTV-like mini virus,Betatorquevirus,Anelloviridae,SAfiA-595-17,93678,TTV-like mini virus,2901,"",30,389,1393,Betatorquevirus,MN769587.1,MN769587.1_1,674,7,Betatorquevirus
MN769586.1,TTV-like mini virus,Betatorquevirus,Anelloviridae,SAfiA-595-16,93678,TTV-like mini virus,2912,"",6,585,1309,Betatorquevirus,MN769586.1,MN769586.1_1,671,11,Betatorquevirus
MN769585.1,TTV-like mini virus,Betatorquevirus,Anelloviridae,SAfiA-595-14,93678,TTV-like mini virus,2936,"",162,297,222,Betatorquevirus,MN769585.1,MN769585.1_1,672,11,Betatorquevirus
MN769584.1,TTV-like mini virus,Betatorquevirus,Anelloviridae,SAfiA-593-14,93678,TTV-like mini virus,2883,"",23,28,266,Betatorquevirus,MN769584.1,MN769584.1_1,663,12,Betatorquevirus
MN769583.1,TTV-like mini virus,Betatorquevirus,Anelloviridae,SAfiA-593-12,93678,TTV-like mini virus,2917,"",22,261,203,Betatorquevirus,MN769583.1,MN769583.1_1,671,11,Betatorquevirus
MN769581.1,TTV-like mini virus,Betatorquevirus,Anelloviridae,SAfiA-590-75,93678,TTV-like mini virus,2807,"",187,280,2015,Betatorquevirus,MN769581.1,MN769581.1_1,645,21,Betatorquevirus
MN769580.1,TTV-like mini virus,Betatorquevirus,Anelloviridae,SAfiA-590-71,93678,TTV-like mini virus,2900,"",30,492,1402,Betatorquevirus,MN769580.1,MN769580.1_1,677,7,Betatorquevirus
MN769579.1,TTV-like mini virus,Betatorquevirus,Anelloviridae,SAfiA-590-70,93678,TTV-like mini virus,2803,"",220,114,2025,Betatorquevirus,MN769579.1,MN769579.1_1,661,5,Betatorquevirus
MN769578.1,TTV-like mini virus,Betatorquevirus,Anelloviridae,SAfiA-590-67,93678,TTV-like mini virus,2809,"",86,62,2000,Betatorquevirus,MN769578.1,MN769578.1_1,662,24,Betatorquevirus
MN769577.1,TTV-like mini virus,Betatorquevirus,Anelloviridae,SAfiA-590-66,93678,TTV-like mini virus,2832,"",220,114,1873,Betatorquevirus,MN769577.1,MN769577.1_1,662,5,Betatorquevirus
MN769576.1,TTV-like mini virus,Betatorquevirus,Anelloviridae,SAfiA-590-62,93678,TTV-like mini virus,2813,"",49,964,1976,Betatorquevirus,MN769576.1,MN769576.1_1,650,13,Betatorquevirus
MN769574.1,TTV-like mini virus,Betatorquevirus,Anelloviridae,SAfiA-590-21,93678,TTV-like mini virus,2995,"",62,410,986,Betatorquevirus,MN769574.1,MN769574.1_1,689,23,Betatorquevirus
MN769573.1,TTV-like mini virus,Betatorquevirus,Anelloviridae,SAfiA-589-22,93678,TTV-like mini virus,2830,"",187,280,1887,Betatorquevirus,MN769573.1,MN769573.1_1,646,21,Betatorquevirus
MN769569.1,TTV-like mini virus,Betatorquevirus,Anelloviridae,SAfiA-587-98,93678,TTV-like mini virus,2787,"",39,514,2072,Betatorquevirus,MN769569.1,MN769569.1_1,649,2,Betatorquevirus
MN769568.1,TTV-like mini virus,Betatorquevirus,Anelloviridae,SAfiA-587-96,93678,TTV-like mini virus,2809,"",0,2,1999,Betatorquevirus,MN769568.1,MN769568.1_1,653,2,Betatorquevirus
MN769567.1,TTV-like mini virus,Betatorquevirus,Anelloviridae,SAfiA-587-78,93678,TTV-like mini virus,2842,"",0,548,1810,Betatorquevirus,MN769567.1,MN769567.1_1,660,2,Betatorquevirus
MN769566.1,TTV-like mini virus,Betatorquevirus,Anelloviridae,SAfiA-587-69,93678,TTV-like mini virus,2856,"",58,220,1721,Betatorquevirus,MN769566.1,MN769566.1_1,671,13,Betatorquevirus
MN769565.1,TTV-like mini virus,Betatorquevirus,Anelloviridae,SAfiA-587-68,93678,TTV-like mini virus,2872,"",5,70,1614,Betatorquevirus,MN769565.1,MN769565.1_1,659,15,Betatorquevirus
MN769564.1,TTV-like mini virus,Betatorquevirus,Anelloviridae,SAfiA-587-65,93678,TTV-like mini virus,2938,"",26,155,1168,Betatorquevirus,MN769564.1,MN769564.1_1,665,8,Betatorquevirus
MN769563.1,TTV-like mini virus,Betatorquevirus,Anelloviridae,SAfiA-587-53,93678,TTV-like mini virus,2882,"",8,83,1540,Betatorquevirus,MN769563.1,MN769563.1_1,664,17,Betatorquevirus
MN769562.1,TTV-like mini virus,Betatorquevirus,Anelloviridae,SAfiA-587-50,93678,TTV-like mini virus,2889,"",28,190,1494,Betatorquevirus,MN769562.1,MN769562.1_1,672,6,Betatorquevirus
MN769561.1,TTV-like mini virus,Betatorquevirus,Anelloviridae,SAfiA-587-45,93678,TTV-like mini virus,2885,"",60,107,1519,Betatorquevirus,MN769561.1,MN769561.1_1,673,20,Betatorquevirus
MN769560.1,TTV-like mini virus,Betatorquevirus,Anelloviridae,SAfiA-587-41,93678,TTV-like mini virus,2906,"",6,121,1349,Betatorquevirus,MN769560.1,MN769560.1_1,668,11,Betatorquevirus
MN769559.1,TTV-like mini virus,Betatorquevirus,Anelloviridae,SAfiA-587-36,93678,TTV-like mini virus,2921,"",2,361,470,Betatorquevirus,MN769559.1,MN769559.1_1,674,16,Betatorquevirus
MN769558.1,TTV-like mini virus,Betatorquevirus,Anelloviridae,SAfiA-587-34,93678,TTV-like mini virus,2921,"",23,72,1252,Betatorquevirus,MN769558.1,MN769558.1_1,664,12,Betatorquevirus
MN769556.1,TTV-like mini virus,Betatorquevirus,Anelloviridae,SAfiA-587-114,93678,TTV-like mini virus,2757,"",92,125,2132,Betatorquevirus,MN769556.1,MN769556.1_1,644,2,Betatorquevirus
MN769554.1,TTV-like mini virus,Betatorquevirus,Anelloviridae,SAfiA-583-9,93678,TTV-like mini virus,2918,"",52,300,1268,Betatorquevirus,MN769554.1,MN769554.1_1,674,11,Betatorquevirus
MN769552.1,TTV-like mini virus,Betatorquevirus,Anelloviridae,SAfiA-583-12,93678,TTV-like mini virus,2889,"",234,872,1493,Betatorquevirus,MN769552.1,MN769552.1_1,667,25,Betatorquevirus
MN769550.1,TTV-like mini virus,Betatorquevirus,Anelloviridae,SAfiA-582-9,93678,TTV-like mini virus,2972,"",339,461,1042,Betatorquevirus,MN769550.1,MN769550.1_1,678,18,Betatorquevirus
MN769549.1,TTV-like mini virus,Betatorquevirus,Anelloviridae,SAfiA-582-7,93678,TTV-like mini virus,2988,"",33,1,467,Betatorquevirus,MN769549.1,MN769549.1_1,668,5,Betatorquevirus
MN769546.1,TTV-like mini virus,Betatorquevirus,Anelloviridae,SAfiA-581-44,93678,TTV-like mini virus,2819,"",15,43,628,Betatorquevirus,MN769546.1,MN769546.1_1,650,5,Betatorquevirus
MN769545.1,TTV-like mini virus,Betatorquevirus,Anelloviridae,SAfiA-581-30,93678,TTV-like mini virus,2833,"",8,186,1870,Betatorquevirus,MN769545.1,MN769545.1_1,664,17,Betatorquevirus
MN769544.1,TTV-like mini virus,Betatorquevirus,Anelloviridae,SAfiA-581-26,93678,TTV-like mini virus,2879,"",21,96,179,Betatorquevirus,MN769544.1,MN769544.1_1,658,4,Betatorquevirus
MN769543.1,TTV-like mini virus,Betatorquevirus,Anelloviridae,SAfiA-581-24,93678,TTV-like mini virus,2873,"",5,70,94,Betatorquevirus,MN769543.1,MN769543.1_1,659,15,Betatorquevirus
MN769542.1,TTV-like mini virus,Betatorquevirus,Anelloviridae,SAfiA-581-23,93678,TTV-like mini virus,2948,"",57,363,1124,Betatorquevirus,MN769542.1,MN769542.1_1,669,22,Betatorquevirus
MN769541.1,TTV-like mini virus,Betatorquevirus,Anelloviridae,SAfiA-581-21,93678,TTV-like mini virus,2961,"",57,130,1071,Betatorquevirus,MN769541.1,MN769541.1_1,671,22,Betatorquevirus
MN769540.1,TTV-like mini virus,Betatorquevirus,Anelloviridae,SAfiA-581-20,93678,TTV-like mini virus,2894,"",8,83,1452,Betatorquevirus,MN769540.1,MN769540.1_1,663,17,Betatorquevirus
MN769537.1,TTV-like mini virus,Betatorquevirus,Anelloviridae,SAfiA-581-10,93678,TTV-like mini virus,2946,"",26,80,197,Betatorquevirus,MN769537.1,MN769537.1_1,670,8,Betatorquevirus
MN769535.1,TTV-like mini virus,Betatorquevirus,Anelloviridae,SAfiA-577-77,93678,TTV-like mini virus,2943,"",281,469,1144,Betatorquevirus,MN769535.1,MN769535.1_1,677,18,Betatorquevirus
MN769533.1,TTV-like mini virus,Betatorquevirus,Anelloviridae,SAfiA-577-104,93678,TTV-like mini virus,2920,"",33,835,1256,Betatorquevirus,MN769533.1,MN769533.1_1,672,5,Betatorquevirus
MN769532.1,TTV-like mini virus,Betatorquevirus,Anelloviridae,SAfiA-575-4,93678,TTV-like mini virus,2822,"",43,200,566,Betatorquevirus,MN769532.1,MN769532.1_1,662,24,Betatorquevirus
MN769527.1,TTV-like mini virus,Betatorquevirus,Anelloviridae,SAfiA-57-37,93678,TTV-like mini virus,2874,"",21,99,367,Betatorquevirus,MN769527.1,MN769527.1_1,660,4,Betatorquevirus
MN769525.1,TTV-like mini virus,Betatorquevirus,Anelloviridae,SAfiA-57-34,93678,TTV-like mini virus,2846,"",77,266,1792,Betatorquevirus,MN769525.1,MN769525.1_1,661,13,Betatorquevirus
MN769524.1,TTV-like mini virus,Betatorquevirus,Anelloviridae,SAfiA-573-35,93678,TTV-like mini virus,2919,"",1,77,20,Betatorquevirus,MN769524.1,MN769524.1_1,672,10,Betatorquevirus
MN769523.1,TTV-like mini virus,Betatorquevirus,Anelloviridae,SAfiA-573-34,93678,TTV-like mini virus,2877,"",5,524,1574,Betatorquevirus,MN769523.1,MN769523.1_1,659,15,Betatorquevirus
MN769522.1,TTV-like mini virus,Betatorquevirus,Anelloviridae,SAfiA-573-32,93678,TTV-like mini virus,2950,"",4,151,1115,Betatorquevirus,MN769522.1,MN769522.1_1,672,10,Betatorquevirus
MN769519.1,TTV-like mini virus,Betatorquevirus,Anelloviridae,SAfiA-573-27,93678,TTV-like mini virus,2934,"",11,606,354,Betatorquevirus,MN769519.1,MN769519.1_1,676,12,Betatorquevirus
MN769515.1,TTV-like mini virus,Betatorquevirus,Anelloviridae,SAfiA-57-26,93678,TTV-like mini virus,2861,"",161,578,1689,Betatorquevirus,MN769515.1,MN769515.1_1,666,12,Betatorquevirus
MN769513.1,TTV-like mini virus,Betatorquevirus,Anelloviridae,SAfiA-572-27,93678,TTV-like mini virus,2893,"",3,123,1463,Betatorquevirus,MN769513.1,MN769513.1_1,664,14,Betatorquevirus
MN769510.1,TTV-like mini virus,Betatorquevirus,Anelloviridae,SAfiA-572-16,93678,TTV-like mini virus,2954,"",28,522,1097,Betatorquevirus,MN769510.1,MN769510.1_1,685,6,Betatorquevirus
MN769508.1,TTV-like mini virus,Betatorquevirus,Anelloviridae,SAfiA-57-19,93678,TTV-like mini virus,2961,"",36,215,1070,Betatorquevirus,MN769508.1,MN769508.1_1,678,20,Betatorquevirus
MN769507.1,TTV-like mini virus,Betatorquevirus,Anelloviridae,SAfiA-57-12,93678,TTV-like mini virus,2969,"",66,431,175,Betatorquevirus,MN769507.1,MN769507.1_1,674,5,Betatorquevirus
MN769506.1,TTV-like mini virus,Betatorquevirus,Anelloviridae,SAfiA-571-12,93678,TTV-like mini virus,2859,"",19,913,1705,Betatorquevirus,MN769506.1,MN769506.1_1,659,16,Betatorquevirus
MN769501.1,TTV-like mini virus,Betatorquevirus,Anelloviridae,SAfiA-566-24,93678,TTV-like mini virus,2860,"",5,88,1699,Betatorquevirus,MN769501.1,MN769501.1_1,656,15,Betatorquevirus
MN769500.1,TTV-like mini virus,Betatorquevirus,Anelloviridae,SAfiA-566-23,93678,TTV-like mini virus,2807,"",187,280,2014,Betatorquevirus,MN769500.1,MN769500.1_1,645,21,Betatorquevirus
MN769497.1,TTV-like mini virus,Betatorquevirus,Anelloviridae,SAfiA-566-18,93678,TTV-like mini virus,2879,"",21,96,394,Betatorquevirus,MN769497.1,MN769497.1_1,658,4,Betatorquevirus
MN769494.1,TTV-like mini virus,Betatorquevirus,Anelloviridae,SAfiA-565-18,93678,TTV-like mini virus,2834,"",41,222,1862,Betatorquevirus,MN769494.1,MN769494.1_1,679,25,Betatorquevirus
MN769492.1,TTV-like mini virus,Betatorquevirus,Anelloviridae,SAfiA-563-9,93678,TTV-like mini virus,2891,"",2,583,1475,Betatorquevirus,MN769492.1,MN769492.1_1,667,16,Betatorquevirus
MN769484.1,TTV-like mini virus,Betatorquevirus,Anelloviridae,SAfiA-552-21,93678,TTV-like mini virus,2902,"",151,381,1383,Betatorquevirus,MN769484.1,MN769484.1_1,662,3,Betatorquevirus
MN769482.1,TTV-like mini virus,Betatorquevirus,Anelloviridae,SAfiA-548-8,93678,TTV-like mini virus,2893,"",330,458,1462,Betatorquevirus,MN769482.1,MN769482.1_1,587,5,Betatorquevirus
MN769480.1,TTV-like mini virus,Betatorquevirus,Anelloviridae,SAfiA-546-12,93678,TTV-like mini virus,2910,"",4,41,63,Betatorquevirus,MN769480.1,MN769480.1_1,669,10,Betatorquevirus
MN769476.1,TTV-like mini virus,Betatorquevirus,Anelloviridae,SAfiA-542-34,93678,TTV-like mini virus,2817,"",8,51,1949,Betatorquevirus,MN769476.1,MN769476.1_1,661,17,Betatorquevirus
MN769475.1,TTV-like mini virus,Betatorquevirus,Anelloviridae,SAfiA-542-3,93678,TTV-like mini virus,2912,"",68,660,576,Betatorquevirus,MN769475.1,MN769475.1_1,682,20,Betatorquevirus
MN769473.1,TTV-like mini virus,Betatorquevirus,Anelloviridae,SAfiA-542-15,93678,TTV-like mini virus,2919,"",356,193,1262,Betatorquevirus,MN769473.1,MN769473.1_1,677,25,Betatorquevirus
MN769472.1,TTV-like mini virus,Betatorquevirus,Anelloviridae,SAfiA-541-13,93678,TTV-like mini virus,2883,"",59,264,362,Betatorquevirus,MN769472.1,MN769472.1_1,660,15,Betatorquevirus
MN769470.1,TTV-like mini virus,Betatorquevirus,Anelloviridae,SAfiA-535-7,93678,TTV-like mini virus,2913,"",2,135,44,Betatorquevirus,MN769470.1,MN769470.1_1,674,16,Betatorquevirus
MN769466.1,TTV-like mini virus,Betatorquevirus,Anelloviridae,SAfiA-531-2,93678,TTV-like mini virus,2885,"",29,622,434,Betatorquevirus,MN769466.1,MN769466.1_1,662,21,Betatorquevirus
MN769465.1,TTV-like mini virus,Betatorquevirus,Anelloviridae,SAfiA-530-2,93678,TTV-like mini virus,2875,"",19,581,1594,Betatorquevirus,MN769465.1,MN769465.1_1,664,16,Betatorquevirus
MN769464.1,TTV-like mini virus,Betatorquevirus,Anelloviridae,SAfiA-529-15,93678,TTV-like mini virus,2849,"",90,391,1765,Betatorquevirus,MN769464.1,MN769464.1_1,649,21,Betatorquevirus
MN769463.1,TTV-like mini virus,Betatorquevirus,Anelloviridae,SAfiA-523-17,93678,TTV-like mini virus,2748,"",39,52,297,Betatorquevirus,MN769463.1,MN769463.1_1,645,2,Betatorquevirus
MN769461.1,TTV-like mini virus,Betatorquevirus,Anelloviridae,SAfiA-522-5,93678,TTV-like mini virus,2870,"",6,63,1631,Betatorquevirus,MN769461.1,MN769461.1_1,669,11,Betatorquevirus
MN769460.1,TTV-like mini virus,Betatorquevirus,Anelloviridae,SAfiA-521-13,93678,TTV-like mini virus,2859,"",67,53,1704,Betatorquevirus,MN769460.1,MN769460.1_1,669,20,Betatorquevirus
MN769459.1,TTV-like mini virus,Betatorquevirus,Anelloviridae,SAfiA-521-11,93678,TTV-like mini virus,2890,"",38,871,1485,Betatorquevirus,MN769459.1,MN769459.1_1,675,12,Betatorquevirus
MN769457.1,TTV-like mini virus,Betatorquevirus,Anelloviridae,SAfiA-520-10,93678,TTV-like mini virus,2941,"",3,144,555,Betatorquevirus,MN769457.1,MN769457.1_1,675,14,Betatorquevirus
MN769455.1,TTV-like mini virus,Betatorquevirus,Anelloviridae,SAfiA-514-31,93678,TTV-like mini virus,2850,"",8,31,1760,Betatorquevirus,MN769455.1,MN769455.1_1,662,17,Betatorquevirus
MN769454.1,TTV-like mini virus,Betatorquevirus,Anelloviridae,SAfiA-514-24,93678,TTV-like mini virus,2911,"",3,67,1316,Betatorquevirus,MN769454.1,MN769454.1_1,679,14,Betatorquevirus
MN769453.1,TTV-like mini virus,Betatorquevirus,Anelloviridae,SAfiA-514-23,93678,TTV-like mini virus,2852,"",8,186,1747,Betatorquevirus,MN769453.1,MN769453.1_1,666,17,Betatorquevirus
MN769451.1,TTV-like mini virus,Betatorquevirus,Anelloviridae,SAfiA-51-26,93678,TTV-like mini virus,2807,"",8,31,2013,Betatorquevirus,MN769451.1,MN769451.1_1,665,17,Betatorquevirus
MN769450.1,TTV-like mini virus,Betatorquevirus,Anelloviridae,SAfiA-512-11,93678,TTV-like mini virus,2865,"",46,29,1661,Betatorquevirus,MN769450.1,MN769450.1_1,665,17,Betatorquevirus
MN769449.1,TTV-like mini virus,Betatorquevirus,Anelloviridae,SAfiA-51-17,93678,TTV-like mini virus,2901,"",218,304,1392,Betatorquevirus,MN769449.1,MN769449.1_1,666,4,Betatorquevirus
MN769448.1,TTV-like mini virus,Betatorquevirus,Anelloviridae,SAfiA-51-14,93678,TTV-like mini virus,2910,"",7,364,1327,Betatorquevirus,MN769448.1,MN769448.1_1,677,20,Betatorquevirus
MN769447.1,TTV-like mini virus,Betatorquevirus,Anelloviridae,SAfiA-511-13,93678,TTV-like mini virus,2893,"",128,867,1461,Betatorquevirus,MN769447.1,MN769447.1_1,674,6,Betatorquevirus
MN769446.1,TTV-like mini virus,Betatorquevirus,Anelloviridae,SAfiA-509-8,93678,TTV-like mini virus,2862,"",48,23,1683,Betatorquevirus,MN769446.1,MN769446.1_1,653,19,Betatorquevirus
MN769442.1,TTV-like mini virus,Betatorquevirus,Anelloviridae,SAfiA-504-9,93678,TTV-like mini virus,2898,"",217,123,32,Betatorquevirus,MN769442.1,MN769442.1_1,665,14,Betatorquevirus
MN769441.1,TTV-like mini virus,Betatorquevirus,Anelloviridae,SAfiA-504-5,93678,TTV-like mini virus,2904,"",60,107,1367,Betatorquevirus,MN769441.1,MN769441.1_1,679,20,Betatorquevirus
MN769440.1,TTV-like mini virus,Betatorquevirus,Anelloviridae,SAfiA-502-12,93678,TTV-like mini virus,2899,"",94,231,398,Betatorquevirus,MN769440.1,MN769440.1_1,660,4,Betatorquevirus
MN769438.1,TTV-like mini virus,Betatorquevirus,Anelloviridae,SAfiA-500-47,93678,TTV-like mini virus,2810,"",45,7,97,Betatorquevirus,MN769438.1,MN769438.1_1,642,2,Betatorquevirus
MN769437.1,TTV-like mini virus,Betatorquevirus,Anelloviridae,SAfiA-500-44,93678,TTV-like mini virus,2841,"",99,237,158,Betatorquevirus,MN769437.1,MN769437.1_1,656,2,Betatorquevirus
MN769436.1,TTV-like mini virus,Betatorquevirus,Anelloviridae,SAfiA-500-41,93678,TTV-like mini virus,2880,"",17,219,575,Betatorquevirus,MN769436.1,MN769436.1_1,664,7,Betatorquevirus
MN769434.1,TTV-like mini virus,Betatorquevirus,Anelloviridae,SAfiA-500-31,93678,TTV-like mini virus,2950,"",26,155,1114,Betatorquevirus,MN769434.1,MN769434.1_1,665,8,Betatorquevirus
MN769433.1,TTV-like mini virus,Betatorquevirus,Anelloviridae,SAfiA-500-30,93678,TTV-like mini virus,2898,"",40,116,116,Betatorquevirus,MN769433.1,MN769433.1_1,663,4,Betatorquevirus
MN769432.1,TTV-like mini virus,Betatorquevirus,Anelloviridae,SAfiA-498-5,93678,TTV-like mini virus,2905,"",90,391,1357,Betatorquevirus,MN769432.1,MN769432.1_1,649,21,Betatorquevirus
MN769428.1,TTV-like mini virus,Betatorquevirus,Anelloviridae,SAfiA-491-14,93678,TTV-like mini virus,2906,"",6,19,19,Betatorquevirus,MN769428.1,MN769428.1_1,671,11,Betatorquevirus
MN769427.1,TTV-like mini virus,Betatorquevirus,Anelloviridae,SAfiA-488-7,93678,TTV-like mini virus,2856,"",5,687,1720,Betatorquevirus,MN769427.1,MN769427.1_1,657,15,Betatorquevirus
MN769426.1,TTV-like mini virus,Betatorquevirus,Anelloviridae,SAfiA-488-6,93678,TTV-like mini virus,2879,"",21,96,1555,Betatorquevirus,MN769426.1,MN769426.1_1,658,4,Betatorquevirus
MN769425.1,TTV-like mini virus,Betatorquevirus,Anelloviridae,SAfiA-488-4,93678,TTV-like mini virus,2956,"",44,111,202,Betatorquevirus,MN769425.1,MN769425.1_1,671,20,Betatorquevirus
MN769418.1,TTV-like mini virus,Betatorquevirus,Anelloviridae,SAfiA-481-10,93678,TTV-like mini virus,2909,"",80,473,1332,Betatorquevirus,MN769418.1,MN769418.1_1,673,12,Betatorquevirus
MN769417.1,TTV-like mini virus,Betatorquevirus,Anelloviridae,SAfiA-478-27,93678,TTV-like mini virus,2820,"",134,336,511,Betatorquevirus,MN769417.1,MN769417.1_1,672,24,Betatorquevirus
MN769416.1,TTV-like mini virus,Betatorquevirus,Anelloviridae,SAfiA-478-22,93678,TTV-like mini virus,2864,"",87,245,67,Betatorquevirus,MN769416.1,MN769416.1_1,653,2,Betatorquevirus
MN769415.1,TTV-like mini virus,Betatorquevirus,Anelloviridae,SAfiA-478-20,93678,TTV-like mini virus,2872,"",40,284,552,Betatorquevirus,MN769415.1,MN769415.1_1,662,4,Betatorquevirus
MN769414.1,TTV-like mini virus,Betatorquevirus,Anelloviridae,SAfiA-478-15,93678,TTV-like mini virus,2916,"",7,162,1279,Betatorquevirus,MN769414.1,MN769414.1_1,679,20,Betatorquevirus
MN769412.1,TTV-like mini virus,Betatorquevirus,Anelloviridae,SAfiA-477-5,93678,TTV-like mini virus,2848,"",61,68,1778,Betatorquevirus,MN769412.1,MN769412.1_1,647,21,Betatorquevirus
MN769410.1,TTV-like mini virus,Betatorquevirus,Anelloviridae,SAfiA-476-8,93678,TTV-like mini virus,2900,"",10,33,59,Betatorquevirus,MN769410.1,MN769410.1_1,659,13,Betatorquevirus
MN769409.1,TTV-like mini virus,Betatorquevirus,Anelloviridae,SAfiA-476-6,93678,TTV-like mini virus,2913,"",52,32,1300,Betatorquevirus,MN769409.1,MN769409.1_1,671,11,Betatorquevirus
MN769407.1,TTV-like mini virus,Betatorquevirus,Anelloviridae,SAfiA-475-5,93678,TTV-like mini virus,2935,"",11,35,207,Betatorquevirus,MN769407.1,MN769407.1_1,676,12,Betatorquevirus
MN769405.1,TTV-like mini virus,Betatorquevirus,Anelloviridae,SAfiA-47-14,93678,TTV-like mini virus,2879,"",10,33,1554,Betatorquevirus,MN769405.1,MN769405.1_1,661,13,Betatorquevirus
MN769404.1,TTV-like mini virus,Betatorquevirus,Anelloviridae,SAfiA-47-10,93678,TTV-like mini virus,2941,"",68,73,326,Betatorquevirus,MN769404.1,MN769404.1_1,683,20,Betatorquevirus
MN769403.1,TTV-like mini virus,Betatorquevirus,Anelloviridae,SAfiA-470-7,93678,TTV-like mini virus,2949,"",3,144,136,Betatorquevirus,MN769403.1,MN769403.1_1,675,14,Betatorquevirus
MN769402.1,TTV-like mini virus,Betatorquevirus,Anelloviridae,SAfiA-469-6,93678,TTV-like mini virus,2910,"",264,535,1326,Betatorquevirus,MN769402.1,MN769402.1_1,680,11,Betatorquevirus
MN769401.1,TTV-like mini virus,Betatorquevirus,Anelloviridae,SAfiA-469-10,93678,TTV-like mini virus,2786,"",0,0,2074,Betatorquevirus,MN769401.1,MN769401.1_1,657,2,Betatorquevirus
MN769398.1,TTV-like mini virus,Betatorquevirus,Anelloviridae,SAfiA-460-9,93678,TTV-like mini virus,2858,"",113,124,155,Betatorquevirus,MN769398.1,MN769398.1_1,663,4,Betatorquevirus
MN769395.1,TTV-like mini virus,Betatorquevirus,Anelloviridae,SAfiA-45-4,93678,TTV-like mini virus,2933,"",340,823,1185,Betatorquevirus,MN769395.1,MN769395.1_1,678,11,Betatorquevirus
MN769392.1,TTV-like mini virus,Betatorquevirus,Anelloviridae,SAfiA-453-11,93678,TTV-like mini virus,2819,"",0,55,527,Betatorquevirus,MN769392.1,MN769392.1_1,664,2,Betatorquevirus
MN769390.1,TTV-like mini virus,Betatorquevirus,Anelloviridae,SAfiA-447-2,93678,TTV-like mini virus,2887,"",7,301,1509,Betatorquevirus,MN769390.1,MN769390.1_1,674,20,Betatorquevirus
MN769389.1,TTV-like mini virus,Betatorquevirus,Anelloviridae,SAfiA-446-15,93678,TTV-like mini virus,2848,"",104,89,1777,Betatorquevirus,MN769389.1,MN769389.1_1,656,21,Betatorquevirus
MN769386.1,TTV-like mini virus,Betatorquevirus,Anelloviridae,SAfiA-442-12,93678,TTV-like mini virus,2835,"",48,23,380,Betatorquevirus,MN769386.1,MN769386.1_1,653,19,Betatorquevirus
MN769384.1,TTV-like mini virus,Betatorquevirus,Anelloviridae,SAfiA-440-12,93678,TTV-like mini virus,2900,"",97,249,1401,Betatorquevirus,MN769384.1,MN769384.1_1,663,16,Betatorquevirus
MN769383.1,TTV-like mini virus,Betatorquevirus,Anelloviridae,SAfiA-437-8,93678,TTV-like mini virus,2809,"",135,122,216,Betatorquevirus,MN769383.1,MN769383.1_1,652,2,Betatorquevirus
MN769382.1,TTV-like mini virus,Betatorquevirus,Anelloviridae,SAfiA-437-4,93678,TTV-like mini virus,2917,"",22,460,1273,Betatorquevirus,MN769382.1,MN769382.1_1,672,11,Betatorquevirus
MN769380.1,TTV-like mini virus,Betatorquevirus,Anelloviridae,SAfiA-434-4,93678,TTV-like mini virus,2941,"",3,67,1154,Betatorquevirus,MN769380.1,MN769380.1_1,680,14,Betatorquevirus
MN769376.1,TTV-like mini virus,Betatorquevirus,Anelloviridae,SAfiA-425-3,93678,TTV-like mini virus,2851,"",5,88,323,Betatorquevirus,MN769376.1,MN769376.1_1,488,15,Betatorquevirus
MN769375.1,TTV-like mini virus,Betatorquevirus,Anelloviridae,SAfiA-4-22,93678,TTV-like mini virus,2827,"",160,400,508,Betatorquevirus,MN769375.1,MN769375.1_1,664,24,Betatorquevirus
MN769373.1,TTV-like mini virus,Betatorquevirus,Anelloviridae,SAfiA-421-15,93678,TTV-like mini virus,2899,"",28,700,1413,Betatorquevirus,MN769373.1,MN769373.1_1,679,6,Betatorquevirus
MN769372.1,TTV-like mini virus,Betatorquevirus,Anelloviridae,SAfiA-421-13,93678,TTV-like mini virus,2910,"",29,437,221,Betatorquevirus,MN769372.1,MN769372.1_1,665,21,Betatorquevirus
MN769369.1,TTV-like mini virus,Betatorquevirus,Anelloviridae,SAfiA-418-8,93678,TTV-like mini virus,2929,"",2,250,193,Betatorquevirus,MN769369.1,MN769369.1_1,676,16,Betatorquevirus
MN769367.1,TTV-like mini virus,Betatorquevirus,Anelloviridae,SAfiA-418-13,93678,TTV-like mini virus,2887,"",96,161,1508,Betatorquevirus,MN769367.1,MN769367.1_1,669,7,Betatorquevirus
MN769365.1,TTV-like mini virus,Betatorquevirus,Anelloviridae,SAfiA-4-18,93678,TTV-like mini virus,2846,"",0,0,218,Betatorquevirus,MN769365.1,MN769365.1_1,671,2,Betatorquevirus
MN769363.1,TTV-like mini virus,Betatorquevirus,Anelloviridae,SAfiA-413-5,93678,TTV-like mini virus,2877,"",97,210,1573,Betatorquevirus,MN769363.1,MN769363.1_1,671,16,Betatorquevirus
MN769359.1,TTV-like mini virus,Betatorquevirus,Anelloviridae,SAfiA-409-3,93678,TTV-like mini virus,2877,"",91,888,1572,Betatorquevirus,MN769359.1,MN769359.1_1,661,15,Betatorquevirus
MN769358.1,TTV-like mini virus,Betatorquevirus,Anelloviridae,SAfiA-405-4,93678,TTV-like mini virus,2891,"",10,94,1474,Betatorquevirus,MN769358.1,MN769358.1_1,662,13,Betatorquevirus
MN769357.1,TTV-like mini virus,Betatorquevirus,Anelloviridae,SAfiA-403-12,93678,TTV-like mini virus,2794,"",0,3,2057,Betatorquevirus,MN769357.1,MN769357.1_1,662,2,Betatorquevirus
MN769356.1,TTV-like mini virus,Betatorquevirus,Anelloviridae,SAfiA-402-30,93678,TTV-like mini virus,2830,"",0,3,1886,Betatorquevirus,MN769356.1,MN769356.1_1,659,2,Betatorquevirus
MN769355.1,TTV-like mini virus,Betatorquevirus,Anelloviridae,SAfiA-402-24,93678,TTV-like mini virus,2838,"",48,23,1841,Betatorquevirus,MN769355.1,MN769355.1_1,654,19,Betatorquevirus
MN769353.1,TTV-like mini virus,Betatorquevirus,Anelloviridae,SAfiA-402-21,93678,TTV-like mini virus,2844,"",5,26,1800,Betatorquevirus,MN769353.1,MN769353.1_1,653,15,Betatorquevirus
MN769351.1,TTV-like mini virus,Betatorquevirus,Anelloviridae,SAfiA-401-9,93678,TTV-like mini virus,2953,"",31,299,1105,Betatorquevirus,MN769351.1,MN769351.1_1,668,16,Betatorquevirus
MN769350.1,TTV-like mini virus,Betatorquevirus,Anelloviridae,SAfiA-401-17,93678,TTV-like mini virus,2884,"",23,28,10,Betatorquevirus,MN769350.1,MN769350.1_1,663,12,Betatorquevirus
MN769349.1,TTV-like mini virus,Betatorquevirus,Anelloviridae,SAfiA-401-16,93678,TTV-like mini virus,2904,"",44,111,1366,Betatorquevirus,MN769349.1,MN769349.1_1,671,20,Betatorquevirus
MN769348.1,TTV-like mini virus,Betatorquevirus,Anelloviridae,SAfiA-401-12,93678,TTV-like mini virus,2927,"",3,661,579,Betatorquevirus,MN769348.1,MN769348.1_1,675,14,Betatorquevirus
MN769347.1,TTV-like mini virus,Betatorquevirus,Anelloviridae,SAfiA-400-8,93678,TTV-like mini virus,2849,"",29,105,11,Betatorquevirus,MN769347.1,MN769347.1_1,657,21,Betatorquevirus
MN769346.1,TTV-like mini virus,Betatorquevirus,Anelloviridae,SAfiA-39-9,93678,TTV-like mini virus,2883,"",10,160,1533,Betatorquevirus,MN769346.1,MN769346.1_1,664,13,Betatorquevirus
MN769344.1,TTV-like mini virus,Betatorquevirus,Anelloviridae,SAfiA-398-17,93678,TTV-like mini virus,2909,"",30,423,419,Betatorquevirus,MN769344.1,MN769344.1_1,677,7,Betatorquevirus
MN769342.1,TTV-like mini virus,Betatorquevirus,Anelloviridae,SAfiA-397-6,93678,TTV-like mini virus,2872,"",21,99,40,Betatorquevirus,MN769342.1,MN769342.1_1,659,4,Betatorquevirus
MN769340.1,TTV-like mini virus,Betatorquevirus,Anelloviridae,SAfiA-396-7,93678,TTV-like mini virus,2918,"",11,337,1267,Betatorquevirus,MN769340.1,MN769340.1_1,671,12,Betatorquevirus
MN769337.1,TTV-like mini virus,Betatorquevirus,Anelloviridae,SAfiA-392-23,93678,TTV-like mini virus,2900,"",18,357,335,Betatorquevirus,MN769337.1,MN769337.1_1,667,17,Betatorquevirus
MN769336.1,TTV-like mini virus,Betatorquevirus,Anelloviridae,SAfiA-392-16,93678,TTV-like mini virus,3006,"",47,326,129,Betatorquevirus,MN769336.1,MN769336.1_1,686,20,Betatorquevirus
MN769335.1,TTV-like mini virus,Betatorquevirus,Anelloviridae,SAfiA-39-12,93678,TTV-like mini virus,2870,"",19,479,1630,Betatorquevirus,MN769335.1,MN769335.1_1,661,16,Betatorquevirus
MN769333.1,TTV-like mini virus,Betatorquevirus,Anelloviridae,SAfiA-390-14,93678,TTV-like mini virus,2863,"",8,186,1674,Betatorquevirus,MN769333.1,MN769333.1_1,666,17,Betatorquevirus
MN769332.1,TTV-like mini virus,Betatorquevirus,Anelloviridae,SAfiA-388-97,93678,TTV-like mini virus,2798,"",50,114,2041,Betatorquevirus,MN769332.1,MN769332.1_1,660,5,Betatorquevirus
MN769330.1,TTV-like mini virus,Betatorquevirus,Anelloviridae,SAfiA-388-90,93678,TTV-like mini virus,2903,"",5,466,1373,Betatorquevirus,MN769330.1,MN769330.1_1,667,15,Betatorquevirus
MN769329.1,TTV-like mini virus,Betatorquevirus,Anelloviridae,SAfiA-388-89,93678,TTV-like mini virus,2848,"",104,89,1776,Betatorquevirus,MN769329.1,MN769329.1_1,656,21,Betatorquevirus
MN769325.1,TTV-like mini virus,Betatorquevirus,Anelloviridae,SAfiA-388-63,93678,TTV-like mini virus,2905,"",47,849,1356,Betatorquevirus,MN769325.1,MN769325.1_1,679,20,Betatorquevirus
MN769324.1,TTV-like mini virus,Betatorquevirus,Anelloviridae,SAfiA-388-61,93678,TTV-like mini virus,2879,"",185,291,1553,Betatorquevirus,MN769324.1,MN769324.1_1,661,5,Betatorquevirus
MN769323.1,TTV-like mini virus,Betatorquevirus,Anelloviridae,SAfiA-388-55,93678,TTV-like mini virus,2865,"",331,902,1660,Betatorquevirus,MN769323.1,MN769323.1_1,663,12,Betatorquevirus
MN769321.1,TTV-like mini virus,Betatorquevirus,Anelloviridae,SAfiA-388-30,93678,TTV-like mini virus,2971,"",7,641,525,Betatorquevirus,MN769321.1,MN769321.1_1,677,20,Betatorquevirus
MN769320.1,TTV-like mini virus,Betatorquevirus,Anelloviridae,SAfiA-388-139,93678,TTV-like mini virus,2842,"",46,29,1809,Betatorquevirus,MN769320.1,MN769320.1_1,665,17,Betatorquevirus
MN769319.1,TTV-like mini virus,Betatorquevirus,Anelloviridae,SAfiA-388-134,93678,TTV-like mini virus,2817,"",0,187,1948,Betatorquevirus,MN769319.1,MN769319.1_1,659,2,Betatorquevirus
MN769318.1,TTV-like mini virus,Betatorquevirus,Anelloviridae,SAfiA-388-127,93678,TTV-like mini virus,2876,"",17,219,1582,Betatorquevirus,MN769318.1,MN769318.1_1,663,7,Betatorquevirus
MN769316.1,TTV-like mini virus,Betatorquevirus,Anelloviridae,SAfiA-388-117,93678,TTV-like mini virus,2903,"",41,212,346,Betatorquevirus,MN769316.1,MN769316.1_1,677,25,Betatorquevirus
MN769314.1,TTV-like mini virus,Betatorquevirus,Anelloviridae,SAfiA-388-107,93678,TTV-like mini virus,2885,"",97,249,166,Betatorquevirus,MN769314.1,MN769314.1_1,665,16,Betatorquevirus
MN769311.1,TTV-like mini virus,Betatorquevirus,Anelloviridae,SAfiA-382-4,93678,TTV-like mini virus,2963,"",6,335,154,Betatorquevirus,MN769311.1,MN769311.1_1,678,11,Betatorquevirus
MN769310.1,TTV-like mini virus,Betatorquevirus,Anelloviridae,SAfiA-382-3,93678,TTV-like mini virus,2970,"",109,79,22,Betatorquevirus,MN769310.1,MN769310.1_1,666,27,Hetorquevirus
MN769309.1,TTV-like mini virus,Betatorquevirus,Anelloviridae,SAfiA-38-10,93678,TTV-like mini virus,2827,"",64,10,46,Gammatorquevirus,MN769309.1,MN769309.1_1,657,2,Betatorquevirus
MN769308.1,TTV-like mini virus,Betatorquevirus,Anelloviridae,SAfiA-380-94,93678,TTV-like mini virus,2759,"",0,678,2130,Betatorquevirus,MN769308.1,MN769308.1_1,655,2,Betatorquevirus
MN769305.1,TTV-like mini virus,Betatorquevirus,Anelloviridae,SAfiA-380-7,93678,TTV-like mini virus,2849,"",41,222,358,Betatorquevirus,MN769305.1,MN769305.1_1,676,25,Betatorquevirus
MN769304.1,TTV-like mini virus,Betatorquevirus,Anelloviridae,SAfiA-380-46,93678,TTV-like mini virus,2868,"",83,899,1643,Betatorquevirus,MN769304.1,MN769304.1_1,666,9,Betatorquevirus
MN769303.1,TTV-like mini virus,Betatorquevirus,Anelloviridae,SAfiA-380-43,93678,TTV-like mini virus,2898,"",186,857,1419,Betatorquevirus,MN769303.1,MN769303.1_1,673,16,Betatorquevirus
MN769302.1,TTV-like mini virus,Betatorquevirus,Anelloviridae,SAfiA-380-42,93678,TTV-like mini virus,2833,"",41,212,1869,Betatorquevirus,MN769302.1,MN769302.1_1,677,25,Betatorquevirus
MN769301.1,TTV-like mini virus,Betatorquevirus,Anelloviridae,SAfiA-380-26,93678,TTV-like mini virus,2899,"",15,207,96,Betatorquevirus,MN769301.1,MN769301.1_1,664,5,Betatorquevirus
MN769300.1,TTV-like mini virus,Betatorquevirus,Anelloviridae,SAfiA-380-24,93678,TTV-like mini virus,2905,"",21,267,1355,Betatorquevirus,MN769300.1,MN769300.1_1,668,4,Betatorquevirus
MN769298.1,TTV-like mini virus,Betatorquevirus,Anelloviridae,SAfiA-380-19,93678,TTV-like mini virus,2921,"",1,5,1251,Betatorquevirus,MN769298.1,MN769298.1_1,669,10,Betatorquevirus
MN769297.1,TTV-like mini virus,Betatorquevirus,Anelloviridae,SAfiA-378-9,93678,TTV-like mini virus,2873,"",170,216,1609,Betatorquevirus,MN769297.1,MN769297.1_1,668,25,Betatorquevirus
MN769294.1,TTV-like mini virus,Betatorquevirus,Anelloviridae,SAfiA-376-28,93678,TTV-like mini virus,2839,"",0,3,15,Betatorquevirus,MN769294.1,MN769294.1_1,659,2,Betatorquevirus
MN769293.1,TTV-like mini virus,Betatorquevirus,Anelloviridae,SAfiA-376-22,93678,TTV-like mini virus,2884,"",350,879,1525,Betatorquevirus,MN769293.1,MN769293.1_1,680,18,Betatorquevirus
MN769292.1,TTV-like mini virus,Betatorquevirus,Anelloviridae,SAfiA-376-19,93678,TTV-like mini virus,2889,"",141,146,1492,Betatorquevirus,MN769292.1,MN769292.1_1,662,5,Betatorquevirus
MN769289.1,TTV-like mini virus,Betatorquevirus,Anelloviridae,SAfiA-370-3,93678,TTV-like mini virus,2896,"",10,862,1440,Betatorquevirus,MN769289.1,MN769289.1_1,672,13,Betatorquevirus
MN769286.1,TTV-like mini virus,Betatorquevirus,Anelloviridae,SAfiA-367-31,93678,TTV-like mini virus,2851,"",0,55,106,Betatorquevirus,MN769286.1,MN769286.1_1,666,2,Betatorquevirus
MN769283.1,TTV-like mini virus,Betatorquevirus,Anelloviridae,SAfiA-365-14,93678,TTV-like mini virus,2907,"",2,141,127,Betatorquevirus,MN769283.1,MN769283.1_1,671,16,Betatorquevirus
MN769282.1,TTV-like mini virus,Betatorquevirus,Anelloviridae,SAfiA-365-11,93678,TTV-like mini virus,2923,"",7,303,305,Betatorquevirus,MN769282.1,MN769282.1_1,680,20,Betatorquevirus
MN769281.1,TTV-like mini virus,Betatorquevirus,Anelloviridae,SAfiA-364-8,93678,TTV-like mini virus,2905,"",17,84,479,Betatorquevirus,MN769281.1,MN769281.1_1,673,7,Betatorquevirus
MN769274.1,TTV-like mini virus,Betatorquevirus,Anelloviridae,SAfiA-361-34,93678,TTV-like mini virus,2813,"",43,260,1975,Betatorquevirus,MN769274.1,MN769274.1_1,663,24,Betatorquevirus
MN769273.1,TTV-like mini virus,Betatorquevirus,Anelloviridae,SAfiA-361-26,93678,TTV-like mini virus,2864,"",5,466,1669,Betatorquevirus,MN769273.1,MN769273.1_1,661,15,Betatorquevirus
MN769270.1,TTV-like mini virus,Betatorquevirus,Anelloviridae,SAfiA-360-22,93678,TTV-like mini virus,2839,"",0,197,632,Betatorquevirus,MN769270.1,MN769270.1_1,662,2,Betatorquevirus
MN769269.1,TTV-like mini virus,Betatorquevirus,Anelloviridae,SAfiA-360-16,93678,TTV-like mini virus,2875,"",8,83,1593,Betatorquevirus,MN769269.1,MN769269.1_1,658,17,Betatorquevirus
MN769266.1,TTV-like mini virus,Betatorquevirus,Anelloviridae,SAfiA-359-6,93678,TTV-like mini virus,3013,"",44,111,349,Betatorquevirus,MN769266.1,MN769266.1_1,679,20,Betatorquevirus
MN769265.1,TTV-like mini virus,Betatorquevirus,Anelloviridae,SAfiA-359-20,93678,TTV-like mini virus,2816,"",142,150,1959,Betatorquevirus,MN769265.1,MN769265.1_1,660,17,Betatorquevirus
MN769264.1,TTV-like mini virus,Betatorquevirus,Anelloviridae,SAfiA-359-14,93678,TTV-like mini virus,2846,"",59,281,1791,Betatorquevirus,MN769264.1,MN769264.1_1,659,15,Betatorquevirus
MN769263.1,TTV-like mini virus,Betatorquevirus,Anelloviridae,SAfiA-358-7,93678,TTV-like mini virus,2834,"",124,232,488,Betatorquevirus,MN769263.1,MN769263.1_1,656,24,Betatorquevirus
MN769260.1,TTV-like mini virus,Betatorquevirus,Anelloviridae,SAfiA-35-68,93678,TTV-like mini virus,2848,"",48,408,1775,Betatorquevirus,MN769260.1,MN769260.1_1,646,19,Betatorquevirus
MN769259.1,TTV-like mini virus,Betatorquevirus,Anelloviridae,SAfiA-35-65,93678,TTV-like mini virus,2817,"",0,187,190,Betatorquevirus,MN769259.1,MN769259.1_1,659,2,Betatorquevirus
MN769258.1,TTV-like mini virus,Betatorquevirus,Anelloviridae,SAfiA-35-62,93678,TTV-like mini virus,2876,"",8,189,146,Betatorquevirus,MN769258.1,MN769258.1_1,669,17,Betatorquevirus
MN769257.1,TTV-like mini virus,Betatorquevirus,Anelloviridae,SAfiA-35-61,93678,TTV-like mini virus,2882,"",27,98,439,Betatorquevirus,MN769257.1,MN769257.1_1,660,13,Betatorquevirus
MN769256.1,TTV-like mini virus,Betatorquevirus,Anelloviridae,SAfiA-35-59,93678,TTV-like mini virus,2820,"",279,315,1941,Betatorquevirus,MN769256.1,MN769256.1_1,657,13,Betatorquevirus
MN769253.1,TTV-like mini virus,Betatorquevirus,Anelloviridae,SAfiA-35-40,93678,TTV-like mini virus,2947,"",26,80,38,Betatorquevirus,MN769253.1,MN769253.1_1,670,8,Betatorquevirus
MN769252.1,TTV-like mini virus,Betatorquevirus,Anelloviridae,SAfiA-353-43,93678,TTV-like mini virus,2761,"",39,514,2128,Betatorquevirus,MN769252.1,MN769252.1_1,649,2,Betatorquevirus
MN769251.1,TTV-like mini virus,Betatorquevirus,Anelloviridae,SAfiA-353-39,93678,TTV-like mini virus,2885,"",41,212,1518,Betatorquevirus,MN769251.1,MN769251.1_1,677,25,Betatorquevirus
MN769247.1,TTV-like mini virus,Betatorquevirus,Anelloviridae,SAfiA-35-32,93678,TTV-like mini virus,2893,"",96,161,1460,Betatorquevirus,MN769247.1,MN769247.1_1,671,7,Betatorquevirus
MN769246.1,TTV-like mini virus,Betatorquevirus,Anelloviridae,SAfiA-35-29,93678,TTV-like mini virus,2902,"",105,540,1382,Betatorquevirus,MN769246.1,MN769246.1_1,665,5,Betatorquevirus
MN769245.1,TTV-like mini virus,Betatorquevirus,Anelloviridae,SAfiA-35-24,93678,TTV-like mini virus,2829,"",9,556,1893,Betatorquevirus,MN769245.1,MN769245.1_1,662,24,Betatorquevirus
MN769244.1,TTV-like mini virus,Betatorquevirus,Anelloviridae,SAfiA-352-24,93678,TTV-like mini virus,2900,"",2,576,1400,Betatorquevirus,MN769244.1,MN769244.1_1,669,16,Betatorquevirus
MN769241.1,TTV-like mini virus,Betatorquevirus,Anelloviridae,SAfiA-35-15,93678,TTV-like mini virus,2960,"",221,447,241,Betatorquevirus,MN769241.1,MN769241.1_1,685,12,Betatorquevirus
MN769238.1,TTV-like mini virus,Betatorquevirus,Anelloviridae,SAfiA-350-16,93678,TTV-like mini virus,2919,"",66,154,460,Betatorquevirus,MN769238.1,MN769238.1_1,668,5,Betatorquevirus
MN769237.1,TTV-like mini virus,Betatorquevirus,Anelloviridae,SAfiA-350-14,93678,TTV-like mini virus,2936,"",26,223,105,Betatorquevirus,MN769237.1,MN769237.1_1,665,8,Betatorquevirus
MN769236.1,TTV-like mini virus,Betatorquevirus,Anelloviridae,SAfiA-349-9,93678,TTV-like mini virus,2987,"",275,791,1008,Betatorquevirus,MN769236.1,MN769236.1_1,661,28,Hetorquevirus
MN769235.1,TTV-like mini virus,Betatorquevirus,Anelloviridae,SAfiA-349-42,93678,TTV-like mini virus,2839,"",98,61,34,Betatorquevirus,MN769235.1,MN769235.1_1,648,2,Betatorquevirus
MN769234.1,Hetorquevirus hominid2,Hetorquevirus,Anelloviridae,SAfiA-349-33,2846487,Torque teno hominid virus 2,2919,"",152,170,586,Hetorquevirus,MN769234.1,MN769234.1_1,664,27,Hetorquevirus
MN769233.1,TTV-like mini virus,Betatorquevirus,Anelloviridae,SAfiA-349-32,93678,TTV-like mini virus,2880,"",59,264,1548,Betatorquevirus,MN769233.1,MN769233.1_1,660,15,Betatorquevirus
MN769231.1,TTV-like mini virus,Betatorquevirus,Anelloviridae,SAfiA-349-14,93678,TTV-like mini virus,2939,"",217,278,1162,Betatorquevirus,MN769231.1,MN769231.1_1,670,14,Betatorquevirus
MN769228.1,TTV-like mini virus,Betatorquevirus,Anelloviridae,SAfiA-346-35,93678,TTV-like mini virus,2810,"",86,62,375,Betatorquevirus,MN769228.1,MN769228.1_1,663,24,Betatorquevirus
MN769226.1,TTV-like mini virus,Betatorquevirus,Anelloviridae,SAfiA-346-33,93678,TTV-like mini virus,2831,"",21,267,1880,Betatorquevirus,MN769226.1,MN769226.1_1,665,4,Betatorquevirus
MN769224.1,TTV-like mini virus,Betatorquevirus,Anelloviridae,SAfiA-346-16,93678,TTV-like mini virus,2913,"",80,473,1299,Betatorquevirus,MN769224.1,MN769224.1_1,669,12,Betatorquevirus
MN769223.1,TTV-like mini virus,Betatorquevirus,Anelloviridae,SAfiA-345-17,93678,TTV-like mini virus,2791,"",99,985,2063,Betatorquevirus,MN769223.1,MN769223.1_1,657,2,Betatorquevirus
MN769221.1,TTV-like mini virus,Betatorquevirus,Anelloviridae,SAfiA-345-14,93678,TTV-like mini virus,2870,"",89,46,1629,Betatorquevirus,MN769221.1,MN769221.1_1,662,13,Betatorquevirus
MN769219.1,TTV-like mini virus,Betatorquevirus,Anelloviridae,SAfiA-344-3,93678,TTV-like mini virus,2941,"",36,181,1153,Betatorquevirus,MN769219.1,MN769219.1_1,676,20,Betatorquevirus
MN769214.1,TTV-like mini virus,Betatorquevirus,Anelloviridae,SAfiA-341-13,93678,TTV-like mini virus,2892,"",5,171,1466,Betatorquevirus,MN769214.1,MN769214.1_1,664,15,Betatorquevirus
MN769212.1,TTV-like mini virus,Betatorquevirus,Anelloviridae,SAfiA-340-2,93678,TTV-like mini virus,2912,"",44,707,1308,Betatorquevirus,MN769212.1,MN769212.1_1,673,20,Betatorquevirus
MN769211.1,TTV-like mini virus,Betatorquevirus,Anelloviridae,SAfiA-339-7,93678,TTV-like mini virus,2894,"",51,30,74,Betatorquevirus,MN769211.1,MN769211.1_1,664,5,Betatorquevirus
MN769210.1,TTV-like mini virus,Betatorquevirus,Anelloviridae,SAfiA-339-10,93678,TTV-like mini virus,2848,"",0,55,537,Betatorquevirus,MN769210.1,MN769210.1_1,665,2,Betatorquevirus
MN769209.1,TTV-like mini virus,Betatorquevirus,Anelloviridae,SAfiA-338-9,93678,TTV-like mini virus,2979,"",116,239,249,Betatorquevirus,MN769209.1,MN769209.1_1,665,9,Betatorquevirus
MN769207.1,TTV-like mini virus,Betatorquevirus,Anelloviridae,SAfiA-332-9,93678,TTV-like mini virus,2884,"",91,333,149,Betatorquevirus,MN769207.1,MN769207.1_1,664,15,Betatorquevirus
MN769206.1,TTV-like mini virus,Betatorquevirus,Anelloviridae,SAfiA-332-5,93678,TTV-like mini virus,2925,"",10,160,278,Betatorquevirus,MN769206.1,MN769206.1_1,666,13,Betatorquevirus
MN769205.1,TTV-like mini virus,Betatorquevirus,Anelloviridae,SAfiA-33-23,93678,TTV-like mini virus,2843,"",0,548,1805,Betatorquevirus,MN769205.1,MN769205.1_1,660,2,Betatorquevirus
MN769204.1,TTV-like mini virus,Betatorquevirus,Anelloviridae,SAfiA-33-22,93678,TTV-like mini virus,2836,"",0,486,1850,Betatorquevirus,MN769204.1,MN769204.1_1,662,2,Betatorquevirus
MN769202.1,TTV-like mini virus,Betatorquevirus,Anelloviridae,SAfiA-331-13,93678,TTV-like mini virus,2953,"",146,504,1104,Betatorquevirus,MN769202.1,MN769202.1_1,679,23,Betatorquevirus
MN769201.1,TTV-like mini virus,Betatorquevirus,Anelloviridae,SAfiA-330-3,93678,TTV-like mini virus,2995,"",7,174,112,Betatorquevirus,MN769201.1,MN769201.1_1,673,20,Betatorquevirus
MN769200.1,TTV-like mini virus,Betatorquevirus,Anelloviridae,SAfiA-330-10,93678,TTV-like mini virus,2890,"",60,182,1483,Betatorquevirus,MN769200.1,MN769200.1_1,671,20,Betatorquevirus
MN769193.1,TTV-like mini virus,Betatorquevirus,Anelloviridae,SAfiA-323-4,93678,TTV-like mini virus,2898,"",63,15,489,Hetorquevirus,MN769193.1,MN769193.1_1,665,27,Hetorquevirus
MN769192.1,TTV-like mini virus,Betatorquevirus,Anelloviridae,SAfiA-323-3,93678,TTV-like mini virus,2933,"",34,822,1184,Betatorquevirus,MN769192.1,MN769192.1_1,671,22,Betatorquevirus
MN769191.1,TTV-like mini virus,Betatorquevirus,Anelloviridae,SAfiA-322-2,93678,TTV-like mini virus,2945,"",68,73,1141,Betatorquevirus,MN769191.1,MN769191.1_1,684,20,Betatorquevirus
MN769190.1,TTV-like mini virus,Betatorquevirus,Anelloviridae,SAfiA-321-10,93678,TTV-like mini virus,2865,"",8,31,208,Betatorquevirus,MN769190.1,MN769190.1_1,667,17,Betatorquevirus
MN769189.1,TTV-like mini virus,Betatorquevirus,Anelloviridae,SAfiA-32-0,93678,TTV-like mini virus,2923,"",2,311,171,Betatorquevirus,MN769189.1,MN769189.1_1,673,16,Betatorquevirus
MN769188.1,TTV-like mini virus,Betatorquevirus,Anelloviridae,SAfiA-319-8,93678,TTV-like mini virus,2934,"",2,446,240,Betatorquevirus,MN769188.1,MN769188.1_1,678,16,Betatorquevirus
MN769187.1,TTV-like mini virus,Betatorquevirus,Anelloviridae,SAfiA-319-26,93678,TTV-like mini virus,2823,"",15,43,446,Betatorquevirus,MN769187.1,MN769187.1_1,654,5,Betatorquevirus
MN769186.1,TTV-like mini virus,Betatorquevirus,Anelloviridae,SAfiA-319-23,93678,TTV-like mini virus,2851,"",8,51,87,Betatorquevirus,MN769186.1,MN769186.1_1,661,17,Betatorquevirus
MN769185.1,TTV-like mini virus,Betatorquevirus,Anelloviridae,SAfiA-319-22,93678,TTV-like mini virus,2876,"",46,29,7,Betatorquevirus,MN769185.1,MN769185.1_1,666,17,Betatorquevirus
MN769183.1,TTV-like mini virus,Betatorquevirus,Anelloviridae,SAfiA-317-12,93678,TTV-like mini virus,2874,"",218,304,1603,Betatorquevirus,MN769183.1,MN769183.1_1,666,4,Betatorquevirus
MN769182.1,TTV-like mini virus,Betatorquevirus,Anelloviridae,SAfiA-316-28,93678,TTV-like mini virus,2902,"",30,389,1381,Betatorquevirus,MN769182.1,MN769182.1_1,674,7,Betatorquevirus
MN769181.1,TTV-like mini virus,Betatorquevirus,Anelloviridae,SAfiA-316-25,93678,TTV-like mini virus,2924,"",52,607,355,Betatorquevirus,MN769181.1,MN769181.1_1,674,11,Betatorquevirus
MN769180.1,TTV-like mini virus,Betatorquevirus,Anelloviridae,SAfiA-316-21,93678,TTV-like mini virus,2883,"",95,372,1532,Betatorquevirus,MN769180.1,MN769180.1_1,668,17,Betatorquevirus
MN769179.1,TTV-like mini virus,Betatorquevirus,Anelloviridae,SAfiA-315-27,93678,TTV-like mini virus,2807,"",101,562,2012,Betatorquevirus,MN769179.1,MN769179.1_1,663,24,Betatorquevirus
MN769178.1,TTV-like mini virus,Betatorquevirus,Anelloviridae,SAfiA-314-33,93678,TTV-like mini virus,2737,"",172,996,2145,Betatorquevirus,MN769178.1,MN769178.1_1,633,3,Betatorquevirus
MN769177.1,TTV-like mini virus,Betatorquevirus,Anelloviridae,SAfiA-314-25,93678,TTV-like mini virus,2852,"",8,529,1746,Betatorquevirus,MN769177.1,MN769177.1_1,659,17,Betatorquevirus
MN769175.1,TTV-like mini virus,Betatorquevirus,Anelloviridae,SAfiA-313A-31,93678,TTV-like mini virus,2846,"",0,0,1790,Betatorquevirus,MN769175.1,MN769175.1_1,671,2,Betatorquevirus
MN769173.1,TTV-like mini virus,Betatorquevirus,Anelloviridae,SAfiA-309-17,93678,TTV-like mini virus,2908,"",96,649,542,Betatorquevirus,MN769173.1,MN769173.1_1,674,7,Betatorquevirus
MN769172.1,TTV-like mini virus,Betatorquevirus,Anelloviridae,SAfiA-309-16,93678,TTV-like mini virus,2908,"",29,651,551,Betatorquevirus,MN769172.1,MN769172.1_1,664,21,Betatorquevirus
MN769171.1,TTV-like mini virus,Betatorquevirus,Anelloviridae,SAfiA-308-12,93678,TTV-like mini virus,2931,"",338,825,1197,Betatorquevirus,MN769171.1,MN769171.1_1,675,11,Betatorquevirus
MN769169.1,TTV-like mini virus,Betatorquevirus,Anelloviridae,SAfiA-306B-7,93678,TTV-like mini virus,2988,"",33,1,1001,Betatorquevirus,MN769169.1,MN769169.1_1,668,5,Betatorquevirus
MN769166.1,TTV-like mini virus,Betatorquevirus,Anelloviridae,SAfiA-306A-26,93678,TTV-like mini virus,2898,"",106,633,496,Betatorquevirus,MN769166.1,MN769166.1_1,669,16,Betatorquevirus
MN769162.1,TTV-like mini virus,Betatorquevirus,Anelloviridae,SAfiA-301-6,93678,TTV-like mini virus,2975,"",126,169,161,Betatorquevirus,MN769162.1,MN769162.1_1,676,5,Betatorquevirus
MN769159.1,TTV-like mini virus,Betatorquevirus,Anelloviridae,SAfiA-299A-16,93678,TTV-like mini virus,2931,"",171,637,518,Betatorquevirus,MN769159.1,MN769159.1_1,672,18,Betatorquevirus
MN769158.1,TTV-like mini virus,Betatorquevirus,Anelloviridae,SAfiA-297-99,93678,TTV-like mini virus,2887,"",27,98,153,Betatorquevirus,MN769158.1,MN769158.1_1,661,13,Betatorquevirus
MN769155.1,TTV-like mini virus,Betatorquevirus,Anelloviridae,SAfiA-277-43,93678,TTV-like mini virus,2615,"",12,128,2182,Betatorquevirus,MN769155.1,MN769155.1_1,653,4,Betatorquevirus
MN769154.1,TTV-like mini virus,Betatorquevirus,Anelloviridae,SAfiA-277-25,93678,TTV-like mini virus,2877,"",8,51,1571,Betatorquevirus,MN769154.1,MN769154.1_1,671,17,Betatorquevirus
MN769153.1,TTV-like mini virus,Betatorquevirus,Anelloviridae,SAfiA-277-21,93678,TTV-like mini virus,2936,"",60,107,1179,Betatorquevirus,MN769153.1,MN769153.1_1,672,20,Betatorquevirus
MN769151.1,TTV-like mini virus,Betatorquevirus,Anelloviridae,SAfiA-275-55,93678,TTV-like mini virus,2808,"",0,0,372,Betatorquevirus,MN769151.1,MN769151.1_1,658,2,Betatorquevirus
MN769150.1,TTV-like mini virus,Betatorquevirus,Anelloviridae,SAfiA-275-49,93678,TTV-like mini virus,2919,"",12,240,652,Betatorquevirus,MN769150.1,MN769150.1_1,659,4,Betatorquevirus
MN769149.1,TTV-like mini virus,Betatorquevirus,Anelloviridae,SAfiA-275-45,93678,TTV-like mini virus,2874,"",27,119,1602,Betatorquevirus,MN769149.1,MN769149.1_1,662,13,Betatorquevirus
MN769147.1,TTV-like mini virus,Betatorquevirus,Anelloviridae,SAfiA-275-28,93678,TTV-like mini virus,2896,"",7,303,1439,Betatorquevirus,MN769147.1,MN769147.1_1,681,20,Betatorquevirus
MN769144.1,TTV-like mini virus,Betatorquevirus,Anelloviridae,SAfiA-267-25,93678,TTV-like mini virus,2785,"",92,125,2077,Betatorquevirus,MN769144.1,MN769144.1_1,644,2,Betatorquevirus
MN769143.1,TTV-like mini virus,Betatorquevirus,Anelloviridae,SAfiA-267-14,93678,TTV-like mini virus,2919,"",223,836,1261,Betatorquevirus,MN769143.1,MN769143.1_1,674,12,Betatorquevirus
MN769142.1,TTV-like mini virus,Betatorquevirus,Anelloviridae,SAfiA-266-6,93678,TTV-like mini virus,2958,"",28,487,1087,Betatorquevirus,MN769142.1,MN769142.1_1,684,6,Betatorquevirus
MN769141.1,TTV-like mini virus,Betatorquevirus,Anelloviridae,SAfiA-266-13,93678,TTV-like mini virus,2897,"",63,15,640,Hetorquevirus,MN769141.1,MN769141.1_1,665,27,Hetorquevirus
MN769140.1,TTV-like mini virus,Betatorquevirus,Anelloviridae,SAfiA-263-22,93678,TTV-like mini virus,2842,"",9,397,410,Betatorquevirus,MN769140.1,MN769140.1_1,665,24,Betatorquevirus
MN769137.1,TTV-like mini virus,Betatorquevirus,Anelloviridae,SAfiA-262-4,93678,TTV-like mini virus,2982,"",7,401,1020,Betatorquevirus,MN769137.1,MN769137.1_1,677,20,Betatorquevirus
MN769136.1,TTV-like mini virus,Betatorquevirus,Anelloviridae,SAfiA-25A-2,93678,TTV-like mini virus,2900,"",2,211,281,Betatorquevirus,MN769136.1,MN769136.1_1,669,16,Betatorquevirus
MN769135.1,TTV-like mini virus,Betatorquevirus,Anelloviridae,SAfiA-259-10,93678,TTV-like mini virus,2900,"",106,142,150,Betatorquevirus,MN769135.1,MN769135.1_1,669,16,Betatorquevirus
MN769131.1,TTV-like mini virus,Betatorquevirus,Anelloviridae,SAfiA-254-30,93678,TTV-like mini virus,2848,"",104,89,1774,Betatorquevirus,MN769131.1,MN769131.1_1,656,21,Betatorquevirus
MN769128.1,TTV-like mini virus,Betatorquevirus,Anelloviridae,SAfiA-248-5,93678,TTV-like mini virus,2951,"",226,608,361,Betatorquevirus,MN769128.1,MN769128.1_1,673,9,Betatorquevirus
MN769126.1,TTV-like mini virus,Betatorquevirus,Anelloviridae,SAfiA-247-30,93678,TTV-like mini virus,2781,"",0,60,21,Betatorquevirus,MN769126.1,MN769126.1_1,647,2,Betatorquevirus
MN769125.1,TTV-like mini virus,Betatorquevirus,Anelloviridae,SAfiA-247-16,93678,TTV-like mini virus,2904,"",17,84,1365,Betatorquevirus,MN769125.1,MN769125.1_1,672,7,Betatorquevirus
MN769124.1,TTV-like mini virus,Betatorquevirus,Anelloviridae,SAfiA-245-6,93678,TTV-like mini virus,2941,"",2,402,1152,Betatorquevirus,MN769124.1,MN769124.1_1,681,16,Betatorquevirus
MN769123.1,TTV-like mini virus,Betatorquevirus,Anelloviridae,SAfiA-245-16,93678,TTV-like mini virus,2919,"",44,129,385,Betatorquevirus,MN769123.1,MN769123.1_1,678,20,Betatorquevirus
MN769118.1,TTV-like mini virus,Betatorquevirus,Anelloviridae,SAfiA-244-10,93678,TTV-like mini virus,2927,"",11,270,200,Betatorquevirus,MN769118.1,MN769118.1_1,673,12,Betatorquevirus
MN769116.1,TTV-like mini virus,Betatorquevirus,Anelloviridae,SAfiA-241-27,93678,TTV-like mini virus,2803,"",115,590,284,Betatorquevirus,MN769116.1,MN769116.1_1,650,2,Betatorquevirus
MN769112.1,TTV-like mini virus,Betatorquevirus,Anelloviridae,SAfiA-239-5,93678,TTV-like mini virus,2968,"",57,130,1051,Betatorquevirus,MN769112.1,MN769112.1_1,673,22,Betatorquevirus
MN769110.1,TTV-like mini virus,Betatorquevirus,Anelloviridae,SAfiA-237-6,93678,TTV-like mini virus,2901,"",6,63,1391,Betatorquevirus,MN769110.1,MN769110.1_1,667,11,Betatorquevirus
MN769109.1,TTV-like mini virus,Betatorquevirus,Anelloviridae,SAfiA-235-49,93678,TTV-like mini virus,2803,"",159,973,2024,Betatorquevirus,MN769109.1,MN769109.1_1,661,24,Betatorquevirus
MN769108.1,TTV-like mini virus,Betatorquevirus,Anelloviridae,SAfiA-235-46,93678,TTV-like mini virus,2884,"",5,171,75,Betatorquevirus,MN769108.1,MN769108.1_1,664,15,Betatorquevirus
MN769107.1,TTV-like mini virus,Betatorquevirus,Anelloviridae,SAfiA-235-42,93678,TTV-like mini virus,2875,"",21,889,1592,Betatorquevirus,MN769107.1,MN769107.1_1,658,4,Betatorquevirus
MN769106.1,TTV-like mini virus,Betatorquevirus,Anelloviridae,SAfiA-235-40,93678,TTV-like mini virus,2912,"",10,160,1307,Betatorquevirus,MN769106.1,MN769106.1_1,669,13,Betatorquevirus
MN769105.1,TTV-like mini virus,Betatorquevirus,Anelloviridae,SAfiA-235-34,93678,TTV-like mini virus,2854,"",21,691,1734,Betatorquevirus,MN769105.1,MN769105.1_1,663,4,Betatorquevirus
MN769104.1,TTV-like mini virus,Betatorquevirus,Anelloviridae,SAfiA-235-33,93678,TTV-like mini virus,2820,"",279,315,1940,Betatorquevirus,MN769104.1,MN769104.1_1,657,13,Betatorquevirus
MN769103.1,TTV-like mini virus,Betatorquevirus,Anelloviridae,SAfiA-235-27,93678,TTV-like mini virus,2912,"",17,183,1306,Betatorquevirus,MN769103.1,MN769103.1_1,673,7,Betatorquevirus
MN769101.1,TTV-like mini virus,Betatorquevirus,Anelloviridae,SAfiA-234-15,93678,TTV-like mini virus,2825,"",9,66,283,Betatorquevirus,MN769101.1,MN769101.1_1,659,24,Betatorquevirus
MN769100.1,TTV-like mini virus,Betatorquevirus,Anelloviridae,SAfiA-234-14,93678,TTV-like mini virus,2902,"",151,381,1380,Betatorquevirus,MN769100.1,MN769100.1_1,662,3,Betatorquevirus
MN769096.1,TTV-like mini virus,Betatorquevirus,Anelloviridae,SAfiA-231-6,93678,TTV-like mini virus,2874,"",139,625,440,Betatorquevirus,MN769096.1,MN769096.1_1,659,12,Betatorquevirus
MN769089.1,TTV-like mini virus,Betatorquevirus,Anelloviridae,SAfiA-227-11,93678,TTV-like mini virus,2916,"",2,292,204,Betatorquevirus,MN769089.1,MN769089.1_1,668,16,Betatorquevirus
MN769087.1,TTV-like mini virus,Betatorquevirus,Anelloviridae,SAfiA-225-5,93678,TTV-like mini virus,2894,"",27,40,130,Betatorquevirus,MN769087.1,MN769087.1_1,666,13,Betatorquevirus
MN769084.1,TTV-like mini virus,Betatorquevirus,Anelloviridae,SAfiA-224-25,93678,TTV-like mini virus,2871,"",53,187,1620,Betatorquevirus,MN769084.1,MN769084.1_1,660,2,Betatorquevirus
MN769083.1,TTV-like mini virus,Betatorquevirus,Anelloviridae,SAfiA-224-19,93678,TTV-like mini virus,2908,"",166,285,231,Betatorquevirus,MN769083.1,MN769083.1_1,672,18,Betatorquevirus
MN769082.1,TTV-like mini virus,Betatorquevirus,Anelloviridae,SAfiA-132-9,93678,TTV-like mini virus,2864,"",5,331,143,Betatorquevirus,MN769082.1,MN769082.1_1,657,15,Betatorquevirus
MN769077.1,TTV-like mini virus,Betatorquevirus,Anelloviridae,SAfiA-128B-15,93678,TTV-like mini virus,2970,"",265,616,409,Betatorquevirus,MN769077.1,MN769077.1_1,688,23,Betatorquevirus
MN769076.1,TTV-like mini virus,Betatorquevirus,Anelloviridae,SAfiA-128A-23,93678,TTV-like mini virus,2919,"",2,173,71,Betatorquevirus,MN769076.1,MN769076.1_1,678,16,Betatorquevirus
MN769074.1,TTV-like mini virus,Betatorquevirus,Anelloviridae,SAfiA-127-14,93678,TTV-like mini virus,2890,"",5,870,1482,Betatorquevirus,MN769074.1,MN769074.1_1,664,15,Betatorquevirus
MN769073.1,TTV-like mini virus,Betatorquevirus,Anelloviridae,SAfiA-124-45,93678,TTV-like mini virus,2814,"",0,214,1969,Betatorquevirus,MN769073.1,MN769073.1_1,655,2,Betatorquevirus
MN769071.1,TTV-like mini virus,Betatorquevirus,Anelloviridae,SAfiA-124-36,93678,TTV-like mini virus,2811,"",82,75,1984,Betatorquevirus,MN769071.1,MN769071.1_1,653,19,Betatorquevirus
MN769070.1,TTV-like mini virus,Betatorquevirus,Anelloviridae,SAfiA-124-35,93678,TTV-like mini virus,2826,"",53,262,250,Betatorquevirus,MN769070.1,MN769070.1_1,643,2,Betatorquevirus
MN769068.1,TTV-like mini virus,Betatorquevirus,Anelloviridae,SAfiA-124-29,93678,TTV-like mini virus,2876,"",46,188,1581,Betatorquevirus,MN769068.1,MN769068.1_1,669,17,Betatorquevirus
MN769067.1,TTV-like mini virus,Betatorquevirus,Anelloviridae,SAfiA-124-28,93678,TTV-like mini virus,2877,"",40,284,1570,Betatorquevirus,MN769067.1,MN769067.1_1,661,4,Betatorquevirus
MN769062.1,TTV-like mini virus,Betatorquevirus,Anelloviridae,SAfiA-121-17,93678,TTV-like mini virus,2825,"",21,96,1905,Betatorquevirus,MN769062.1,MN769062.1_1,658,4,Betatorquevirus
MN769060.1,TTV-like mini virus,Betatorquevirus,Anelloviridae,SAfiA-121-12,93678,TTV-like mini virus,2861,"",67,53,1688,Betatorquevirus,MN769060.1,MN769060.1_1,671,20,Betatorquevirus
MN769059.1,TTV-like mini virus,Betatorquevirus,Anelloviridae,SAfiA-121-10,93678,TTV-like mini virus,2927,"",2,252,1220,Betatorquevirus,MN769059.1,MN769059.1_1,678,16,Betatorquevirus
MN769058.1,TTV-like mini virus,Betatorquevirus,Anelloviridae,SAfiA-120-10,93678,TTV-like mini virus,2859,"",77,78,18,Betatorquevirus,MN769058.1,MN769058.1_1,663,13,Betatorquevirus
MN769057.1,TTV-like mini virus,Betatorquevirus,Anelloviridae,SAfiA-119-3,93678,TTV-like mini virus,2931,"",2,252,201,Betatorquevirus,MN769057.1,MN769057.1_1,678,16,Betatorquevirus
MN769056.1,TTV-like mini virus,Betatorquevirus,Anelloviridae,SAfiA-118-7,93678,TTV-like mini virus,2864,"",21,96,1668,Betatorquevirus,MN769056.1,MN769056.1_1,658,4,Betatorquevirus
MN769055.1,TTV-like mini virus,Betatorquevirus,Anelloviridae,SAfiA-116-35,93678,TTV-like mini virus,2874,"",143,203,142,Betatorquevirus,MN769055.1,MN769055.1_1,667,16,Betatorquevirus
MN769052.1,TTV-like mini virus,Betatorquevirus,Anelloviridae,SAfiA-116-25,93678,TTV-like mini virus,2906,"",79,196,245,Betatorquevirus,MN769052.1,MN769052.1_1,661,4,Betatorquevirus
MN769051.1,TTV-like mini virus,Betatorquevirus,Anelloviridae,SAfiA-116-23,93678,TTV-like mini virus,2916,"",2,411,1278,Betatorquevirus,MN769051.1,MN769051.1_1,671,16,Betatorquevirus
MN769046.1,TTV-like mini virus,Betatorquevirus,Anelloviridae,SAfiA-108-15,93678,TTV-like mini virus,2948,"",22,118,108,Betatorquevirus,MN769046.1,MN769046.1_1,679,11,Betatorquevirus
MN769045.1,TTV-like mini virus,Betatorquevirus,Anelloviridae,SAfiA-108-14,93678,TTV-like mini virus,2961,"",57,363,1069,Betatorquevirus,MN769045.1,MN769045.1_1,672,22,Betatorquevirus
MN769044.1,TTV-like mini virus,Betatorquevirus,Anelloviridae,SAfiA-108-13,93678,TTV-like mini virus,2982,"",44,111,1019,Betatorquevirus,MN769044.1,MN769044.1_1,671,20,Betatorquevirus
MN769042.1,TTV-like mini virus,Betatorquevirus,Anelloviridae,SAfiA-104-8,93678,TTV-like mini virus,2959,"",22,118,220,Betatorquevirus,MN769042.1,MN769042.1_1,679,11,Betatorquevirus
MN769041.1,TTV-like mini virus,Betatorquevirus,Anelloviridae,SAfiA-104-7,93678,TTV-like mini virus,2942,"",2,402,534,Betatorquevirus,MN769041.1,MN769041.1_1,681,16,Betatorquevirus
MN769040.1,TTV-like mini virus,Betatorquevirus,Anelloviridae,SAfiA-104-5,93678,TTV-like mini virus,2988,"",33,1,226,Betatorquevirus,MN769040.1,MN769040.1_1,668,5,Betatorquevirus
MN769038.1,TTV-like mini virus,Betatorquevirus,Anelloviridae,SAfiA-104-15,93678,TTV-like mini virus,2815,"",42,21,17,Betatorquevirus,MN769038.1,MN769038.1_1,664,24,Betatorquevirus
MN769037.1,TTV-like mini virus,Betatorquevirus,Anelloviridae,SAfiA-104-14,93678,TTV-like mini virus,2882,"",27,98,1539,Betatorquevirus,MN769037.1,MN769037.1_1,660,13,Betatorquevirus
MN769035.1,TTV-like mini virus,Betatorquevirus,Anelloviridae,SAfiA-10-4,93678,TTV-like mini virus,2994,"",7,301,189,Betatorquevirus,MN769035.1,MN769035.1_1,674,20,Betatorquevirus
MN769034.1,TTV-like mini virus,Betatorquevirus,Anelloviridae,SAfiA-103A-3,93678,TTV-like mini virus,2837,"",141,146,1844,Betatorquevirus,MN769034.1,MN769034.1_1,659,5,Betatorquevirus
MN769033.1,TTV-like mini virus,Betatorquevirus,Anelloviridae,SAfiA-102-50,93678,TTV-like mini virus,2852,"",19,24,1,Betatorquevirus,MN769033.1,MN769033.1_1,656,16,Betatorquevirus
MN769032.1,TTV-like mini virus,Betatorquevirus,Anelloviridae,SAfiA-10-13,93678,TTV-like mini virus,2889,"",5,573,1491,Betatorquevirus,MN769032.1,MN769032.1_1,665,15,Betatorquevirus
MN769029.1,TTV-like mini virus,Betatorquevirus,Anelloviridae,SAfiA-100A-29,93678,TTV-like mini virus,2825,"",9,66,1904,Betatorquevirus,MN769029.1,MN769029.1_1,659,24,Betatorquevirus
MN769028.1,TTV-like mini virus,Betatorquevirus,Anelloviridae,SAfiA-100A-26,93678,TTV-like mini virus,2878,"",59,281,1562,Betatorquevirus,MN769028.1,MN769028.1_1,660,15,Betatorquevirus
MN769027.1,TTV-like mini virus,Betatorquevirus,Anelloviridae,SAfiA-100A-22,93678,TTV-like mini virus,2982,"",7,39,0,Betatorquevirus,MN769027.1,MN769027.1_1,674,20,Betatorquevirus
MN768568.1,Torque teno virus,Unclassified,Anelloviridae,SAfiA-92-2,68887,Torque teno virus,3488,"",14,225,782,Alphatorquevirus,MN768568.1,MN768568.1_1,641,32,Alphatorquevirus
MN768566.1,Torque teno virus,Unclassified,Anelloviridae,SAfiA-595-8,68887,Torque teno virus,3371,"",14,279,796,Alphatorquevirus,MN768566.1,MN768566.1_1,604,32,Alphatorquevirus
MN768565.1,Torque teno virus,Unclassified,Anelloviridae,SAfiA-593-0,68887,Torque teno virus,3651,"",14,360,737,Alphatorquevirus,MN768565.1,MN768565.1_1,647,32,Alphatorquevirus
MN768564.1,Torque teno virus,Unclassified,Anelloviridae,SAfiA-569-2,68887,Torque teno virus,3621,"",14,74,748,Alphatorquevirus,MN768564.1,MN768564.1_1,644,32,Alphatorquevirus
MN768563.1,Torque teno virus,Unclassified,Anelloviridae,SAfiA-274-0,68887,Torque teno virus,3713,"",14,11,722,Alphatorquevirus,MN768563.1,MN768563.1_1,645,32,Alphatorquevirus
MN768562.1,Torque teno virus,Unclassified,Anelloviridae,SAfiA-252-1,68887,Torque teno virus,3655,"",14,11,379,Alphatorquevirus,MN768562.1,MN768562.1_1,648,32,Alphatorquevirus
MN768561.1,Torque teno virus,Unclassified,Anelloviridae,SAfiA-716-1,68887,Torque teno virus,3451,"",74,395,790,Alphatorquevirus,MN768561.1,MN768561.1_1,652,32,Alphatorquevirus
MN768560.1,Torque teno virus,Unclassified,Anelloviridae,SAfiA-374-1,68887,Torque teno virus,3572,"",74,271,757,Alphatorquevirus,MN768560.1,MN768560.1_1,554,32,Alphatorquevirus
MN768559.1,Torque teno virus,Unclassified,Anelloviridae,SAfiA-332-1,68887,Torque teno virus,3542,"",74,271,768,Alphatorquevirus,MN768559.1,MN768559.1_1,551,32,Alphatorquevirus
MN765203.1,Torque teno virus,Unclassified,Anelloviridae,SAfiA-297-84,68887,Torque teno virus,3476,"",32,293,787,Alphatorquevirus,MN765203.1,MN765203.1_1,751,31,Alphatorquevirus
MN765202.1,Torque teno virus,Unclassified,Anelloviridae,SAfiA-802-2,68887,Torque teno virus,3634,"",73,199,743,Alphatorquevirus,MN765202.1,MN765202.1_1,753,29,Alphatorquevirus
MN765201.1,Torque teno virus,Unclassified,Anelloviridae,SAfiA-468-6,68887,Torque teno virus,3550,"",73,199,765,Alphatorquevirus,MN765201.1,MN765201.1_1,750,29,Alphatorquevirus
MN765200.1,Torque teno virus,Unclassified,Anelloviridae,SAfiA-577-38,68887,Torque teno virus,3649,"",56,376,739,Unclassified,MN765200.1,MN765200.1_1,763,30,Alphatorquevirus
MN765199.1,Torque teno virus,Unclassified,Anelloviridae,SAfiA-242-2,68887,Torque teno virus,3637,"",72,425,742,Alphatorquevirus,MN765199.1,MN765199.1_1,752,31,Alphatorquevirus
MN765198.1,Torque teno virus,Unclassified,Anelloviridae,SAfiA-572-4,68887,Torque teno virus,3503,"",72,735,779,Alphatorquevirus,MN765198.1,MN765198.1_1,735,31,Alphatorquevirus
MN765197.1,Torque teno virus,Unclassified,Anelloviridae,SAfiA-822-3,68887,Torque teno virus,3558,"",103,205,761,Unclassified,MN765197.1,MN765197.1_1,740,29,Alphatorquevirus
MN765196.1,Torque teno virus,Unclassified,Anelloviridae,SAfiA-582-2,68887,Torque teno virus,3601,"",13,6,752,Alphatorquevirus,MN765196.1,MN765196.1_1,767,29,Alphatorquevirus
MN765195.1,Torque teno virus,Unclassified,Anelloviridae,SAfiA-361-13,68887,Torque teno virus,3518,"",70,537,772,Alphatorquevirus,MN765195.1,MN765195.1_1,746,29,Alphatorquevirus
MK820646.1,Torque teno virus,Unclassified,Anelloviridae,BD67,68887,Torque teno virus,2908,blood,24,351,1340,Unclassified,MK820646.1,MK820646.1_1,760,29,Alphatorquevirus
MK820645.1,Torque teno virus,Unclassified,Anelloviridae,FL08,68887,Torque teno virus,3177,blood,71,195,876,Unclassified,MK820645.1,MK820645.1_1,540,29,Alphatorquevirus
MK820644.1,Torque teno virus,Unclassified,Anelloviridae,FL100,68887,Torque teno virus,3623,blood,244,731,746,Unclassified,MK820644.1,MK820644.1_1,505,30,Alphatorquevirus
MK212032.1,Anelloviridae sp.,Unclassified,Anelloviridae,"",2055263,Anelloviridae sp.,2919,"",152,170,147,Hetorquevirus,MK212032.1,MK212032.1_1,664,27,Hetorquevirus
MK212031.1,TTV-like mini virus,Betatorquevirus,Anelloviridae,"",93678,TTV-like mini virus,2907,"",52,32,611,Betatorquevirus,MK212031.1,MK212031.1_1,669,11,Betatorquevirus
MK212030.1,TTV-like mini virus,Betatorquevirus,Anelloviridae,"",93678,TTV-like mini virus,2869,"",55,100,39,Betatorquevirus,MK212030.1,MK212030.1_1,660,10,Betatorquevirus
MK212029.1,TTV-like mini virus,Betatorquevirus,Anelloviridae,"",93678,TTV-like mini virus,2802,"",131,975,2028,Betatorquevirus,MK212029.1,MK212029.1_1,653,2,Betatorquevirus
MK139485.1,TTV-like mini virus,Betatorquevirus,Anelloviridae,"",93678,TTV-like mini virus,2915,"",2,838,1286,Betatorquevirus,MK139485.1,MK139485.1_1,674,16,Betatorquevirus
MH649263.1,Anelloviridae sp.,Unclassified,Anelloviridae,ctgh3,2055263,Anelloviridae sp.,2845,blood,104,89,1795,Betatorquevirus,MH649263.1,MH649263.1_1,655,21,Betatorquevirus
MH649258.1,Anelloviridae sp.,Unclassified,Anelloviridae,ctcg010,2055263,Anelloviridae sp.,3168,blood,16,4,885,Alphatorquevirus,MH649258.1,MH649258.1_1,740,30,Alphatorquevirus
MH649256.1,Anelloviridae sp.,Unclassified,Anelloviridae,ctca002,2055263,Anelloviridae sp.,3904,blood,13,289,673,Alphatorquevirus,MH649256.1,MH649256.1_1,742,29,Alphatorquevirus
MH649255.1,Anelloviridae sp.,Unclassified,Anelloviridae,ctbb023,2055263,Anelloviridae sp.,2562,blood,175,511,2201,Alphatorquevirus,MH649255.1,MH649255.1_1,522,32,Alphatorquevirus
MH649254.1,Anelloviridae sp.,Unclassified,Anelloviridae,ctjb007,2055263,Anelloviridae sp.,2571,blood,360,486,2196,Unclassified,MH649254.1,MH649254.1_1,661,2,Betatorquevirus
MH649242.1,Anelloviridae sp.,Unclassified,Anelloviridae,ctbf003,2055263,Anelloviridae sp.,3905,blood,16,4,672,Alphatorquevirus,MH649242.1,MH649242.1_1,736,30,Alphatorquevirus
MH649241.1,Anelloviridae sp.,Unclassified,Anelloviridae,ctda027,2055263,Anelloviridae sp.,2709,blood,8,83,2156,Betatorquevirus,MH649241.1,MH649241.1_1,659,17,Betatorquevirus
MH649229.1,Anelloviridae sp.,Unclassified,Anelloviridae,ctcb036,2055263,Anelloviridae sp.,2550,blood,276,3,2206,Unclassified,MH649229.1,MH649229.1_1,662,2,Betatorquevirus
MH649228.1,Anelloviridae sp.,Unclassified,Anelloviridae,ctcf013,2055263,Anelloviridae sp.,2980,blood,30,268,1025,Betatorquevirus,MH649228.1,MH649228.1_1,678,7,Betatorquevirus
MH649224.1,Anelloviridae sp.,Unclassified,Anelloviridae,ctce11,2055263,Anelloviridae sp.,2891,blood,30,290,1473,Betatorquevirus,MH649224.1,MH649224.1_1,673,7,Betatorquevirus
MH649223.1,Anelloviridae sp.,Unclassified,Anelloviridae,ctci016,2055263,Anelloviridae sp.,3141,blood,9,69,899,Betatorquevirus,MH649223.1,MH649223.1_1,659,24,Betatorquevirus
MH649217.1,Anelloviridae sp.,Unclassified,Anelloviridae,ctbe029,2055263,Anelloviridae sp.,2228,blood,54,16,2256,Betatorquevirus,MH649217.1,MH649217.1_1,632,3,Betatorquevirus
MH649212.1,Anelloviridae sp.,Unclassified,Anelloviridae,ctcf004,2055263,Anelloviridae sp.,2403,blood,45,7,2241,Betatorquevirus,MH649212.1,MH649212.1_1,642,2,Betatorquevirus
MH649210.1,Anelloviridae sp.,Unclassified,Anelloviridae,ctda001,2055263,Anelloviridae sp.,3965,blood,70,485,666,Alphatorquevirus,MH649210.1,MH649210.1_1,750,29,Alphatorquevirus
MH649209.1,Anelloviridae sp.,Unclassified,Anelloviridae,ctbg056,2055263,Anelloviridae sp.,2381,blood,100,54,481,Betatorquevirus,MH649209.1,MH649209.1_1,564,24,Betatorquevirus
MH649204.1,Anelloviridae sp.,Unclassified,Anelloviridae,ctbj003,2055263,Anelloviridae sp.,2665,blood,4,470,2164,Betatorquevirus,MH649204.1,MH649204.1_1,652,10,Betatorquevirus
MH649199.1,Anelloviridae sp.,Unclassified,Anelloviridae,ctbb017,2055263,Anelloviridae sp.,2933,blood,145,515,1183,Betatorquevirus,MH649199.1,MH649199.1_1,686,23,Betatorquevirus
MH649189.1,Anelloviridae sp.,Unclassified,Anelloviridae,ctcc12,2055263,Anelloviridae sp.,2894,blood,30,290,1451,Betatorquevirus,MH649189.1,MH649189.1_1,675,7,Betatorquevirus
MH649186.1,Anelloviridae sp.,Unclassified,Anelloviridae,ctcb33,2055263,Anelloviridae sp.,2665,blood,130,42,2163,Betatorquevirus,MH649186.1,MH649186.1_1,674,7,Betatorquevirus
MH649185.1,Anelloviridae sp.,Unclassified,Anelloviridae,ctcb059,2055263,Anelloviridae sp.,1649,blood,361,1041,2286,Unclassified,MH649185.1,MH649185.1_1,470,7,Betatorquevirus
MH649183.1,Anelloviridae sp.,Unclassified,Anelloviridae,ctbb031,2055263,Anelloviridae sp.,2932,blood,30,268,1193,Betatorquevirus,MH649183.1,MH649183.1_1,678,7,Betatorquevirus
MH649178.1,Anelloviridae sp.,Unclassified,Anelloviridae,ctfc006,2055263,Anelloviridae sp.,3837,blood,103,205,680,Unclassified,MH649178.1,MH649178.1_1,739,29,Alphatorquevirus
MH649174.1,Anelloviridae sp.,Unclassified,Anelloviridae,ctbj049,2055263,Anelloviridae sp.,2291,blood,110,354,2249,Betatorquevirus,MH649174.1,MH649174.1_1,607,7,Betatorquevirus
MH649172.1,Anelloviridae sp.,Unclassified,Anelloviridae,ctbh857,2055263,Anelloviridae sp.,2255,blood,266,1028,2253,Unclassified,MH649172.1,MH649172.1_1,673,7,Betatorquevirus
MH649165.1,Anelloviridae sp.,Unclassified,Anelloviridae,ctcc29,2055263,Anelloviridae sp.,2312,blood,294,491,2247,Unclassified,MH649165.1,MH649165.1_1,650,3,Betatorquevirus
MH649161.1,Anelloviridae sp.,Unclassified,Anelloviridae,ctcf045,2055263,Anelloviridae sp.,2501,blood,290,153,2226,Unclassified,MH649161.1,MH649161.1_1,665,17,Betatorquevirus
MH649158.1,Anelloviridae sp.,Unclassified,Anelloviridae,ctbf005,2055263,Anelloviridae sp.,3798,blood,119,353,692,Unclassified,MH649158.1,MH649158.1_1,744,29,Alphatorquevirus
MH649157.1,Anelloviridae sp.,Unclassified,Anelloviridae,ctbd025,2055263,Anelloviridae sp.,2961,blood,266,803,1068,Unclassified,MH649157.1,MH649157.1_1,676,7,Betatorquevirus
MH649156.1,Anelloviridae sp.,Unclassified,Anelloviridae,ctci006,2055263,Anelloviridae sp.,3316,blood,16,194,802,Alphatorquevirus,MH649156.1,MH649156.1_1,735,30,Alphatorquevirus
MH649152.1,Anelloviridae sp.,Unclassified,Anelloviridae,ctcj13,2055263,Anelloviridae sp.,2848,blood,87,930,1773,Betatorquevirus,MH649152.1,MH649152.1_1,652,2,Betatorquevirus
MH649144.1,Anelloviridae sp.,Unclassified,Anelloviridae,ctfj004,2055263,Anelloviridae sp.,3624,blood,14,225,745,Alphatorquevirus,MH649144.1,MH649144.1_1,641,32,Alphatorquevirus
MH649142.1,Anelloviridae sp.,Unclassified,Anelloviridae,ctid026,2055263,Anelloviridae sp.,2467,blood,13,489,2234,Alphatorquevirus,MH649142.1,MH649142.1_1,675,29,Alphatorquevirus
MH649141.1,Anelloviridae sp.,Unclassified,Anelloviridae,ctbc019,2055263,Anelloviridae sp.,2668,blood,51,152,597,Betatorquevirus,MH649141.1,MH649141.1_1,662,5,Betatorquevirus
MH649137.1,Anelloviridae sp.,Unclassified,Anelloviridae,ctbb000,2055263,Anelloviridae sp.,3696,blood,20,71,727,Alphatorquevirus,MH649137.1,MH649137.1_1,780,29,Alphatorquevirus
MH649129.1,Anelloviridae sp.,Unclassified,Anelloviridae,ctia035,2055263,Anelloviridae sp.,1911,blood,16,715,2276,Alphatorquevirus,MH649129.1,MH649129.1_1,473,30,Alphatorquevirus
MH649127.1,Anelloviridae sp.,Unclassified,Anelloviridae,ctba013,2055263,Anelloviridae sp.,3515,blood,251,734,773,Unclassified,MH649127.1,MH649127.1_1,792,33,Unclassified
MH649125.1,Anelloviridae sp.,Unclassified,Anelloviridae,ctbb15,2055263,Anelloviridae sp.,2897,blood,30,547,1424,Betatorquevirus,MH649125.1,MH649125.1_1,676,7,Betatorquevirus
MH649122.1,Anelloviridae sp.,Unclassified,Anelloviridae,ctdc002,2055263,Anelloviridae sp.,3955,blood,20,85,667,Alphatorquevirus,MH649122.1,MH649122.1_1,786,29,Alphatorquevirus
MH649114.1,Anelloviridae sp.,Unclassified,Anelloviridae,ctbf050,2055263,Anelloviridae sp.,2536,blood,243,412,596,Unclassified,MH649114.1,MH649114.1_1,643,2,Betatorquevirus
MH649113.1,Anelloviridae sp.,Unclassified,Anelloviridae,ctch068,2055263,Anelloviridae sp.,1854,blood,119,494,2278,Unclassified,MH649113.1,MH649113.1_1,604,29,Alphatorquevirus
MH649109.1,Anelloviridae sp.,Unclassified,Anelloviridae,ctda033,2055263,Anelloviridae sp.,1996,blood,174,1033,2272,Unclassified,MH649109.1,MH649109.1_1,416,31,Alphatorquevirus
MH649106.1,Anelloviridae sp.,Unclassified,Anelloviridae,ctca015,2055263,Anelloviridae sp.,2839,blood,50,13,1834,Betatorquevirus,MH649106.1,MH649106.1_1,661,5,Betatorquevirus
MH649104.1,Anelloviridae sp.,Unclassified,Anelloviridae,ctei657,2055263,Anelloviridae sp.,2858,blood,39,543,1714,Betatorquevirus,MH649104.1,MH649104.1_1,661,2,Betatorquevirus
MH649101.1,Anelloviridae sp.,Unclassified,Anelloviridae,ctif053,2055263,Anelloviridae sp.,2182,blood,290,673,2259,Unclassified,MH649101.1,MH649101.1_1,534,17,Betatorquevirus
MH649092.1,Anelloviridae sp.,Unclassified,Anelloviridae,ctbg012,2055263,Anelloviridae sp.,3686,blood,16,194,729,Alphatorquevirus,MH649092.1,MH649092.1_1,735,30,Alphatorquevirus
MH649087.1,Anelloviridae sp.,Unclassified,Anelloviridae,ctda070,2055263,Anelloviridae sp.,1702,blood,9,1040,2285,Betatorquevirus,MH649087.1,MH649087.1_1,488,24,Betatorquevirus
MH649085.1,Anelloviridae sp.,Unclassified,Anelloviridae,cteh021,2055263,Anelloviridae sp.,2280,blood,14,685,2251,Alphatorquevirus,MH649085.1,MH649085.1_1,433,32,Alphatorquevirus
MH649084.1,Anelloviridae sp.,Unclassified,Anelloviridae,ctii061,2055263,Anelloviridae sp.,2127,blood,127,1029,2261,Betatorquevirus,MH649084.1,MH649084.1_1,544,17,Betatorquevirus
MH649083.1,Anelloviridae sp.,Unclassified,Anelloviridae,ctdg028,2055263,Anelloviridae sp.,2794,blood,9,148,2056,Betatorquevirus,MH649083.1,MH649083.1_1,657,24,Betatorquevirus
MH649077.1,Anelloviridae sp.,Unclassified,Anelloviridae,ctbh034,2055263,Anelloviridae sp.,2743,blood,0,2,2140,Betatorquevirus,MH649077.1,MH649077.1_1,653,2,Betatorquevirus
MH649070.1,Anelloviridae sp.,Unclassified,Anelloviridae,ctda011,2055263,Anelloviridae sp.,3718,blood,14,225,719,Alphatorquevirus,MH649070.1,MH649070.1_1,641,32,Alphatorquevirus
MH649068.1,Anelloviridae sp.,Unclassified,Anelloviridae,ctcc066,2055263,Anelloviridae sp.,2066,blood,273,1030,2265,Betatorquevirus,MH649068.1,MH649068.1_1,560,7,Betatorquevirus
MH649063.1,Anelloviridae sp.,Unclassified,Anelloviridae,ctbf012,2055263,Anelloviridae sp.,3116,blood,203,510,907,Alphatorquevirus,MH649063.1,MH649063.1_1,739,31,Alphatorquevirus
MH649062.1,Anelloviridae sp.,Unclassified,Anelloviridae,ctdc018,2055263,Anelloviridae sp.,2884,blood,136,269,1524,Alphatorquevirus,MH649062.1,MH649062.1_1,750,29,Alphatorquevirus
MH649061.1,Anelloviridae sp.,Unclassified,Anelloviridae,ctid009,2055263,Anelloviridae sp.,2904,blood,130,283,1364,Betatorquevirus,MH649061.1,MH649061.1_1,671,7,Betatorquevirus
MH649056.1,Anelloviridae sp.,Unclassified,Anelloviridae,ctcc062,2055263,Anelloviridae sp.,2000,blood,369,1032,2271,Unclassified,MH649056.1,MH649056.1_1,537,17,Betatorquevirus
MH649051.1,Anelloviridae sp.,Unclassified,Anelloviridae,ctdg044,2055263,Anelloviridae sp.,2563,blood,54,16,2200,Betatorquevirus,MH649051.1,MH649051.1_1,634,3,Betatorquevirus
MH649045.1,Anelloviridae sp.,Unclassified,Anelloviridae,ctdc021,2055263,Anelloviridae sp.,2861,blood,225,268,1687,Betatorquevirus,MH649045.1,MH649045.1_1,678,7,Betatorquevirus
MH649042.1,Anelloviridae sp.,Unclassified,Anelloviridae,ctjd005,2055263,Anelloviridae sp.,3718,blood,73,367,718,Alphatorquevirus,MH649042.1,MH649042.1_1,759,29,Alphatorquevirus
MH649040.1,Anelloviridae sp.,Unclassified,Anelloviridae,ctch033,2055263,Anelloviridae sp.,2874,blood,30,290,1601,Betatorquevirus,MH649040.1,MH649040.1_1,676,7,Betatorquevirus
MH649039.1,Anelloviridae sp.,Unclassified,Anelloviridae,ctca057,2055263,Anelloviridae sp.,2366,blood,20,721,2243,Alphatorquevirus,MH649039.1,MH649039.1_1,689,29,Alphatorquevirus
MH649037.1,Anelloviridae sp.,Unclassified,Anelloviridae,ctbh034,2055263,Anelloviridae sp.,1962,blood,13,1034,2275,Alphatorquevirus,MH649037.1,MH649037.1_1,456,29,Alphatorquevirus
MH649029.1,Anelloviridae sp.,Unclassified,Anelloviridae,ctbi042,2055263,Anelloviridae sp.,1744,blood,283,662,589,Unclassified,MH649029.1,MH649029.1_1,498,23,Betatorquevirus
MH649028.1,Anelloviridae sp.,Unclassified,Anelloviridae,ctbf9,2055263,Anelloviridae sp.,2789,blood,43,555,2069,Betatorquevirus,MH649028.1,MH649028.1_1,668,24,Betatorquevirus
MH649023.1,Anelloviridae sp.,Unclassified,Anelloviridae,ctbd051,2055263,Anelloviridae sp.,2250,blood,375,676,2254,Unclassified,MH649023.1,MH649023.1_1,641,2,Betatorquevirus
MH649022.1,Anelloviridae sp.,Unclassified,Anelloviridae,ctch023,2055263,Anelloviridae sp.,3073,blood,56,108,921,Unclassified,MH649022.1,MH649022.1_1,769,30,Alphatorquevirus
MH649017.1,Anelloviridae sp.,Unclassified,Anelloviridae,ctbb016,2055263,Anelloviridae sp.,2810,blood,45,7,602,Betatorquevirus,MH649017.1,MH649017.1_1,642,2,Betatorquevirus
MH649014.1,Anelloviridae sp.,Unclassified,Anelloviridae,ctba003,2055263,Anelloviridae sp.,3886,blood,71,365,674,Unclassified,MH649014.1,MH649014.1_1,764,29,Alphatorquevirus
MH649011.1,Anelloviridae sp.,Unclassified,Anelloviridae,ctbh052,2055263,Anelloviridae sp.,2476,blood,342,1019,2230,Unclassified,MH649011.1,MH649011.1_1,669,2,Betatorquevirus
MH649009.1,Anelloviridae sp.,Unclassified,Anelloviridae,ctbe64,2055263,Anelloviridae sp.,1983,blood,30,695,2274,Betatorquevirus,MH649009.1,MH649009.1_1,510,7,Betatorquevirus
MH649006.1,Anelloviridae sp.,Unclassified,Anelloviridae,ctcf030,2055263,Anelloviridae sp.,2814,blood,355,961,1968,Unclassified,MH649006.1,MH649006.1_1,658,5,Betatorquevirus
MH649002.1,Anelloviridae sp.,Unclassified,Anelloviridae,ctjj046,2055263,Anelloviridae sp.,2584,blood,105,112,2189,Betatorquevirus,MH649002.1,MH649002.1_1,655,5,Betatorquevirus
MH648999.1,Anelloviridae sp.,Unclassified,Anelloviridae,ctfb058,2055263,Anelloviridae sp.,2299,blood,105,112,2248,Betatorquevirus,MH648999.1,MH648999.1_1,610,5,Betatorquevirus
MH648997.1,Anelloviridae sp.,Unclassified,Anelloviridae,ctce026,2055263,Anelloviridae sp.,3047,blood,24,351,937,Unclassified,MH648997.1,MH648997.1_1,754,29,Alphatorquevirus
MH648995.1,Anelloviridae sp.,Unclassified,Anelloviridae,ctbd067,2055263,Anelloviridae sp.,2045,blood,71,716,2266,Unclassified,MH648995.1,MH648995.1_1,510,29,Alphatorquevirus
MH648990.1,Anelloviridae sp.,Unclassified,Anelloviridae,cthf001,2055263,Anelloviridae sp.,3008,blood,74,783,968,Alphatorquevirus,MH648990.1,MH648990.1_1,652,32,Alphatorquevirus
MH648989.1,Anelloviridae sp.,Unclassified,Anelloviridae,ctga035,2055263,Anelloviridae sp.,2854,blood,163,265,490,Betatorquevirus,MH648989.1,MH648989.1_1,657,17,Betatorquevirus
MH648986.1,Anelloviridae sp.,Unclassified,Anelloviridae,ctbd020,2055263,Anelloviridae sp.,2368,blood,297,666,595,Unclassified,MH648986.1,MH648986.1_1,669,24,Betatorquevirus
MH648985.1,Anelloviridae sp.,Unclassified,Anelloviridae,ctch016,2055263,Anelloviridae sp.,2648,blood,43,508,2167,Betatorquevirus,MH648985.1,MH648985.1_1,664,24,Betatorquevirus
MH648983.1,Anelloviridae sp.,Unclassified,Anelloviridae,ctbd027,2055263,Anelloviridae sp.,2191,blood,235,344,2258,Betatorquevirus,MH648983.1,MH648983.1_1,643,24,Betatorquevirus
MH648982.1,Anelloviridae sp.,Unclassified,Anelloviridae,ctbf014,2055263,Anelloviridae sp.,2691,blood,9,148,600,Betatorquevirus,MH648982.1,MH648982.1_1,661,24,Betatorquevirus
MH648978.1,Anelloviridae sp.,Unclassified,Anelloviridae,cted030,2055263,Anelloviridae sp.,1726,blood,147,1038,2282,Betatorquevirus,MH648978.1,"",0,,
MH648977.1,Anelloviridae sp.,Unclassified,Anelloviridae,ctbj022,2055263,Anelloviridae sp.,2520,blood,276,197,2220,Unclassified,MH648977.1,MH648977.1_1,662,2,Betatorquevirus
MH648976.1,Anelloviridae sp.,Unclassified,Anelloviridae,ctcj064,2055263,Anelloviridae sp.,2088,blood,13,489,2264,Alphatorquevirus,MH648976.1,MH648976.1_1,694,29,Alphatorquevirus
MH648969.1,Anelloviridae sp.,Unclassified,Anelloviridae,ctjg000,2055263,Anelloviridae sp.,3682,blood,13,6,733,Alphatorquevirus,MH648969.1,MH648969.1_1,767,29,Alphatorquevirus
MH648966.1,Anelloviridae sp.,Unclassified,Anelloviridae,ctei055,2055263,Anelloviridae sp.,2407,blood,296,627,444,Unclassified,MH648966.1,MH648966.1_1,535,20,Betatorquevirus
MH648962.1,Anelloviridae sp.,Unclassified,Anelloviridae,ctif015,2055263,Anelloviridae sp.,2868,blood,306,263,1642,Unclassified,MH648962.1,MH648962.1_1,641,32,Alphatorquevirus
MH648959.1,Anelloviridae sp.,Unclassified,Anelloviridae,ctbc020,2055263,Anelloviridae sp.,2683,blood,248,1001,2159,Unclassified,MH648959.1,MH648959.1_1,574,29,Alphatorquevirus
MH648958.1,Anelloviridae sp.,Unclassified,Anelloviridae,ctbh011,2055263,Anelloviridae sp.,3164,blood,16,4,888,Alphatorquevirus,MH648958.1,MH648958.1_1,739,30,Alphatorquevirus
MH648957.1,Anelloviridae sp.,Unclassified,Anelloviridae,ctch017,2055263,Anelloviridae sp.,2622,blood,17,1007,2179,Betatorquevirus,MH648957.1,MH648957.1_1,444,7,Betatorquevirus
MH648950.1,Anelloviridae sp.,Unclassified,Anelloviridae,ctji039,2055263,Anelloviridae sp.,1785,blood,16,1036,2280,Alphatorquevirus,MH648950.1,MH648950.1_1,415,30,Alphatorquevirus
MH648946.1,Anelloviridae sp.,Unclassified,Anelloviridae,ctdb017,2055263,Anelloviridae sp.,3287,blood,74,271,806,Alphatorquevirus,MH648946.1,MH648946.1_1,550,32,Alphatorquevirus
MH648942.1,Anelloviridae sp.,Unclassified,Anelloviridae,ctje022,2055263,Anelloviridae sp.,1989,blood,56,463,2273,Unclassified,MH648942.1,MH648942.1_1,471,30,Alphatorquevirus
MH648925.1,Anelloviridae sp.,Unclassified,Anelloviridae,ctci019,2055263,Anelloviridae sp.,2840,blood,246,939,1824,Unclassified,MH648925.1,MH648925.1_1,775,29,Alphatorquevirus
MH648922.1,Anelloviridae sp.,Unclassified,Anelloviridae,ctih028,2055263,Anelloviridae sp.,1722,blood,376,1039,2283,Unclassified,MH648922.1,MH648922.1_1,497,1,Gammatorquevirus
MH648916.1,Anelloviridae sp.,Unclassified,Anelloviridae,ctbg020,2055263,Anelloviridae sp.,3147,blood,24,9,896,Unclassified,MH648916.1,MH648916.1_1,761,29,Alphatorquevirus
MH648913.1,Anelloviridae sp.,Unclassified,Anelloviridae,ctbg006,2055263,Anelloviridae sp.,3749,blood,14,74,710,Alphatorquevirus,MH648913.1,MH648913.1_1,644,32,Alphatorquevirus
MH648912.1,Anelloviridae sp.,Unclassified,Anelloviridae,ctea38,2055263,Anelloviridae sp.,2679,blood,234,667,598,Betatorquevirus,MH648912.1,MH648912.1_1,665,25,Betatorquevirus
MH648911.1,Anelloviridae sp.,Unclassified,Anelloviridae,cthi018,2055263,Anelloviridae sp.,2521,blood,136,1014,2219,Alphatorquevirus,MH648911.1,MH648911.1_1,461,29,Alphatorquevirus
MH648910.1,Anelloviridae sp.,Unclassified,Anelloviridae,ctcd026,2055263,Anelloviridae sp.,1871,blood,193,341,590,Betatorquevirus,MH648910.1,MH648910.1_1,498,9,Betatorquevirus
MH648907.1,Anelloviridae sp.,Unclassified,Anelloviridae,ctcf040,2055263,Anelloviridae sp.,2550,blood,230,208,515,Betatorquevirus,MH648907.1,MH648907.1_1,662,15,Betatorquevirus
MH648901.1,Anelloviridae sp.,Unclassified,Anelloviridae,ctbb022,2055263,Anelloviridae sp.,3076,blood,16,4,918,Alphatorquevirus,MH648901.1,MH648901.1_1,736,30,Alphatorquevirus
MH648900.1,Anelloviridae sp.,Unclassified,Anelloviridae,ctfc019,2055263,Anelloviridae sp.,2256,blood,374,1027,2252,Unclassified,MH648900.1,MH648900.1_1,698,24,Betatorquevirus
MH648897.1,Anelloviridae sp.,Unclassified,Anelloviridae,ctcb038,2055263,Anelloviridae sp.,2795,blood,105,112,2053,Betatorquevirus,MH648897.1,MH648897.1_1,655,5,Betatorquevirus
MH648893.1,Anelloviridae sp.,Unclassified,Anelloviridae,ctdh007,2055263,Anelloviridae sp.,3261,blood,24,9,813,Unclassified,MH648893.1,MH648893.1_1,764,29,Alphatorquevirus
MH648892.1,Anelloviridae sp.,Unclassified,Anelloviridae,ctdc048,2055263,Anelloviridae sp.,2547,blood,46,682,2209,Betatorquevirus,MH648892.1,MH648892.1_1,665,17,Betatorquevirus
MH017583.1,Alphatorquevirus homin1,Alphatorquevirus,Anelloviridae,"",687340,Torque teno virus 1,3856,cerebrospinal fluid,25,8,236,Alphatorquevirus,MH017583.1,MH017583.1_1,824,30,Alphatorquevirus
MH017577.1,Alphatorquevirus homin1,Alphatorquevirus,Anelloviridae,"",687340,Torque teno virus 1,3856,blood,25,8,282,Alphatorquevirus,MH017577.1,MH017577.1_1,824,30,Alphatorquevirus
MH017570.1,Alphatorquevirus homin1,Alphatorquevirus,Anelloviridae,"",687340,Torque teno virus 1,3856,cerebrospinal fluid,25,8,62,Alphatorquevirus,MH017570.1,MH017570.1_1,824,30,Alphatorquevirus
MH017566.1,Gammatorquevirus homidi10,Gammatorquevirus,Anelloviridae,"",2065051,Torque teno midi virus 10,2836,blood,64,10,93,Gammatorquevirus,MH017566.1,MH017566.1_1,657,2,Betatorquevirus
MH017563.1,Betatorquevirus homini10,Betatorquevirus,Anelloviridae,"",2065036,Torque teno mini virus 10,2839,cerebrospinal fluid,64,10,411,Gammatorquevirus,MH017563.1,MH017563.1_1,657,2,Betatorquevirus
MH017556.1,Betatorquevirus homini10,Betatorquevirus,Anelloviridae,"",2065036,Torque teno mini virus 10,2915,blood,11,35,210,Betatorquevirus,MH017556.1,MH017556.1_1,668,12,Betatorquevirus
MH017554.1,Betatorquevirus homini10,Betatorquevirus,Anelloviridae,"",2065036,Torque teno mini virus 10,2892,cerebrospinal fluid,117,14,238,Betatorquevirus,MH017554.1,MH017554.1_1,663,13,Betatorquevirus
MH017548.1,Betatorquevirus homini10,Betatorquevirus,Anelloviridae,"",2065036,Torque teno mini virus 10,2895,cerebrospinal fluid,117,14,69,Betatorquevirus,MH017548.1,MH017548.1_1,663,13,Betatorquevirus
LC385662.1,Alphatorquevirus homin7,Alphatorquevirus,Anelloviridae,"",687346,Torque teno virus 7,3699,"",72,630,486,Alphatorquevirus,LC385662.1,LC385662.1_1,743,31,Alphatorquevirus
LC381845.1,TTV-like mini virus,Betatorquevirus,Anelloviridae,"",93678,TTV-like mini virus,2810,"",42,21,517,Betatorquevirus,LC381845.1,LC381845.1_1,663,24,Betatorquevirus
KY856742.1,TTV-like mini virus,Betatorquevirus,Anelloviridae,zhenjiang,93678,TTV-like mini virus,2943,"",262,67,616,Betatorquevirus,KY856742.1,KY856742.1_1,680,14,Betatorquevirus
KY462770.1,Betatorquevirus homini26,Betatorquevirus,Anelloviridae,SHA,2057931,Torque teno mini virus SHA,2880,blood,4,91,608,Betatorquevirus,KY462770.1,KY462770.1_1,663,10,Betatorquevirus
KY462758.1,Torque teno mini virus SHC,Betatorquevirus,Anelloviridae,SH-B,2057933,Torque teno mini virus SHC,2812,blood,0,2,56,Betatorquevirus,KY462758.1,KY462758.1_1,653,2,Betatorquevirus
KY462757.1,Torque teno mini virus SHC,Betatorquevirus,Anelloviridae,SHC01,2057933,Torque teno mini virus SHC,2813,blood,0,2,23,Betatorquevirus,KY462757.1,KY462757.1_1,559,2,Betatorquevirus
KX810064.1,TTV-like mini virus,Betatorquevirus,Anelloviridae,Emory2,93678,TTV-like mini virus,2938,brain_tumor,189,416,615,Betatorquevirus,KX810064.1,KX810064.1_1,676,18,Betatorquevirus
KU243129.1,TTV-like mini virus,Betatorquevirus,Anelloviridae,TTMV-204,93678,TTV-like mini virus,2824,"",111,109,1916,Betatorquevirus,KU243129.1,KU243129.1_1,646,2,Betatorquevirus
KU041847.1,Betatorquevirus homini18,Betatorquevirus,Anelloviridae,222,1859149,Torque teno mini virus 18,2803,oronasopharynx,39,52,464,Betatorquevirus,KU041847.1,KU041847.1_1,646,2,Betatorquevirus
KP343864.1,Torque teno virus,Unclassified,Anelloviridae,S97,68887,Torque teno virus,3016,"",95,405,957,Betatorquevirus,KP343864.1,KP343864.1_1,664,17,Betatorquevirus
KP343862.1,Torque teno virus,Unclassified,Anelloviridae,S95,68887,Torque teno virus,3027,"",1,110,951,Betatorquevirus,KP343862.1,KP343862.1_1,677,10,Betatorquevirus
KP343860.1,Torque teno virus,Unclassified,Anelloviridae,S93,68887,Torque teno virus,3069,"",1,110,926,Betatorquevirus,KP343860.1,KP343860.1_1,454,10,Betatorquevirus
KP343859.1,Torque teno virus,Unclassified,Anelloviridae,S92,68887,Torque teno virus,2016,"",37,706,2268,Betatorquevirus,KP343859.1,"",0,,
KP343858.1,Torque teno virus,Unclassified,Anelloviridae,S91,68887,Torque teno virus,2941,"",82,378,1151,Betatorquevirus,KP343858.1,KP343858.1_1,631,19,Betatorquevirus
KP343857.1,Torque teno virus,Unclassified,Anelloviridae,S90,68887,Torque teno virus,2118,"",104,89,2262,Betatorquevirus,KP343857.1,KP343857.1_1,488,21,Betatorquevirus
KP343856.1,Torque teno virus,Unclassified,Anelloviridae,S89,68887,Torque teno virus,2646,"",61,275,2168,Betatorquevirus,KP343856.1,KP343856.1_1,647,21,Betatorquevirus
KP343854.1,Torque teno virus,Unclassified,Anelloviridae,S87,68887,Torque teno virus,2977,"",5,224,1033,Betatorquevirus,KP343854.1,KP343854.1_1,691,15,Betatorquevirus
KP343853.1,Torque teno virus,Unclassified,Anelloviridae,S86,68887,Torque teno virus,2908,"",43,555,1339,Betatorquevirus,KP343853.1,KP343853.1_1,668,24,Betatorquevirus
KP343852.1,Torque teno virus,Unclassified,Anelloviridae,S85,68887,Torque teno virus,2359,"",352,1025,2244,Unclassified,KP343852.1,KP343852.1_1,674,25,Betatorquevirus
KP343851.1,Torque teno virus,Unclassified,Anelloviridae,S84,68887,Torque teno virus,2912,"",43,501,1305,Betatorquevirus,KP343851.1,KP343851.1_1,667,24,Betatorquevirus
KP343850.1,Torque teno virus,Unclassified,Anelloviridae,S83,68887,Torque teno virus,2924,"",9,69,1232,Betatorquevirus,KP343850.1,KP343850.1_1,659,24,Betatorquevirus
KP343849.1,Torque teno virus,Unclassified,Anelloviridae,S82,68887,Torque teno virus,2644,"",43,200,2170,Betatorquevirus,KP343849.1,KP343849.1_1,664,24,Betatorquevirus
KP343848.1,Torque teno virus,Unclassified,Anelloviridae,S81,68887,Torque teno virus,2833,"",43,260,1868,Betatorquevirus,KP343848.1,KP343848.1_1,663,24,Betatorquevirus
KP343847.1,Torque teno virus,Unclassified,Anelloviridae,S80,68887,Torque teno virus,2981,"",0,3,1023,Betatorquevirus,KP343847.1,KP343847.1_1,663,2,Betatorquevirus
KP343846.1,Torque teno virus,Unclassified,Anelloviridae,S79,68887,Torque teno virus,3045,"",103,368,938,Unclassified,KP343846.1,KP343846.1_1,756,29,Alphatorquevirus
KP343845.1,Torque teno virus,Unclassified,Anelloviridae,S78,68887,Torque teno virus,3683,"",25,8,732,Alphatorquevirus,KP343845.1,KP343845.1_1,763,30,Alphatorquevirus
KP343844.1,Torque teno virus,Unclassified,Anelloviridae,S77,68887,Torque teno virus,2984,"",174,534,1015,Unclassified,KP343844.1,KP343844.1_1,744,31,Alphatorquevirus
KP343843.1,Torque teno virus,Unclassified,Anelloviridae,S76,68887,Torque teno virus,3033,"",32,495,946,Alphatorquevirus,KP343843.1,KP343843.1_1,756,31,Alphatorquevirus
KP343842.1,Torque teno virus,Unclassified,Anelloviridae,S75,68887,Torque teno virus,3357,"",24,724,799,Unclassified,KP343842.1,KP343842.1_1,824,29,Alphatorquevirus
KP343841.1,Torque teno virus,Unclassified,Anelloviridae,S74,68887,Torque teno virus,3278,"",248,740,808,Unclassified,KP343841.1,KP343841.1_1,770,29,Alphatorquevirus
KP343840.1,Torque teno virus,Unclassified,Anelloviridae,S73,68887,Torque teno virus,3072,"",20,85,922,Alphatorquevirus,KP343840.1,KP343840.1_1,786,29,Alphatorquevirus
KP343839.1,Torque teno virus,Unclassified,Anelloviridae,S72,68887,Torque teno virus,3551,"",14,145,763,Alphatorquevirus,KP343839.1,KP343839.1_1,661,32,Alphatorquevirus
KP343838.1,Torque teno virus,Unclassified,Anelloviridae,S71,68887,Torque teno virus,3484,"",24,44,784,Unclassified,KP343838.1,KP343838.1_1,756,29,Alphatorquevirus
KP343837.1,Torque teno virus,Unclassified,Anelloviridae,S70,68887,Torque teno virus,3839,"",32,727,679,Alphatorquevirus,KP343837.1,KP343837.1_1,742,31,Alphatorquevirus
KP343836.1,Torque teno virus,Unclassified,Anelloviridae,S69,68887,Torque teno virus,1497,"",110,354,2288,Betatorquevirus,KP343836.1,KP343836.1_1,391,7,Betatorquevirus
KP343835.1,Torque teno virus,Unclassified,Anelloviridae,S68,68887,Torque teno virus,2816,"",130,42,1958,Betatorquevirus,KP343835.1,KP343835.1_1,379,7,Betatorquevirus
KP343834.1,Torque teno virus,Unclassified,Anelloviridae,S67,68887,Torque teno virus,2976,"",128,582,1036,Betatorquevirus,KP343834.1,KP343834.1_1,707,7,Betatorquevirus
KP343833.1,Torque teno virus,Unclassified,Anelloviridae,S66,68887,Torque teno virus,3558,"",4,733,760,Betatorquevirus,KP343833.1,KP343833.1_1,675,10,Betatorquevirus
KP343832.1,Torque teno virus,Unclassified,Anelloviridae,S65,68887,Torque teno virus,2765,"",197,993,2120,Betatorquevirus,KP343832.1,KP343832.1_1,660,5,Betatorquevirus
KP343831.1,Torque teno virus,Unclassified,Anelloviridae,S64,68887,Torque teno virus,1241,"",184,1043,2289,Betatorquevirus,KP343831.1,"",0,,
KP343830.1,Torque teno virus,Unclassified,Anelloviridae,S63,68887,Torque teno virus,2905,"",43,501,1354,Betatorquevirus,KP343830.1,KP343830.1_1,666,24,Betatorquevirus
KP343829.1,Torque teno virus,Unclassified,Anelloviridae,S62,68887,Torque teno virus,2930,"",199,490,1206,Betatorquevirus,KP343829.1,KP343829.1_1,666,24,Betatorquevirus
KP343828.1,Torque teno virus,Unclassified,Anelloviridae,S61,68887,Torque teno virus,1141,"",254,1044,2290,Unclassified,KP343828.1,"",0,,
KP343827.1,Torque teno virus,Unclassified,Anelloviridae,S60,68887,Torque teno virus,2662,"",158,1002,2165,Gammatorquevirus,KP343827.1,KP343827.1_1,659,1,Gammatorquevirus
KP343826.1,Torque teno virus,Unclassified,Anelloviridae,S59,68887,Torque teno virus,2541,"",123,506,2214,Gammatorquevirus,KP343826.1,KP343826.1_1,654,1,Gammatorquevirus
KP343825.1,Torque teno virus,Unclassified,Anelloviridae,S58,68887,Torque teno virus,2640,"",123,1006,2175,Gammatorquevirus,KP343825.1,KP343825.1_1,657,1,Gammatorquevirus
KP343824.1,Torque teno virus,Unclassified,Anelloviridae,S57,68887,Torque teno virus,2794,"",75,983,2055,Gammatorquevirus,KP343824.1,KP343824.1_1,479,39,Gammatorquevirus
KP343823.1,Torque teno virus,Unclassified,Anelloviridae,S56,68887,Torque teno virus,2451,"",213,345,2239,Unclassified,KP343823.1,"",0,,
KP343822.1,Torque teno virus,Unclassified,Anelloviridae,S55,68887,Torque teno virus,2537,"",322,1013,2217,Unclassified,KP343822.1,KP343822.1_1,482,39,Gammatorquevirus
KP343821.1,Torque teno virus,Unclassified,Anelloviridae,S54,68887,Torque teno virus,2686,"",332,1000,2158,Unclassified,KP343821.1,KP343821.1_1,659,37,Unclassified
KP343820.1,Torque teno virus,Unclassified,Anelloviridae,S53,68887,Torque teno virus,3162,"",154,766,889,Samektorquevirus,KP343820.1,KP343820.1_1,661,34,Samektorquevirus
KP343819.1,Torque teno virus,Unclassified,Anelloviridae,S44a,68887,Torque teno virus,2936,"",146,256,1178,Betatorquevirus,KP343819.1,KP343819.1_1,677,23,Betatorquevirus
KP343818.1,Torque teno virus,Unclassified,Anelloviridae,S41a,68887,Torque teno virus,2988,"",17,246,68,Betatorquevirus,KP343818.1,KP343818.1_1,667,7,Betatorquevirus
KP036971.1,Torque teno virus,Unclassified,Anelloviridae,TTV-2013,68887,Torque teno virus,3599,blood,74,263,753,Alphatorquevirus,KP036971.1,KP036971.1_1,642,32,Alphatorquevirus
KM593802.2,SEN virus,Unclassified,Anelloviridae,"",136966,SEN virus,3840,"",24,9,311,Unclassified,KM593802.2,KM593802.2_1,765,29,Alphatorquevirus
KM259874.1,Betatorquevirus homini16,Betatorquevirus,Anelloviridae,TTMV-ALH8,1535291,Torque teno mini virus ALH8,2855,oronasopharynx,19,24,513,Betatorquevirus,KM259874.1,KM259874.1_1,656,16,Betatorquevirus
KM259873.1,Betatorquevirus homini27,Betatorquevirus,Anelloviridae,TTMV-ALA22,1535290,Torque teno mini virus ALA22,2914,oronasopharynx,17,42,387,Betatorquevirus,KM259873.1,KM259873.1_1,674,7,Betatorquevirus
KJ194503.1,Torque teno virus,Unclassified,Anelloviridae,TTV_Amsterdam_1994,68887,Torque teno virus,3451,"",377,736,789,Unclassified,KJ194503.1,KJ194503.1_1,735,31,Alphatorquevirus
KJ194502.1,Torque teno virus,Unclassified,Anelloviridae,TTV_Amsterdam_1995,68887,Torque teno virus,3793,"",20,198,696,Alphatorquevirus,KJ194502.1,KJ194502.1_1,779,29,Alphatorquevirus
KF764701.1,TTV-like mini virus,Betatorquevirus,Anelloviridae,D11,93678,TTV-like mini virus,2853,blood,5,277,256,Betatorquevirus,KF764701.1,KF764701.1_1,662,15,Betatorquevirus
KF294862.1,Gyrovirus homsa2,Gyrovirus,Anelloviridae,"",1415628,Gyrovirus Tu789,2282,feces,299,665,594,Gyrovirus,KF294862.1,KF294862.1_1,453,26,Gyrovirus
KF294861.1,Gyrovirus homsa4,Gyrovirus,Anelloviridae,"",1415627,Gyrovirus Tu243,2020,feces,301,663,591,Gyrovirus,KF294861.1,KF294861.1_1,356,26,Gyrovirus
JX310702.1,Gyrovirus homsa3,Gyrovirus,Anelloviridae,"",1214955,Gyrovirus 4,2034,"",300,664,592,Gyrovirus,JX310702.1,JX310702.1_1,352,26,Gyrovirus
JX134046.1,TTV-like mini virus,Betatorquevirus,Anelloviridae,TTMV_LY3,93678,TTV-like mini virus,2915,"",12,115,209,Betatorquevirus,JX134046.1,JX134046.1_1,658,4,Betatorquevirus
JX134045.1,TTV-like mini virus,Betatorquevirus,Anelloviridae,TTMV_LY2,93678,TTV-like mini virus,2979,"",6,117,1027,Betatorquevirus,JX134045.1,JX134045.1_1,666,11,Betatorquevirus
JX134044.1,TTV-like mini virus,Betatorquevirus,Anelloviridae,TTMV_LY1,93678,TTV-like mini virus,2912,"",2,134,474,Betatorquevirus,JX134044.1,JX134044.1_1,672,16,Betatorquevirus
JQ690763.1,Gyrovirus galga1,Gyrovirus,Anelloviridae,"",1002273,Avian gyrovirus 2,2375,"",380,1024,2242,Gyrovirus,JQ690763.1,JQ690763.1_1,460,26,Gyrovirus
JQ690762.1,Gyrovirus chickenanemia,Gyrovirus,Anelloviridae,"",12618,Chicken anemia virus,2316,"",381,1026,2246,Gyrovirus,JQ690762.1,JQ690762.1_1,449,26,Gyrovirus
JQ308210.1,Gyrovirus homsa1,Gyrovirus,Anelloviridae,"",1163715,Gyrovirus GyV3,2359,feces,298,646,532,Gyrovirus,JQ308210.1,JQ308210.1_1,463,26,Gyrovirus
JN980171.1,Torque teno virus,Unclassified,Anelloviridae,TPK01,68887,Torque teno virus,3603,"",72,554,751,Alphatorquevirus,JN980171.1,JN980171.1_1,368,31,Alphatorquevirus
HM224451.1,Torque teno virus,Unclassified,Anelloviridae,L1984,68887,Torque teno virus,3234,feces,73,199,824,Alphatorquevirus,HM224451.1,HM224451.1_1,750,29,Alphatorquevirus
GU797360.1,Alphatorquevirus homin10,Alphatorquevirus,Anelloviridae,BIS8-17,687349,Torque teno virus 10,3767,blood,32,498,706,Alphatorquevirus,GU797360.1,GU797360.1_1,744,31,Alphatorquevirus
AY823989.1,Torque teno virus,Unclassified,Anelloviridae,3h,68887,Torque teno virus,3920,"",20,198,668,Alphatorquevirus,AY823989.1,AY823989.1_1,776,29,Alphatorquevirus
AY823988.1,Torque teno virus,Unclassified,Anelloviridae,2h,68887,Torque teno virus,3816,"",245,536,685,Unclassified,AY823988.1,AY823988.1_1,747,29,Alphatorquevirus
AY622909.1,Small anellovirus,Unclassified,Anelloviridae,"",289367,Small anellovirus 2,2635,"",93,371,547,Gammatorquevirus,AY622909.1,AY622909.1_1,502,39,Gammatorquevirus
AF291073.1,Betatorquevirus homini8,Betatorquevirus,Anelloviridae,PB4TL,687376,Torque teno mini virus 8,2910,"",128,248,85,Betatorquevirus,AF291073.1,AF291073.1_1,675,7,Betatorquevirus
AB303566.1,Gammatorquevirus homidi14,Gammatorquevirus,Anelloviridae,MDJN97,2065055,Torque teno midi virus 14,3223,blood,75,276,836,Gammatorquevirus,AB303566.1,AB303566.1_1,667,39,Gammatorquevirus
AB303565.1,Torque teno midi virus,Unclassified,Anelloviridae,MDJN91,432261,Torque teno midi virus,3183,blood,158,761,870,Gammatorquevirus,AB303565.1,AB303565.1_1,662,1,Gammatorquevirus
AB303564.1,Gammatorquevirus homidi13,Gammatorquevirus,Anelloviridae,MDJN69,2065054,Torque teno midi virus 13,3230,blood,155,587,825,Gammatorquevirus,AB303564.1,AB303564.1_1,670,39,Gammatorquevirus
AB303563.1,Torque teno midi virus,Unclassified,Anelloviridae,MDJN52,432261,Torque teno midi virus,3200,blood,122,754,856,Gammatorquevirus,AB303563.1,AB303563.1_1,668,40,Gammatorquevirus
AB303562.1,Gammatorquevirus homidi12,Gammatorquevirus,Anelloviridae,MDJN51,2065053,Torque teno midi virus 12,3187,blood,177,559,864,Gammatorquevirus,AB303562.1,AB303562.1_1,664,39,Gammatorquevirus
AB303561.1,Gammatorquevirus homidi11,Gammatorquevirus,Anelloviridae,MDJN47,2065052,Torque teno midi virus 11,3198,blood,176,591,286,Gammatorquevirus,AB303561.1,AB303561.1_1,664,38,Gammatorquevirus
AB303560.1,Gammatorquevirus homidi10,Gammatorquevirus,Anelloviridae,MDJN14,2065051,Torque teno midi virus 10,3175,blood,158,348,317,Gammatorquevirus,AB303560.1,AB303560.1_1,663,1,Gammatorquevirus
AB303559.1,Gammatorquevirus homidi9,Gammatorquevirus,Anelloviridae,MDJN2,2065050,Torque teno midi virus 9,3187,blood,258,598,312,Gammatorquevirus,AB303559.1,AB303559.1_1,658,38,Gammatorquevirus
AB303558.1,Gammatorquevirus homidi8,Gammatorquevirus,Anelloviridae,MDJN1,2065049,Torque teno midi virus 8,3223,blood,65,340,835,Gammatorquevirus,AB303558.1,AB303558.1_1,669,1,Gammatorquevirus
AB303557.1,Torque teno midi virus,Unclassified,Anelloviridae,MDJHem8-2,432261,Torque teno midi virus,3204,blood,112,383,854,Gammatorquevirus,AB303557.1,AB303557.1_1,664,1,Gammatorquevirus
AB303556.1,Torque teno midi virus,Unclassified,Anelloviridae,MDJHem8-1,432261,Torque teno midi virus,3200,blood,112,753,855,Gammatorquevirus,AB303556.1,AB303556.1_1,665,1,Gammatorquevirus
AB303555.1,Torque teno midi virus,Unclassified,Anelloviridae,MDJHem5,432261,Torque teno midi virus,3205,blood,207,751,852,Unclassified,AB303555.1,AB303555.1_1,669,1,Gammatorquevirus
AB303554.1,Gammatorquevirus homidi7,Gammatorquevirus,Anelloviridae,MDJHem3-2,2065048,Torque teno midi virus 7,3197,blood,75,618,417,Gammatorquevirus,AB303554.1,AB303554.1_1,664,39,Gammatorquevirus
AB303553.1,Gammatorquevirus homidi6,Gammatorquevirus,Anelloviridae,MDJHem3-1,2065047,Torque teno midi virus 6,3198,blood,122,594,301,Gammatorquevirus,AB303553.1,AB303553.1_1,666,40,Gammatorquevirus
AB303552.1,Gammatorquevirus homidi5,Gammatorquevirus,Anelloviridae,MDJHem2,2065046,Torque teno midi virus 5,3208,blood,112,383,849,Gammatorquevirus,AB303552.1,AB303552.1_1,664,1,Gammatorquevirus
AB290919.1,Gammatorquevirus homidi2,Gammatorquevirus,Anelloviridae,MD2-013,687380,Torque teno midi virus 2,3253,blood,93,370,357,Gammatorquevirus,AB290919.1,AB290919.1_1,677,39,Gammatorquevirus
AB290918.1,Gammatorquevirus homidi1,Gammatorquevirus,Anelloviridae,MD1-073,687379,Torque teno midi virus 1,3242,blood,121,185,819,Gammatorquevirus,AB290918.1,AB290918.1_1,673,1,Gammatorquevirus
AB290917.1,Gammatorquevirus homidi1,Gammatorquevirus,Anelloviridae,MD1-032,687379,Torque teno midi virus 1,3245,blood,121,185,291,Gammatorquevirus,AB290917.1,AB290917.1_1,673,1,Gammatorquevirus
AB041962.1,Betatorquevirus homini5,Betatorquevirus,Anelloviridae,TGP96,687373,Torque teno mini virus 5,2908,"",6,19,445,Betatorquevirus,AB041962.1,AB041962.1_1,671,11,Betatorquevirus
AB026931.1,Betatorquevirus homini1,Betatorquevirus,Anelloviridae,TLMV-CBD279,687369,Torque teno mini virus 1,2856,"",0,82,604,Betatorquevirus,AB026931.1,AB026931.1_1,662,2,Betatorquevirus
AB026930.1,TTV-like mini virus,Betatorquevirus,Anelloviridae,TLMV-CBD231,93678,TTV-like mini virus,2860,"",0,82,1698,Betatorquevirus,AB026930.1,AB026930.1_1,663,2,Betatorquevirus
AB026929.1,Betatorquevirus homini6,Betatorquevirus,Anelloviridae,TLMV-CBD203,687374,Torque teno mini virus 6,2897,"",197,379,609,Betatorquevirus,AB026929.1,AB026929.1_1,656,5,Betatorquevirus
